Product_Name,Category,bs_year,bs_month,month_idx,month_name,Volume,Min_Price,Max_Price,Avg_Price,Unit,unit_canonical,unit_changed,Total_Amount,Volume_Equals,TOTAL_sources,reconciliation_gap,import_share,n_months_present,is_balanced,Baglung,Bara,Beni,Bhutan,Birgunj,China,Dang,Dhading,Gorkha,Hetauda,India,Jhapa,Kathmandu,Kevray,Lahan,Lamjung,Local,Marpha,Mugu,Mustang,Myagdi,Narayangadh,Nawalparasi,Nuwakot,Palpa,Parbat,Rolpa,Rukum,Rupandehi,Salyan,Sarlahi,Sindhuli,Sunsari,Syangja,Tanahu,Avg_Price_lag1,Avg_Price_lag2,Avg_Price_roll3_mean,Avg_Price_roll3_std,Min_Price_lag1,Min_Price_lag2,Min_Price_roll3_mean,Min_Price_roll3_std,Max_Price_lag1,Max_Price_lag2,Max_Price_roll3_mean,Max_Price_roll3_std,price_spread,price_spread_ratio,Volume_lag1,TOTAL_sources_lag1,volume_change_ratio,sin_month,cos_month,total_imports,import_ratio,ktm_supply_share
Akabary_Chilly,vegetable,2082,9,6,poush,880,400.0,600.0,500.0,kg,kg,False,440000.0,True,880,0,0.0,5,False,0,0,0,0,0,0,0,0,240,0,0,0,0,0,0,0,0,0,0,0,0,640,0,0,0,0,0,0,0,0,0,0,0,0,0,,,,,,,,,,,,,200.0,0.4,,,,-0.587785252292473,-0.8090169943749475,0,0.0,0.0
Akabary_Chilly,vegetable,2082,10,7,magh,540,300.0,900.0,628.57,kg,kg,False,339427.8,True,540,0,0.0,5,False,0,0,0,0,0,0,0,0,540,0,0,0,0,0,0,0,0,0,0,0,0,0,0,0,0,0,0,0,0,0,0,0,0,0,0,500.0,,500.0,,400.0,,400.0,,600.0,,600.0,,600.0,0.9545476239718725,880.0,880.0,-0.38636363636363635,-0.9510565162951535,-0.30901699437494756,0,0.0,0.0
Akabary_Chilly,vegetable,2082,11,8,falgun,0,300.0,800.0,555.56,kg,kg,False,0.0,True,0,0,,5,False,0,0,0,0,0,0,0,0,0,0,0,0,0,0,0,0,0,0,0,0,0,0,0,0,0,0,0,0,0,0,0,0,0,0,0,628.57,500.0,564.2850000000001,90.9127188571544,300.0,400.0,350.0,70.71067811865476,900.0,600.0,750.0,212.13203435596427,500.0,0.8999928000575996,540.0,540.0,-1.0,-0.9510565162951536,0.30901699437494723,0,0.0,0.0
Akabary_Chilly,vegetable,2082,12,9,chaitra,5920,300.0,500.0,439.77,kg,kg,False,2603438.4,True,5920,0,0.8885135135135135,5,False,0,0,0,0,0,0,0,0,0,0,5260,0,0,0,0,0,0,0,0,0,0,660,0,0,0,0,0,0,0,0,0,0,0,0,0,555.56,628.57,561.3766666666667,64.48206288056652,300.0,300.0,333.3333333333333,57.735026918962575,800.0,900.0,766.6666666666666,152.75252316519467,200.0,0.4547831821179253,0.0,0.0,,-0.5877852522924732,0.8090169943749473,5260,0.8885135135135135,0.0
Akabary_Chilly,vegetable,2083,1,10,baishakh,13770,400.0,500.0,450.0,kg,kg,False,6196500.0,True,13770,0,0.2883079157588961,5,False,0,0,0,0,0,0,0,0,0,0,3970,0,0,0,0,1230,0,0,0,0,0,8570,0,0,0,0,0,0,0,0,0,0,0,0,0,439.77,555.56,541.3000000000001,95.20436282019857,300.0,300.0,300.0,0.0,500.0,800.0,733.3333333333334,208.1665999466133,100.0,0.2222222222222222,5920.0,5920.0,1.3260135135135136,-2.4492935982947064e-16,1.0,3970,0.28830791575889614,0.0
Amala,fruit,2082,5,2,bhadra,7190,,,120.0,kg,kg,False,862800.0,True,7190,0,1.0,9,False,0,0,0,0,0,0,0,0,0,0,7190,0,0,0,0,0,0,0,0,0,0,0,0,0,0,0,0,0,0,0,0,0,0,0,0,,,,,,,,,,,,,,,,,,0.9510565162951535,0.30901699437494745,7190,1.0,0.0
Amala,fruit,2082,6,3,ashwin,21565,100.0,120.0,111.25,kg,kg,False,2399106.25,True,21565,0,0.8710874101553443,9,False,0,0,0,0,0,0,0,2780,0,0,18785,0,0,0,0,0,0,0,0,0,0,0,0,0,0,0,0,0,0,0,0,0,0,0,0,120.0,,120.0,,,,,,,,,,20.0,0.1797752808988764,7190.0,7190.0,1.9993045897079276,0.9510565162951536,-0.30901699437494734,18785,0.8710874101553443,0.0
Amala,fruit,2082,7,4,kartik,20415,100.0,120.0,110.0,kg,kg,False,2245650.0,True,20415,0,0.843252510409013,9,False,0,0,0,0,0,0,0,2510,510,0,17215,0,0,0,0,0,0,0,0,0,0,180,0,0,0,0,0,0,0,0,0,0,0,0,0,111.25,120.0,115.625,6.187184335382291,100.0,,100.0,,120.0,,120.0,,20.0,0.18181818181818182,21565.0,21565.0,-0.053327150475307214,0.5877852522924732,-0.8090169943749473,17215,0.843252510409013,0.0
Amala,fruit,2082,8,5,mangsir,24940,100.0,120.0,110.0,kg,kg,False,2743400.0,True,24940,0,0.9085805934242182,9,False,0,0,0,0,0,0,0,1380,900,0,22660,0,0,0,0,0,0,0,0,0,0,0,0,0,0,0,0,0,0,0,0,0,0,0,0,110.0,111.25,113.75,5.448623679425842,100.0,100.0,100.0,0.0,120.0,120.0,120.0,0.0,20.0,0.18181818181818182,20415.0,20415.0,0.2216507469997551,1.2246467991473532e-16,-1.0,22660,0.9085805934242182,0.0
Amala,fruit,2082,9,6,poush,29125,80.0,100.0,90.0,kg,kg,False,2621250.0,True,29125,0,0.9848927038626608,9,False,0,0,0,0,0,0,0,0,440,0,28685,0,0,0,0,0,0,0,0,0,0,0,0,0,0,0,0,0,0,0,0,0,0,0,0,110.0,110.0,110.41666666666667,0.7216878364870333,100.0,100.0,100.0,0.0,120.0,120.0,120.0,0.0,20.0,0.2222222222222222,24940.0,24940.0,0.1678027265437049,-0.587785252292473,-0.8090169943749475,28685,0.9848927038626609,0.0
Amala,fruit,2082,10,7,magh,15550,80.0,150.0,93.14,kg,kg,False,1448327.0,True,15550,0,0.9864951768488746,9,False,0,0,0,0,0,0,0,0,210,0,15340,0,0,0,0,0,0,0,0,0,0,0,0,0,0,0,0,0,0,0,0,0,0,0,0,90.0,110.0,103.33333333333333,11.547005383792513,80.0,100.0,93.33333333333333,11.547005383792513,100.0,120.0,113.33333333333333,11.547005383792513,70.0,0.751556796220743,29125.0,29125.0,-0.4660944206008584,-0.9510565162951535,-0.30901699437494756,15340,0.9864951768488746,0.0
Amala,fruit,2082,11,8,falgun,12730,80.0,150.0,96.11,kg,kg,False,1223480.3,True,12730,0,1.0,9,False,0,0,0,0,0,0,0,0,0,0,12730,0,0,0,0,0,0,0,0,0,0,0,0,0,0,0,0,0,0,0,0,0,0,0,0,93.14,90.0,97.71333333333332,10.7557674451121,80.0,80.0,86.66666666666667,11.547005383792513,150.0,100.0,123.33333333333333,25.166114784235834,70.0,0.7283321194464676,15550.0,15550.0,-0.18135048231511253,-0.9510565162951536,0.30901699437494723,12730,1.0,0.0
Amala,fruit,2082,12,9,chaitra,5010,80.0,150.0,135.0,kg,kg,False,676350.0,True,5010,0,1.0,9,False,0,0,0,0,0,0,0,0,0,0,5010,0,0,0,0,0,0,0,0,0,0,0,0,0,0,0,0,0,0,0,0,0,0,0,0,96.11,93.14,93.08333333333333,3.0553941371504476,80.0,80.0,80.0,0.0,150.0,150.0,133.33333333333334,28.867513459481287,70.0,0.5185185185185185,12730.0,12730.0,-0.6064414768263944,-0.5877852522924732,0.8090169943749473,5010,1.0,0.0
Amala,fruit,2083,1,10,baishakh,0,140.0,150.0,145.0,kg,kg,False,0.0,True,0,0,,9,False,0,0,0,0,0,0,0,0,0,0,0,0,0,0,0,0,0,0,0,0,0,0,0,0,0,0,0,0,0,0,0,0,0,0,0,135.0,96.11,108.08333333333333,23.35777029883916,80.0,80.0,80.0,0.0,150.0,150.0,150.0,0.0,10.0,0.06896551724137931,5010.0,5010.0,-1.0,-2.4492935982947064e-16,1.0,0,0.0,0.0
Apple,fruit,2082,4,1,shrawan,679675,130.0,330.0,192.4,kg,kg,False,130769470.0,True,679675,0,0.9747232133004744,10,True,0,0,0,0,0,303995,0,0,0,0,358500,0,0,0,0,0,0,0,17180,0,0,0,0,0,0,0,0,0,0,0,0,0,0,0,0,,,,,,,,,,,,,200.0,1.0395010395010396,,,,0.5877852522924731,0.8090169943749475,662495,0.9747232133004745,0.0
Apple,fruit,2082,5,2,bhadra,559832,130.0,330.0,289.86,kg,kg,False,162272903.5,False,531622,28210,0.9063620391932614,10,True,0,0,0,0,0,166030,0,0,0,0,315812,0,0,0,0,0,0,0,16180,33600,0,0,0,0,0,0,0,0,0,0,0,0,0,0,0,192.4,,192.4,,130.0,,130.0,,330.0,,330.0,,200.0,0.6899882701994066,679675.0,679675.0,-0.17632397837201605,0.9510565162951535,0.30901699437494745,481842,0.9063620391932614,0.0
Apple,fruit,2082,6,3,ashwin,681942,130.0,330.0,237.81,kg,kg,False,161492490.4,False,679082,2860,0.3219051602015662,10,True,0,0,0,0,0,168330,0,0,0,0,50270,0,0,0,0,0,0,0,0,460482,0,0,0,0,0,0,0,0,0,0,0,0,0,0,0,289.86,192.4,241.13,68.91462689444094,130.0,130.0,130.0,0.0,330.0,330.0,330.0,0.0,200.0,0.8410075270173668,559832.0,531622.0,0.21811900713071064,0.9510565162951536,-0.30901699437494734,218600,0.32190516020156623,0.0
Apple,fruit,2082,7,4,kartik,221694,180.0,330.0,255.0,kg,kg,False,56531970.0,True,221694,0,0.7927593890678142,10,True,0,0,0,0,0,175750,0,0,0,0,0,0,0,0,0,0,0,45944,0,0,0,0,0,0,0,0,0,0,0,0,0,0,0,0,0,237.81,289.86,240.0233333333333,48.76768431382953,130.0,130.0,130.0,0.0,330.0,330.0,330.0,0.0,150.0,0.5882352941176471,681942.0,679082.0,-0.6749078367368486,0.5877852522924732,-0.8090169943749473,175750,0.7927593890678142,0.0
Apple,fruit,2082,8,5,mangsir,228700,180.0,330.0,255.0,kg,kg,False,58318500.0,True,228700,0,1.0,10,True,0,0,0,0,0,226900,0,0,0,0,1800,0,0,0,0,0,0,0,0,0,0,0,0,0,0,0,0,0,0,0,0,0,0,0,0,255.0,237.81,260.89000000000004,26.520175338786895,180.0,130.0,146.66666666666666,28.867513459481295,330.0,330.0,330.0,0.0,150.0,0.5882352941176471,221694.0,221694.0,0.031602118235044704,1.2246467991473532e-16,-1.0,228700,1.0,0.0
Apple,fruit,2082,9,6,poush,226805,180.0,330.0,255.0,kg,kg,False,57835275.0,True,226805,0,1.0,10,True,0,0,0,0,0,220900,0,0,0,0,5905,0,0,0,0,0,0,0,0,0,0,0,0,0,0,0,0,0,0,0,0,0,0,0,0,255.0,255.0,249.26999999999998,9.924651127369746,180.0,180.0,163.33333333333334,28.867513459481295,330.0,330.0,330.0,0.0,150.0,0.5882352941176471,228700.0,228700.0,-0.008285964145168342,-0.587785252292473,-0.8090169943749475,226805,1.0,0.0
Apple,fruit,2082,10,7,magh,185455,225.0,330.0,255.0,kg,kg,False,47291025.0,True,185455,0,1.0,10,True,0,0,0,0,0,185455,0,0,0,0,0,0,0,0,0,0,0,0,0,0,0,0,0,0,0,0,0,0,0,0,0,0,0,0,0,255.0,255.0,255.0,0.0,180.0,180.0,180.0,0.0,330.0,330.0,330.0,0.0,105.0,0.4117647058823529,226805.0,226805.0,-0.1823152046912546,-0.9510565162951535,-0.30901699437494756,185455,1.0,0.0
Apple,fruit,2082,11,8,falgun,221540,225.0,330.0,255.0,kg,kg,False,56492700.0,True,221540,0,1.0,10,True,0,0,0,0,0,221540,0,0,0,0,0,0,0,0,0,0,0,0,0,0,0,0,0,0,0,0,0,0,0,0,0,0,0,0,0,255.0,255.0,255.0,0.0,225.0,180.0,195.0,25.98076211353316,330.0,330.0,330.0,0.0,105.0,0.4117647058823529,185455.0,185455.0,0.194575503491413,-0.9510565162951536,0.30901699437494723,221540,1.0,0.0
Apple,fruit,2082,12,9,chaitra,309170,225.0,330.0,255.0,kg,kg,False,78838350.0,True,309170,0,1.0,10,True,0,0,0,0,0,295920,0,0,0,0,13250,0,0,0,0,0,0,0,0,0,0,0,0,0,0,0,0,0,0,0,0,0,0,0,0,255.0,255.0,255.0,0.0,225.0,225.0,210.0,25.98076211353316,330.0,330.0,330.0,0.0,105.0,0.4117647058823529,221540.0,221540.0,0.3955493364629412,-0.5877852522924732,0.8090169943749473,309170,1.0,0.0
Apple,fruit,2083,1,10,baishakh,326790,225.0,350.0,266.3,kg,kg,False,87024177.0,True,326790,0,1.0,10,True,0,0,0,0,0,326790,0,0,0,0,0,0,0,0,0,0,0,0,0,0,0,0,0,0,0,0,0,0,0,0,0,0,0,0,0,255.0,255.0,255.0,0.0,225.0,225.0,225.0,0.0,330.0,330.0,330.0,0.0,125.0,0.46939541870071344,309170.0,309170.0,0.05699129928518291,-2.4492935982947064e-16,1.0,326790,1.0,0.0
Apple_Fuji,fruit,2082,4,1,shrawan,0,130.0,330.0,289.2,kg,kg,False,0.0,True,0,0,,7,False,0,0,0,0,0,0,0,0,0,0,0,0,0,0,0,0,0,0,0,0,0,0,0,0,0,0,0,0,0,0,0,0,0,0,0,,,,,,,,,,,,,200.0,0.6915629322268326,,,,0.5877852522924731,0.8090169943749475,0,0.0,0.0
Apple_Fuji,fruit,2082,6,3,ashwin,0,270.0,330.0,300.0,kg,kg,False,0.0,True,0,0,,7,False,0,0,0,0,0,0,0,0,0,0,0,0,0,0,0,0,0,0,0,0,0,0,0,0,0,0,0,0,0,0,0,0,0,0,0,289.2,,289.2,,130.0,,130.0,,330.0,,330.0,,60.0,0.2,0.0,0.0,,0.9510565162951536,-0.30901699437494734,0,0.0,0.0
Apple_Fuji,fruit,2082,8,5,mangsir,0,270.0,330.0,300.0,kg,kg,False,0.0,True,0,0,,7,False,0,0,0,0,0,0,0,0,0,0,0,0,0,0,0,0,0,0,0,0,0,0,0,0,0,0,0,0,0,0,0,0,0,0,0,300.0,289.2,294.6,7.636753236814701,270.0,130.0,200.0,98.99494936611666,330.0,330.0,330.0,0.0,60.0,0.2,0.0,0.0,,1.2246467991473532e-16,-1.0,0,0.0,0.0
Apple_Fuji,fruit,2082,10,7,magh,0,270.0,330.0,300.0,kg,kg,False,0.0,True,0,0,,7,False,0,0,0,0,0,0,0,0,0,0,0,0,0,0,0,0,0,0,0,0,0,0,0,0,0,0,0,0,0,0,0,0,0,0,0,300.0,300.0,296.40000000000003,6.23538290724794,270.0,270.0,223.33333333333334,80.82903768654761,330.0,330.0,330.0,0.0,60.0,0.2,0.0,0.0,,-0.9510565162951535,-0.30901699437494756,0,0.0,0.0
Apple_Fuji,fruit,2082,11,8,falgun,0,270.0,330.0,300.0,kg,kg,False,0.0,True,0,0,,7,False,0,0,0,0,0,0,0,0,0,0,0,0,0,0,0,0,0,0,0,0,0,0,0,0,0,0,0,0,0,0,0,0,0,0,0,300.0,300.0,300.0,0.0,270.0,270.0,270.0,0.0,330.0,330.0,330.0,0.0,60.0,0.2,0.0,0.0,,-0.9510565162951536,0.30901699437494723,0,0.0,0.0
Apple_Fuji,fruit,2082,12,9,chaitra,0,270.0,330.0,300.0,kg,kg,False,0.0,True,0,0,,7,False,0,0,0,0,0,0,0,0,0,0,0,0,0,0,0,0,0,0,0,0,0,0,0,0,0,0,0,0,0,0,0,0,0,0,0,300.0,300.0,300.0,0.0,270.0,270.0,270.0,0.0,330.0,330.0,330.0,0.0,60.0,0.2,0.0,0.0,,-0.5877852522924732,0.8090169943749473,0,0.0,0.0
Apple_Fuji,fruit,2083,1,10,baishakh,0,270.0,330.0,300.0,kg,kg,False,0.0,True,0,0,,7,False,0,0,0,0,0,0,0,0,0,0,0,0,0,0,0,0,0,0,0,0,0,0,0,0,0,0,0,0,0,0,0,0,0,0,0,300.0,300.0,300.0,0.0,270.0,270.0,270.0,0.0,330.0,330.0,330.0,0.0,60.0,0.2,0.0,0.0,,-2.4492935982947064e-16,1.0,0,0.0,0.0
Arum,vegetable,2082,4,1,shrawan,6009,100.0,120.0,110.0,kg,kg,False,660990.0,True,6009,0,0.6322183391579298,10,True,0,0,0,0,150,0,0,0,0,0,3799,0,0,0,0,0,0,0,0,0,0,0,0,0,0,0,0,0,0,0,2060,0,0,0,0,,,,,,,,,,,,,20.0,0.18181818181818182,,,,0.5877852522924731,0.8090169943749475,3799,0.6322183391579298,0.0
Arum,vegetable,2082,5,2,bhadra,9385,100.0,120.0,110.0,kg,kg,False,1032350.0,True,9385,0,0.8955780500799148,10,True,0,0,0,0,210,0,0,0,0,0,8405,0,0,0,0,0,240,0,0,0,0,0,0,0,0,0,0,0,0,0,530,0,0,0,0,110.0,,110.0,,100.0,,100.0,,120.0,,120.0,,20.0,0.18181818181818182,6009.0,6009.0,0.5618239307705108,0.9510565162951535,0.30901699437494745,8405,0.8955780500799148,0.0
Arum,vegetable,2082,6,3,ashwin,10750,60.0,80.0,70.0,kg,kg,False,752500.0,True,10750,0,0.6753488372093023,10,True,0,0,0,0,210,0,0,0,0,0,7260,0,0,0,0,0,3280,0,0,0,0,0,0,0,0,0,0,0,0,0,0,0,0,0,0,110.0,110.0,110.0,0.0,100.0,100.0,100.0,0.0,120.0,120.0,120.0,0.0,20.0,0.2857142857142857,9385.0,9385.0,0.14544485881726157,0.9510565162951536,-0.30901699437494734,7260,0.6753488372093023,0.0
Arum,vegetable,2082,7,4,kartik,42060,60.0,80.0,65.26,kg,kg,False,2744835.6,True,42060,0,0.1419400855920114,10,True,0,0,0,0,0,0,0,790,5790,0,5970,0,0,0,0,0,11630,0,0,0,0,15740,0,0,0,0,0,0,0,0,0,0,0,0,2140,70.0,110.0,96.66666666666667,23.094010767585033,60.0,100.0,86.66666666666667,23.094010767585033,80.0,120.0,106.66666666666667,23.094010767585033,20.0,0.30646644192460926,10750.0,10750.0,2.912558139534884,0.5877852522924732,-0.8090169943749473,5970,0.1419400855920114,0.0
Arum,vegetable,2082,8,5,mangsir,56424,60.0,80.0,73.95,kg,kg,False,4172554.8,True,56424,0,0.0,10,True,0,0,0,0,0,0,0,3780,6360,0,0,0,0,0,0,0,14580,0,0,0,0,12434,15120,2060,0,0,0,0,0,0,0,0,0,0,2090,65.26,70.0,81.75333333333333,24.57686988477852,60.0,60.0,73.33333333333333,23.094010767585033,80.0,80.0,93.33333333333333,23.094010767585033,20.0,0.2704530087897228,42060.0,42060.0,0.3415121255349501,1.2246467991473532e-16,-1.0,0,0.0,0.0
Arum,vegetable,2082,9,6,poush,40610,60.0,80.0,70.0,kg,kg,False,2842700.0,True,40610,0,0.0,10,True,0,0,0,0,0,0,0,2500,6505,520,0,0,0,0,0,0,17820,0,0,0,0,7745,2710,0,0,0,0,0,0,0,1120,0,0,0,1690,73.95,65.26,69.73666666666666,4.350980732356023,60.0,60.0,60.0,0.0,80.0,80.0,80.0,0.0,20.0,0.2857142857142857,56424.0,56424.0,-0.2802708067489012,-0.587785252292473,-0.8090169943749475,0,0.0,0.0
Arum,vegetable,2082,10,7,magh,6070,60.0,80.0,70.0,kg,kg,False,424900.0,True,6070,0,0.0,10,True,0,0,0,0,0,0,0,0,1500,0,0,0,0,0,0,0,4360,0,0,0,0,210,0,0,0,0,0,0,0,0,0,0,0,0,0,70.0,73.95,69.73666666666666,4.350980732356023,60.0,60.0,60.0,0.0,80.0,80.0,80.0,0.0,20.0,0.2857142857142857,40610.0,40610.0,-0.8505294262496922,-0.9510565162951535,-0.30901699437494756,0,0.0,0.0
Arum,vegetable,2082,11,8,falgun,4700,60.0,80.0,70.0,kg,kg,False,329000.0,True,4700,0,0.0,10,True,0,0,0,0,0,0,0,0,1180,0,0,0,0,0,0,0,3210,0,0,0,0,0,0,0,0,0,0,0,0,0,0,0,0,0,310,70.0,70.0,71.31666666666666,2.2805335632990347,60.0,60.0,60.0,0.0,80.0,80.0,80.0,0.0,20.0,0.2857142857142857,6070.0,6070.0,-0.2257001647446458,-0.9510565162951536,0.30901699437494723,0,0.0,0.0
Arum,vegetable,2082,12,9,chaitra,4560,60.0,80.0,69.09,kg,kg,False,315050.4,True,4560,0,0.0,10,True,0,0,0,0,0,0,0,0,240,0,0,0,0,0,0,0,4320,0,0,0,0,0,0,0,0,0,0,0,0,0,0,0,0,0,0,70.0,70.0,70.0,0.0,60.0,60.0,60.0,0.0,80.0,80.0,80.0,0.0,20.0,0.2894774931249095,4700.0,4700.0,-0.029787234042553193,-0.5877852522924732,0.8090169943749473,0,0.0,0.0
Arum,vegetable,2083,1,10,baishakh,1370,60.0,70.0,65.0,kg,kg,False,89050.0,True,1370,0,0.3795620437956204,10,True,0,0,0,0,0,0,0,0,0,0,520,0,0,0,0,0,850,0,0,0,0,0,0,0,0,0,0,0,0,0,0,0,0,0,0,69.09,70.0,69.69666666666667,0.5253887449626001,60.0,60.0,60.0,0.0,80.0,80.0,80.0,0.0,10.0,0.15384615384615385,4560.0,4560.0,-0.6995614035087719,-2.4492935982947064e-16,1.0,520,0.3795620437956204,0.0
Avocado,fruit,2082,4,1,shrawan,10080,300.0,350.0,325.0,kg,kg,False,3276000.0,True,10080,0,0.5634920634920635,10,True,0,0,0,0,0,4190,0,0,0,0,1490,0,0,0,0,0,2425,0,0,0,0,1345,0,0,0,0,0,0,0,0,0,0,0,0,630,,,,,,,,,,,,,50.0,0.15384615384615385,,,,0.5877852522924731,0.8090169943749475,5680,0.5634920634920635,0.0
Avocado,fruit,2082,5,2,bhadra,4230,300.0,600.0,400.0,kg,kg,False,1692000.0,True,4230,0,0.4869976359338061,10,True,0,0,0,0,0,2060,0,0,0,0,0,0,0,0,0,0,1160,0,0,0,0,410,0,0,0,0,0,0,0,0,0,0,0,0,600,325.0,,325.0,,300.0,,300.0,,350.0,,350.0,,300.0,0.75,10080.0,10080.0,-0.5803571428571429,0.9510565162951535,0.30901699437494745,2060,0.48699763593380613,0.0
Avocado,fruit,2082,6,3,ashwin,9365,300.0,350.0,325.0,kg,kg,False,3043625.0,True,9365,0,0.800320341697811,10,True,0,0,0,0,0,2090,0,0,0,0,5405,0,0,0,0,0,1060,0,0,0,0,600,0,0,0,0,0,0,0,0,0,0,0,0,210,400.0,325.0,362.5,53.033008588991066,300.0,300.0,300.0,0.0,600.0,350.0,475.0,176.7766952966369,50.0,0.15384615384615385,4230.0,4230.0,1.2139479905437351,0.9510565162951536,-0.30901699437494734,7495,0.800320341697811,0.0
Avocado,fruit,2082,7,4,kartik,4370,300.0,350.0,325.0,kg,kg,False,1420250.0,True,4370,0,0.6910755148741419,10,True,0,0,180,0,0,450,0,0,0,0,2570,0,0,0,0,0,1170,0,0,0,0,0,0,0,0,0,0,0,0,0,0,0,0,0,0,325.0,400.0,350.0,43.30127018922193,300.0,300.0,300.0,0.0,350.0,600.0,433.3333333333333,144.33756729740642,50.0,0.15384615384615385,9365.0,9365.0,-0.5333689268553123,0.5877852522924732,-0.8090169943749473,3020,0.6910755148741419,0.0
Avocado,fruit,2082,8,5,mangsir,11694,300.0,350.0,325.0,kg,kg,False,3800550.0,True,11694,0,0.7311441765007696,10,True,0,0,360,0,0,1120,0,0,0,0,7430,0,0,0,0,0,1434,0,0,0,0,0,210,0,0,0,0,0,0,0,0,0,1140,0,0,325.0,325.0,350.0,43.30127018922193,300.0,300.0,300.0,0.0,350.0,350.0,433.3333333333333,144.33756729740642,50.0,0.15384615384615385,4370.0,4370.0,1.6759725400457666,1.2246467991473532e-16,-1.0,8550,0.7311441765007696,0.0
Avocado,fruit,2082,9,6,poush,11090,300.0,350.0,325.0,kg,kg,False,3604250.0,True,11090,0,0.7155094679891795,10,True,0,0,0,0,0,540,0,0,0,0,7395,0,0,0,0,0,645,0,0,0,0,0,0,0,0,0,0,0,0,0,0,0,2510,0,0,325.0,325.0,325.0,0.0,300.0,300.0,300.0,0.0,350.0,350.0,350.0,0.0,50.0,0.15384615384615385,11694.0,11694.0,-0.05165041901829998,-0.587785252292473,-0.8090169943749475,7935,0.7155094679891795,0.0
Avocado,fruit,2082,10,7,magh,3710,300.0,350.0,325.0,kg,kg,False,1205750.0,True,3710,0,0.935309973045822,10,True,0,0,0,0,0,0,0,0,0,0,3470,0,0,0,0,0,0,0,0,0,0,0,0,0,0,0,0,0,0,0,0,0,240,0,0,325.0,325.0,325.0,0.0,300.0,300.0,300.0,0.0,350.0,350.0,350.0,0.0,50.0,0.15384615384615385,11090.0,11090.0,-0.6654643823264202,-0.9510565162951535,-0.30901699437494756,3470,0.9353099730458221,0.0
Avocado,fruit,2082,11,8,falgun,7540,300.0,350.0,325.0,kg,kg,False,2450500.0,True,7540,0,1.0,10,True,0,0,0,0,0,0,0,0,0,0,7540,0,0,0,0,0,0,0,0,0,0,0,0,0,0,0,0,0,0,0,0,0,0,0,0,325.0,325.0,325.0,0.0,300.0,300.0,300.0,0.0,350.0,350.0,350.0,0.0,50.0,0.15384615384615385,3710.0,3710.0,1.0323450134770888,-0.9510565162951536,0.30901699437494723,7540,1.0,0.0
Avocado,fruit,2082,12,9,chaitra,5140,300.0,1000.0,721.43,kg,kg,False,3708150.2,True,5140,0,0.9591439688715954,10,True,0,0,0,0,0,210,0,0,0,0,4720,0,0,0,0,0,210,0,0,0,0,0,0,0,0,0,0,0,0,0,0,0,0,0,0,325.0,325.0,325.0,0.0,300.0,300.0,300.0,0.0,350.0,350.0,350.0,0.0,700.0,0.9702951083265182,7540.0,7540.0,-0.3183023872679045,-0.5877852522924732,0.8090169943749473,4930,0.9591439688715954,0.0
Avocado,fruit,2083,1,10,baishakh,5250,650.0,800.0,757.61,kg,kg,False,3977452.5,True,5250,0,1.0,10,True,0,0,0,0,0,0,0,0,0,0,5250,0,0,0,0,0,0,0,0,0,0,0,0,0,0,0,0,0,0,0,0,0,0,0,0,721.43,325.0,457.14333333333326,228.8789672148433,300.0,300.0,300.0,0.0,1000.0,350.0,566.6666666666666,375.27767497325675,150.0,0.19799105080450363,5140.0,5140.0,0.021400778210116732,-2.4492935982947064e-16,1.0,5250,1.0,0.0
Bakula,vegetable,2082,10,7,magh,0,100.0,160.0,147.22,kg,kg,False,0.0,True,0,0,,4,False,0,0,0,0,0,0,0,0,0,0,0,0,0,0,0,0,0,0,0,0,0,0,0,0,0,0,0,0,0,0,0,0,0,0,0,,,,,,,,,,,,,60.0,0.4075533215595707,,,,-0.9510565162951535,-0.30901699437494756,0,0.0,0.0
Bakula,vegetable,2082,11,8,falgun,15310,100.0,160.0,147.22,kg,kg,False,2253938.2,True,15310,0,0.0,4,False,0,0,0,0,0,0,0,0,0,0,0,0,0,0,0,0,4750,0,0,0,0,10560,0,0,0,0,0,0,0,0,0,0,0,0,0,147.22,,147.22,,100.0,,100.0,,160.0,,160.0,,60.0,0.4075533215595707,0.0,0.0,,-0.9510565162951536,0.30901699437494723,0,0.0,0.0
Bakula,vegetable,2082,12,9,chaitra,39790,80.0,120.0,100.91,kg,kg,False,4015208.9,True,39790,0,0.0,4,False,0,0,0,0,0,0,0,1875,0,0,0,0,0,0,0,0,16245,0,0,0,0,21670,0,0,0,0,0,0,0,0,0,0,0,0,0,147.22,147.22,147.22,0.0,100.0,100.0,100.0,0.0,160.0,160.0,160.0,0.0,40.0,0.39639282528986225,15310.0,15310.0,1.5989549314173743,-0.5877852522924732,0.8090169943749473,0,0.0,0.0
Bakula,vegetable,2083,1,10,baishakh,0,80.0,100.0,90.0,kg,kg,False,0.0,True,0,0,,4,False,0,0,0,0,0,0,0,0,0,0,0,0,0,0,0,0,0,0,0,0,0,0,0,0,0,0,0,0,0,0,0,0,0,0,0,100.91,147.22,131.78333333333333,26.73709096617157,80.0,100.0,93.33333333333333,11.547005383792513,120.0,160.0,146.66666666666666,23.094010767585026,20.0,0.2222222222222222,39790.0,39790.0,-1.0,-2.4492935982947064e-16,1.0,0,0.0,0.0
Bambooshoot,vegetable,2082,4,1,shrawan,23625,60.0,70.0,65.0,kg,kg,False,1535625.0,True,23625,0,0.0,7,False,0,0,0,0,0,0,0,0,2730,0,0,0,0,0,0,0,13860,0,0,0,0,0,0,0,0,0,0,0,0,0,0,0,0,0,7035,,,,,,,,,,,,,10.0,0.15384615384615385,,,,0.5877852522924731,0.8090169943749475,0,0.0,0.0
Bambooshoot,vegetable,2082,5,2,bhadra,10090,60.0,70.0,65.0,kg,kg,False,655850.0,True,10090,0,0.0,7,False,0,0,0,0,0,0,0,0,120,210,0,0,0,0,0,0,8305,0,0,0,0,0,0,0,0,0,0,0,0,0,0,0,0,0,1455,65.0,,65.0,,60.0,,60.0,,70.0,,70.0,,10.0,0.15384615384615385,23625.0,23625.0,-0.5729100529100529,0.9510565162951535,0.30901699437494745,0,0.0,0.0
Bambooshoot,vegetable,2082,6,3,ashwin,540,60.0,70.0,65.0,kg,kg,False,35100.0,True,540,0,0.0,7,False,0,0,0,0,0,0,0,0,0,0,0,0,0,0,0,0,540,0,0,0,0,0,0,0,0,0,0,0,0,0,0,0,0,0,0,65.0,65.0,65.0,0.0,60.0,60.0,60.0,0.0,70.0,70.0,70.0,0.0,10.0,0.15384615384615385,10090.0,10090.0,-0.9464816650148662,0.9510565162951536,-0.30901699437494734,0,0.0,0.0
Bambooshoot,vegetable,2082,10,7,magh,0,60.0,70.0,65.0,kg,kg,False,0.0,True,0,0,,7,False,0,0,0,0,0,0,0,0,0,0,0,0,0,0,0,0,0,0,0,0,0,0,0,0,0,0,0,0,0,0,0,0,0,0,0,65.0,65.0,65.0,0.0,60.0,60.0,60.0,0.0,70.0,70.0,70.0,0.0,10.0,0.15384615384615385,540.0,540.0,-1.0,-0.9510565162951535,-0.30901699437494756,0,0.0,0.0
Bambooshoot,vegetable,2082,11,8,falgun,0,60.0,70.0,65.0,kg,kg,False,0.0,True,0,0,,7,False,0,0,0,0,0,0,0,0,0,0,0,0,0,0,0,0,0,0,0,0,0,0,0,0,0,0,0,0,0,0,0,0,0,0,0,65.0,65.0,65.0,0.0,60.0,60.0,60.0,0.0,70.0,70.0,70.0,0.0,10.0,0.15384615384615385,0.0,0.0,,-0.9510565162951536,0.30901699437494723,0,0.0,0.0
Bambooshoot,vegetable,2082,12,9,chaitra,0,60.0,70.0,65.0,kg,kg,False,0.0,True,0,0,,7,False,0,0,0,0,0,0,0,0,0,0,0,0,0,0,0,0,0,0,0,0,0,0,0,0,0,0,0,0,0,0,0,0,0,0,0,65.0,65.0,65.0,0.0,60.0,60.0,60.0,0.0,70.0,70.0,70.0,0.0,10.0,0.15384615384615385,0.0,0.0,,-0.5877852522924732,0.8090169943749473,0,0.0,0.0
Bambooshoot,vegetable,2083,1,10,baishakh,0,60.0,70.0,65.0,kg,kg,False,0.0,True,0,0,,7,False,0,0,0,0,0,0,0,0,0,0,0,0,0,0,0,0,0,0,0,0,0,0,0,0,0,0,0,0,0,0,0,0,0,0,0,65.0,65.0,65.0,0.0,60.0,60.0,60.0,0.0,70.0,70.0,70.0,0.0,10.0,0.15384615384615385,0.0,0.0,,-2.4492935982947064e-16,1.0,0,0.0,0.0
Banana,fruit,2082,4,1,shrawan,0,100.0,130.0,116.6,dozen,dozen,False,0.0,True,0,0,,7,False,0,0,0,0,0,0,0,0,0,0,0,0,0,0,0,0,0,0,0,0,0,0,0,0,0,0,0,0,0,0,0,0,0,0,0,,,,,,,,,,,,,30.0,0.25728987993138935,,,,0.5877852522924731,0.8090169943749475,0,0.0,0.0
Banana,fruit,2082,6,3,ashwin,0,100.0,130.0,115.0,dozen,dozen,False,0.0,True,0,0,,7,False,0,0,0,0,0,0,0,0,0,0,0,0,0,0,0,0,0,0,0,0,0,0,0,0,0,0,0,0,0,0,0,0,0,0,0,116.6,,116.6,,100.0,,100.0,,130.0,,130.0,,30.0,0.2608695652173913,0.0,0.0,,0.9510565162951536,-0.30901699437494734,0,0.0,0.0
Banana,fruit,2082,8,5,mangsir,0,100.0,130.0,115.0,dozen,dozen,False,0.0,True,0,0,,7,False,0,0,0,0,0,0,0,0,0,0,0,0,0,0,0,0,0,0,0,0,0,0,0,0,0,0,0,0,0,0,0,0,0,0,0,115.0,116.6,115.8,1.131370849898472,100.0,100.0,100.0,0.0,130.0,130.0,130.0,0.0,30.0,0.2608695652173913,0.0,0.0,,1.2246467991473532e-16,-1.0,0,0.0,0.0
Banana,fruit,2082,10,7,magh,0,100.0,130.0,115.0,dozen,dozen,False,0.0,True,0,0,,7,False,0,0,0,0,0,0,0,0,0,0,0,0,0,0,0,0,0,0,0,0,0,0,0,0,0,0,0,0,0,0,0,0,0,0,0,115.0,115.0,115.53333333333335,0.923760430703398,100.0,100.0,100.0,0.0,130.0,130.0,130.0,0.0,30.0,0.2608695652173913,0.0,0.0,,-0.9510565162951535,-0.30901699437494756,0,0.0,0.0
Banana,fruit,2082,11,8,falgun,0,100.0,130.0,115.0,dozen,dozen,False,0.0,True,0,0,,7,False,0,0,0,0,0,0,0,0,0,0,0,0,0,0,0,0,0,0,0,0,0,0,0,0,0,0,0,0,0,0,0,0,0,0,0,115.0,115.0,115.0,0.0,100.0,100.0,100.0,0.0,130.0,130.0,130.0,0.0,30.0,0.2608695652173913,0.0,0.0,,-0.9510565162951536,0.30901699437494723,0,0.0,0.0
Banana,fruit,2082,12,9,chaitra,0,100.0,150.0,130.45,dozen,dozen,False,0.0,True,0,0,,7,False,0,0,0,0,0,0,0,0,0,0,0,0,0,0,0,0,0,0,0,0,0,0,0,0,0,0,0,0,0,0,0,0,0,0,0,115.0,115.0,115.0,0.0,100.0,100.0,100.0,0.0,130.0,130.0,130.0,0.0,50.0,0.3832886163280951,0.0,0.0,,-0.5877852522924732,0.8090169943749473,0,0.0,0.0
Banana,fruit,2083,1,10,baishakh,0,120.0,200.0,161.96,dozen,dozen,False,0.0,True,0,0,,7,False,0,0,0,0,0,0,0,0,0,0,0,0,0,0,0,0,0,0,0,0,0,0,0,0,0,0,0,0,0,0,0,0,0,0,0,130.45,115.0,120.14999999999999,8.920061658979714,100.0,100.0,100.0,0.0,150.0,130.0,136.66666666666666,11.54700538379252,80.0,0.4939491232403062,0.0,0.0,,-2.4492935982947064e-16,1.0,0,0.0,0.0
Banana_Green,fruit,2082,4,1,shrawan,679640,120.0,150.0,136.8,dozen,dozen,False,92974752.0,False,676060,3580,0.5068706919504186,10,True,0,223880,0,0,0,0,0,0,3450,0,342675,14365,0,0,0,0,1180,0,0,0,0,3210,83170,0,0,0,0,0,0,0,0,0,0,0,4130,,,,,,,,,,,,,30.0,0.21929824561403508,,,,0.5877852522924731,0.8090169943749475,342675,0.5068706919504186,0.0
Banana_Green,fruit,2082,5,2,bhadra,357395,120.0,160.0,140.0,dozen,dozen,False,50035300.0,True,357395,0,0.6477426936582773,10,True,0,42900,0,0,0,0,0,0,4700,0,231500,23650,0,0,0,0,0,0,0,0,0,6525,45890,0,0,0,0,0,0,0,0,0,0,0,2230,136.8,,136.8,,120.0,,120.0,,150.0,,150.0,,40.0,0.2857142857142857,679640.0,676060.0,-0.47414072155847214,0.9510565162951535,0.30901699437494745,231500,0.6477426936582773,0.0
Banana_Green,fruit,2082,6,3,ashwin,345265,130.0,160.0,145.0,dozen,dozen,False,50063425.0,False,345785,-520,0.7148372543632604,10,True,0,0,0,0,0,0,0,0,1150,0,247180,32300,0,0,0,1040,120,0,0,0,0,12985,49070,0,0,0,0,0,0,0,0,0,0,0,1940,140.0,136.8,138.4,2.262741699796944,120.0,120.0,120.0,0.0,160.0,150.0,155.0,7.0710678118654755,30.0,0.20689655172413793,357395.0,357395.0,-0.03394003833293695,0.9510565162951536,-0.30901699437494734,247180,0.7148372543632604,0.0
Banana_Green,fruit,2082,7,4,kartik,252210,130.0,160.0,145.0,dozen,dozen,False,36570450.0,True,252210,0,0.7469370762459855,10,True,0,0,0,0,0,0,0,0,1190,0,188385,19730,0,0,0,0,1480,0,0,0,0,9540,29535,0,0,0,0,0,0,0,0,0,0,0,2350,145.0,140.0,140.6,4.132795663954363,130.0,120.0,123.33333333333333,5.77350269189626,160.0,160.0,156.66666666666666,5.77350269189626,30.0,0.20689655172413793,345265.0,345785.0,-0.2695176169029586,0.5877852522924732,-0.8090169943749473,188385,0.7469370762459855,0.0
Banana_Green,fruit,2082,8,5,mangsir,169600,130.0,160.0,145.0,dozen,dozen,False,24592000.0,True,169600,0,0.2688679245283019,10,True,0,0,0,0,0,0,0,0,4060,0,45600,33400,0,0,0,0,1710,0,0,0,0,5160,76660,0,0,0,0,0,0,0,0,0,0,0,3010,145.0,145.0,143.33333333333334,2.886751345948137,130.0,130.0,126.66666666666667,5.77350269189626,160.0,160.0,160.0,0.0,30.0,0.20689655172413793,252210.0,252210.0,-0.32754450656199197,1.2246467991473532e-16,-1.0,45600,0.2688679245283019,0.0
Banana_Green,fruit,2082,9,6,poush,212340,130.0,200.0,154.55,dozen,dozen,False,32817147.0,True,212340,0,0.4927474804558726,10,True,0,0,0,0,0,0,0,0,2720,0,104630,32765,0,0,0,8300,7315,0,0,0,0,9760,44160,0,0,0,0,0,0,0,0,0,0,0,2690,145.0,145.0,145.0,0.0,130.0,130.0,130.0,0.0,160.0,160.0,160.0,0.0,70.0,0.45292785506308636,169600.0,169600.0,0.2520047169811321,-0.587785252292473,-0.8090169943749475,104630,0.49274748045587263,0.0
Banana_Green,fruit,2082,10,7,magh,234855,140.0,230.0,197.86,dozen,dozen,False,46468410.3,True,234855,0,0.794149581656767,10,True,0,6520,0,0,0,0,0,0,1980,0,186510,16560,0,0,0,0,3020,0,0,0,0,19805,0,0,0,0,0,0,0,0,0,0,0,0,460,154.55,145.0,148.18333333333334,5.513695070760935,130.0,130.0,130.0,0.0,200.0,160.0,173.33333333333334,23.09401076758503,90.0,0.45486707773172946,212340.0,212340.0,0.10603277762079684,-0.9510565162951535,-0.30901699437494756,186510,0.794149581656767,0.0
Banana_Green,fruit,2082,11,8,falgun,243000,180.0,230.0,205.0,dozen,dozen,False,49815000.0,True,243000,0,0.8291152263374486,10,True,0,0,0,0,0,0,0,0,1280,0,201475,23125,0,0,0,0,1670,0,0,0,0,12680,2260,0,0,0,0,0,0,0,0,0,0,0,510,197.86,154.55,165.80333333333334,28.169540878994347,140.0,130.0,133.33333333333334,5.773502691896254,230.0,200.0,196.66666666666666,35.11884584284247,50.0,0.24390243902439024,234855.0,234855.0,0.03468097336654531,-0.9510565162951536,0.30901699437494723,201475,0.8291152263374486,0.0
Banana_Green,fruit,2082,12,9,chaitra,389320,180.0,230.0,194.91,dozen,dozen,False,75882361.2,True,389320,0,0.6303683345320045,10,True,0,48675,0,0,0,0,0,0,980,0,245415,44415,0,0,0,0,3400,0,0,0,0,26125,16310,0,0,0,0,0,0,0,0,0,0,0,4000,205.0,197.86,185.80333333333337,27.300604999401262,180.0,140.0,150.0,26.457513110645905,230.0,230.0,220.0,17.320508075688785,50.0,0.25652865425067983,243000.0,243000.0,0.6021399176954733,-0.5877852522924732,0.8090169943749473,245415,0.6303683345320045,0.0
Banana_Green,fruit,2083,1,10,baishakh,201750,140.0,244.0,175.15,dozen,dozen,False,35336512.5,True,201750,0,0.1823048327137546,10,True,0,37380,0,0,0,0,0,0,1860,0,36780,46230,0,0,0,0,1795,0,0,0,0,41910,32750,0,0,0,0,0,0,0,0,0,0,0,3045,194.91,205.0,199.25666666666666,5.187970059024364,180.0,180.0,166.66666666666666,23.09401076758503,230.0,230.0,230.0,0.0,104.0,0.5937767627747644,389320.0,389320.0,-0.4817887598890373,-2.4492935982947064e-16,1.0,36780,0.18230483271375464,0.0
Barela,vegetable,2082,5,2,bhadra,3110,,,112.4,kg,kg,False,349564.0,True,3110,0,0.1736334405144694,9,False,0,0,0,0,0,0,0,0,120,0,540,0,0,0,0,0,0,0,2450,0,0,0,0,0,0,0,0,0,0,0,0,0,0,0,0,,,,,,,,,,,,,,,,,,0.9510565162951535,0.30901699437494745,540,0.17363344051446947,0.0
Barela,vegetable,2082,6,3,ashwin,16005,150.0,200.0,180.63,kg,kg,False,2890983.15,True,16005,0,0.0,9,False,0,0,3000,0,0,0,0,0,0,13005,0,0,0,0,0,0,0,0,0,0,0,0,0,0,0,0,0,0,0,0,0,0,0,0,0,112.4,,112.4,,,,,,,,,,50.0,0.27680894646514975,3110.0,3110.0,4.146302250803859,0.9510565162951536,-0.30901699437494734,0,0.0,0.0
Barela,vegetable,2082,7,4,kartik,45010,80.0,120.0,117.89,kg,kg,False,5306228.9,True,45010,0,0.0,9,False,0,0,4030,0,0,0,0,5660,0,18170,0,0,160,0,0,0,10650,0,0,0,0,1570,0,0,0,4770,0,0,0,0,0,0,0,0,0,180.63,112.4,146.515,48.24589568035814,150.0,,150.0,,200.0,,200.0,,40.0,0.3392993468487573,16005.0,16005.0,1.8122461730709154,0.5877852522924732,-0.8090169943749473,0,0.0,0.003554765607642746
Barela,vegetable,2082,8,5,mangsir,20710,80.0,120.0,97.89,kg,kg,False,2027301.9,True,20710,0,0.0,9,False,0,0,0,0,0,0,0,0,0,4285,0,0,0,0,0,0,14155,0,0,0,0,0,0,0,0,2270,0,0,0,0,0,0,0,0,0,117.89,180.63,136.97333333333333,37.90730052817443,80.0,150.0,115.0,49.49747468305833,120.0,200.0,160.0,56.568542494923804,40.0,0.40862192256614566,45010.0,45010.0,-0.5398800266607421,1.2246467991473532e-16,-1.0,0,0.0,0.0
Barela,vegetable,2082,9,6,poush,11315,80.0,120.0,95.81,kg,kg,False,1084090.15,True,11315,0,0.0,9,False,0,0,0,0,0,0,0,0,0,0,0,0,1150,0,0,0,1050,0,0,0,0,9115,0,0,0,0,0,0,0,0,0,0,0,0,0,97.89,117.89,132.13666666666666,43.17062118308391,80.0,80.0,103.33333333333333,40.414518843273804,120.0,120.0,146.66666666666666,46.18802153517006,40.0,0.41749295480638765,20710.0,20710.0,-0.45364558184451953,-0.587785252292473,-0.8090169943749475,0,0.0,0.10163499779054352
Barela,vegetable,2082,10,7,magh,12270,80.0,120.0,103.71,kg,kg,False,1272521.7,True,12270,0,0.0,9,False,0,0,0,0,0,0,0,0,0,0,0,0,0,0,0,0,0,0,0,0,0,12270,0,0,0,0,0,0,0,0,0,0,0,0,0,95.81,97.89,103.86333333333334,12.191888013483906,80.0,80.0,80.0,0.0,120.0,120.0,120.0,0.0,40.0,0.3856908687686819,11315.0,11315.0,0.08440123729562528,-0.9510565162951535,-0.30901699437494756,0,0.0,0.0
Barela,vegetable,2082,11,8,falgun,33825,80.0,120.0,101.67,kg,kg,False,3438987.75,True,33825,0,0.0,9,False,0,0,0,0,0,0,0,5260,0,1560,0,0,0,0,0,0,780,0,0,0,0,26225,0,0,0,0,0,0,0,0,0,0,0,0,0,103.71,95.81,99.13666666666667,4.094891125943701,80.0,80.0,80.0,0.0,120.0,120.0,120.0,0.0,40.0,0.3934297236156192,12270.0,12270.0,1.756723716381418,-0.9510565162951536,0.30901699437494723,0,0.0,0.0
Barela,vegetable,2082,12,9,chaitra,75810,80.0,120.0,99.55,kg,kg,False,7546885.5,True,75810,0,0.0,9,False,0,0,0,0,0,0,0,25380,0,1830,0,0,0,0,0,0,5255,0,0,0,0,43345,0,0,0,0,0,0,0,0,0,0,0,0,0,101.67,103.71,100.39666666666666,4.101040518372442,80.0,80.0,80.0,0.0,120.0,120.0,120.0,0.0,40.0,0.40180813661476644,33825.0,33825.0,1.2412416851441241,-0.5877852522924732,0.8090169943749473,0,0.0,0.0
Barela,vegetable,2083,1,10,baishakh,33945,80.0,120.0,100.0,kg,kg,False,3394500.0,True,33945,0,0.0,9,False,0,0,0,0,0,0,0,14920,0,0,0,0,0,0,0,0,1300,0,0,0,0,17725,0,0,0,0,0,0,0,0,0,0,0,0,0,99.55,101.67,101.64333333333333,2.0801282011771645,80.0,80.0,80.0,0.0,120.0,120.0,120.0,0.0,40.0,0.4,75810.0,75810.0,-0.5522358527898694,-2.4492935982947064e-16,1.0,0,0.0,0.0
Bayar,fruit,2082,4,1,shrawan,0,150.0,160.0,165.0,kg,kg,False,0.0,True,0,0,,7,False,0,0,0,0,0,0,0,0,0,0,0,0,0,0,0,0,0,0,0,0,0,0,0,0,0,0,0,0,0,0,0,0,0,0,0,,,,,,,,,,,,,10.0,0.06060606060606061,,,,0.5877852522924731,0.8090169943749475,0,0.0,0.0
Bayar,fruit,2082,7,4,kartik,1610,,,142.5,kg,kg,False,229425.0,True,1610,0,1.0,7,False,0,0,0,0,0,0,0,0,0,0,1610,0,0,0,0,0,0,0,0,0,0,0,0,0,0,0,0,0,0,0,0,0,0,0,0,165.0,,165.0,,150.0,,150.0,,160.0,,160.0,,,,0.0,0.0,,0.5877852522924732,-0.8090169943749473,1610,1.0,0.0
Bayar,fruit,2082,9,6,poush,39900,100.0,120.0,110.0,kg,kg,False,4389000.0,True,39900,0,0.9988721804511278,7,False,0,0,0,0,0,0,0,0,0,0,39855,0,0,0,0,0,45,0,0,0,0,0,0,0,0,0,0,0,0,0,0,0,0,0,0,142.5,165.0,153.75,15.90990257669732,,150.0,150.0,,,160.0,160.0,,20.0,0.18181818181818182,1610.0,1610.0,23.782608695652176,-0.587785252292473,-0.8090169943749475,39855,0.9988721804511278,0.0
Bayar,fruit,2082,10,7,magh,43315,100.0,120.0,110.0,kg,kg,False,4764650.0,True,43315,0,1.0,7,False,0,0,0,0,0,0,0,0,0,0,43315,0,0,0,0,0,0,0,0,0,0,0,0,0,0,0,0,0,0,0,0,0,0,0,0,110.0,142.5,139.16666666666666,27.651100038395093,100.0,,125.0,35.35533905932738,120.0,,140.0,28.284271247461902,20.0,0.18181818181818182,39900.0,39900.0,0.0855889724310777,-0.9510565162951535,-0.30901699437494756,43315,1.0,0.0
Bayar,fruit,2082,11,8,falgun,16805,100.0,120.0,110.0,kg,kg,False,1848550.0,False,16850,-45,1.0,7,False,0,0,0,0,0,0,0,0,0,0,16850,0,0,0,0,0,0,0,0,0,0,0,0,0,0,0,0,0,0,0,0,0,0,0,0,110.0,110.0,120.83333333333333,18.763883748662817,100.0,100.0,100.0,0.0,120.0,120.0,120.0,0.0,20.0,0.18181818181818182,43315.0,43315.0,-0.6120281657624379,-0.9510565162951536,0.30901699437494723,16850,1.0,0.0
Bayar,fruit,2082,12,9,chaitra,5645,100.0,120.0,110.0,kg,kg,False,620950.0,True,5645,0,1.0,7,False,0,0,0,0,0,0,0,0,0,0,5645,0,0,0,0,0,0,0,0,0,0,0,0,0,0,0,0,0,0,0,0,0,0,0,0,110.0,110.0,110.0,0.0,100.0,100.0,100.0,0.0,120.0,120.0,120.0,0.0,20.0,0.18181818181818182,16805.0,16850.0,-0.6640880690270753,-0.5877852522924732,0.8090169943749473,5645,1.0,0.0
Bayar,fruit,2083,1,10,baishakh,0,100.0,120.0,110.0,kg,kg,False,0.0,True,0,0,,7,False,0,0,0,0,0,0,0,0,0,0,0,0,0,0,0,0,0,0,0,0,0,0,0,0,0,0,0,0,0,0,0,0,0,0,0,110.0,110.0,110.0,0.0,100.0,100.0,100.0,0.0,120.0,120.0,120.0,0.0,20.0,0.18181818181818182,5645.0,5645.0,-1.0,-2.4492935982947064e-16,1.0,0,0.0,0.0
Beat_Chukunder,vegetable,2082,4,1,shrawan,42490,80.0,150.0,125.2,kg,kg,False,5319748.0,True,42490,0,0.5984937632384091,10,True,0,0,0,0,3020,0,0,0,0,0,25430,0,6620,0,0,0,5680,0,0,0,0,1740,0,0,0,0,0,0,0,0,0,0,0,0,0,,,,,,,,,,,,,70.0,0.5591054313099041,,,,0.5877852522924731,0.8090169943749475,25430,0.5984937632384091,0.15580136502706518
Beat_Chukunder,vegetable,2082,5,2,bhadra,27985,80.0,150.0,131.11,kg,kg,False,3669113.35,True,27985,0,0.7784527425406468,10,True,0,0,0,0,580,0,0,0,0,0,21785,0,4200,0,0,0,1210,0,0,0,0,210,0,0,0,0,0,0,0,0,0,0,0,0,0,125.2,,125.2,,80.0,,80.0,,150.0,,150.0,,70.0,0.5339028296849972,42490.0,42490.0,-0.34137444104495174,0.9510565162951535,0.30901699437494745,21785,0.7784527425406468,0.15008040021440058
Beat_Chukunder,vegetable,2082,6,3,ashwin,23947,80.0,120.0,100.0,kg,kg,False,2394700.0,True,23947,0,0.7057251430241784,10,True,0,0,0,0,1450,0,0,0,0,0,16900,0,4850,0,0,0,747,0,0,0,0,0,0,0,0,0,0,0,0,0,0,0,0,0,0,131.11,125.2,128.155,4.179001076812509,80.0,80.0,80.0,0.0,150.0,150.0,150.0,0.0,40.0,0.4,27985.0,27985.0,-0.1442915847775594,0.9510565162951536,-0.30901699437494734,16900,0.7057251430241784,0.20253058838267843
Beat_Chukunder,vegetable,2082,7,4,kartik,38825,80.0,120.0,100.0,kg,kg,False,3882500.0,True,38825,0,0.8533161622665808,10,True,0,0,0,0,640,0,0,0,0,0,33130,0,4140,0,0,0,675,0,0,0,0,240,0,0,0,0,0,0,0,0,0,0,0,0,0,100.0,131.11,118.77,16.521703907285108,80.0,80.0,80.0,0.0,120.0,150.0,140.0,17.320508075688775,40.0,0.4,23947.0,23947.0,0.6212886791664927,0.5877852522924732,-0.8090169943749473,33130,0.8533161622665808,0.10663232453316163
Beat_Chukunder,vegetable,2082,8,5,mangsir,45580,80.0,120.0,100.0,kg,kg,False,4558000.0,True,45580,0,0.8166959192628346,10,True,0,0,0,0,0,0,0,0,0,0,37225,0,3220,0,0,0,965,0,0,0,0,3810,0,0,0,0,0,0,0,0,360,0,0,0,0,100.0,100.0,110.37,17.961366874489254,80.0,80.0,80.0,0.0,120.0,120.0,130.0,17.320508075688775,40.0,0.4,38825.0,38825.0,0.17398583386992916,1.2246467991473532e-16,-1.0,37225,0.8166959192628346,0.07064501974550241
Beat_Chukunder,vegetable,2082,9,6,poush,48221,80.0,120.0,100.0,kg,kg,False,4822100.0,True,48221,0,0.7137139420584393,10,True,0,0,0,0,3120,0,0,0,0,0,34416,0,1570,0,0,0,1980,0,0,0,0,7135,0,0,0,0,0,0,0,0,0,0,0,0,0,100.0,100.0,100.0,0.0,80.0,80.0,80.0,0.0,120.0,120.0,120.0,0.0,40.0,0.4,45580.0,45580.0,0.05794207985958754,-0.587785252292473,-0.8090169943749475,34416,0.7137139420584393,0.03255842890027166
Beat_Chukunder,vegetable,2082,10,7,magh,48505,80.0,120.0,100.0,kg,kg,False,4850500.0,True,48505,0,0.7285846819915472,10,True,0,0,0,0,2355,0,0,0,0,0,35340,0,2120,0,0,0,830,0,0,0,0,7860,0,0,0,0,0,0,0,0,0,0,0,0,0,100.0,100.0,100.0,0.0,80.0,80.0,80.0,0.0,120.0,120.0,120.0,0.0,40.0,0.4,48221.0,48221.0,0.005889550195972709,-0.9510565162951535,-0.30901699437494756,35340,0.7285846819915472,0.04370683434697454
Beat_Chukunder,vegetable,2082,11,8,falgun,39015,80.0,120.0,100.0,kg,kg,False,3901500.0,True,39015,0,0.6948609509163143,10,True,0,0,0,0,3300,0,0,0,0,0,27110,0,1720,0,0,0,1765,0,0,0,0,5120,0,0,0,0,0,0,0,0,0,0,0,0,0,100.0,100.0,100.0,0.0,80.0,80.0,80.0,0.0,120.0,120.0,120.0,0.0,40.0,0.4,48505.0,48505.0,-0.1956499329965983,-0.9510565162951536,0.30901699437494723,27110,0.6948609509163143,0.04408560809944893
Beat_Chukunder,vegetable,2082,12,9,chaitra,68566,80.0,120.0,100.0,kg,kg,False,6856600.0,True,68566,0,0.7402356853250882,10,True,0,0,0,0,1610,0,0,0,0,0,50755,0,2810,0,0,0,4136,0,0,0,0,9255,0,0,0,0,0,0,0,0,0,0,0,0,0,100.0,100.0,100.0,0.0,80.0,80.0,80.0,0.0,120.0,120.0,120.0,0.0,40.0,0.4,39015.0,39015.0,0.7574266307830322,-0.5877852522924732,0.8090169943749473,50755,0.7402356853250882,0.04098241110754602
Beat_Chukunder,vegetable,2083,1,10,baishakh,52309,80.0,120.0,100.0,kg,kg,False,5230900.0,True,52309,0,0.6928062092565332,10,True,0,0,0,0,6080,0,0,0,0,0,36240,0,2555,0,0,0,3664,0,0,0,0,3230,0,0,0,0,0,0,0,0,0,0,0,0,540,100.0,100.0,100.0,0.0,80.0,80.0,80.0,0.0,120.0,120.0,120.0,0.0,40.0,0.4,68566.0,68566.0,-0.23710002041828313,-2.4492935982947064e-16,1.0,36240,0.6928062092565332,0.048844367126115965
Bitter_Gourd,vegetable,2082,4,1,shrawan,301081,30.0,80.0,106.2,kg,kg,False,31974802.2,True,301081,0,0.0,10,True,0,0,0,0,960,0,0,89715,2470,16022,0,0,0,0,0,0,93720,0,0,0,0,92724,0,0,0,0,0,0,0,0,0,0,0,0,5470,,,,,,,,,,,,,50.0,0.4708097928436911,,,,0.5877852522924731,0.8090169943749475,0,0.0,0.0
Bitter_Gourd,vegetable,2082,5,2,bhadra,187805,25.0,80.0,68.13,kg,kg,False,12795154.65,True,187805,0,0.0,10,True,0,0,0,0,2170,0,0,59945,450,21190,0,0,0,0,0,0,48807,0,0,0,0,47328,0,0,0,0,0,0,0,0,0,0,0,0,7915,106.2,,106.2,,30.0,,30.0,,80.0,,80.0,,55.0,0.8072801996183767,301081.0,301081.0,-0.3762309810316825,0.9510565162951535,0.30901699437494745,0,0.0,0.0
Bitter_Gourd,vegetable,2082,6,3,ashwin,112480,80.0,150.0,112.5,kg,kg,False,12654000.0,True,112480,0,0.0,10,True,0,0,0,0,0,0,0,43310,340,6100,0,0,0,0,0,0,29280,0,0,0,0,29330,0,0,0,0,0,0,0,0,0,0,0,0,4120,68.13,106.2,87.16499999999999,26.919555159771864,25.0,30.0,27.5,3.5355339059327378,80.0,80.0,80.0,0.0,70.0,0.6222222222222222,187805.0,187805.0,-0.40108090838902055,0.9510565162951536,-0.30901699437494734,0,0.0,0.0
Bitter_Gourd,vegetable,2082,7,4,kartik,145931,100.0,180.0,136.84,kg,kg,False,19969198.04,True,145931,0,0.1524693176912376,10,True,0,0,0,0,0,0,0,51081,0,0,22250,0,0,0,0,0,27980,0,0,0,0,43800,0,0,0,0,0,0,0,0,0,0,0,0,820,112.5,68.13,95.61,24.005943014178804,80.0,25.0,45.0,30.4138126514911,150.0,80.0,103.33333333333333,40.414518843273804,80.0,0.5846243788365975,112480.0,112480.0,0.2973950924608819,0.5877852522924732,-0.8090169943749473,22250,0.15246931769123764,0.0
Bitter_Gourd,vegetable,2082,8,5,mangsir,149385,130.0,180.0,146.32,kg,kg,False,21858013.2,True,149385,0,0.3881581149379121,10,True,0,0,0,0,0,0,0,44440,0,0,57985,0,0,0,0,0,12915,0,0,0,0,34045,0,0,0,0,0,0,0,0,0,0,0,0,0,136.84,112.5,105.82333333333334,34.83818929469977,100.0,80.0,68.33333333333333,38.83726732577015,180.0,150.0,136.66666666666666,51.316014394468844,50.0,0.3417167851284855,145931.0,145931.0,0.023668720148563364,1.2246467991473532e-16,-1.0,57985,0.3881581149379121,0.0
Bitter_Gourd,vegetable,2082,9,6,poush,92743,130.0,150.0,140.0,kg,kg,False,12984020.0,True,92743,0,0.6638021198365375,10,True,0,0,0,0,0,0,0,6725,0,0,61563,0,0,0,0,0,1610,0,0,0,0,22845,0,0,0,0,0,0,0,0,0,0,0,0,0,146.32,136.84,131.88666666666668,17.445622182465502,130.0,100.0,103.33333333333333,25.16611478423584,180.0,180.0,170.0,17.3205080756888,20.0,0.14285714285714285,149385.0,149385.0,-0.37916792181276565,-0.587785252292473,-0.8090169943749475,61563,0.6638021198365375,0.0
Bitter_Gourd,vegetable,2082,10,7,magh,44360,130.0,250.0,192.29,kg,kg,False,8529984.4,True,44360,0,0.9203110910730388,10,True,0,0,0,0,0,0,0,0,0,0,40825,0,0,0,0,0,0,0,0,0,0,3535,0,0,0,0,0,0,0,0,0,0,0,0,0,140.0,146.32,141.05333333333334,4.826979732019998,130.0,130.0,120.0,17.320508075688785,150.0,180.0,170.0,17.3205080756888,120.0,0.624057413282022,92743.0,92743.0,-0.5216889684396666,-0.9510565162951535,-0.30901699437494756,40825,0.9203110910730388,0.0
Bitter_Gourd,vegetable,2082,11,8,falgun,40745,180.0,250.0,207.22,kg,kg,False,8443178.9,True,40745,0,1.0,10,True,0,0,0,0,0,0,0,0,0,0,40745,0,0,0,0,0,0,0,0,0,0,0,0,0,0,0,0,0,0,0,0,0,0,0,0,192.29,140.0,159.53666666666666,28.54069433866895,130.0,130.0,130.0,0.0,250.0,150.0,193.33333333333334,51.316014394468844,70.0,0.3378052311552939,44360.0,44360.0,-0.08149233543733093,-0.9510565162951536,0.30901699437494723,40745,1.0,0.0
Bitter_Gourd,vegetable,2082,12,9,chaitra,169490,130.0,220.0,172.5,kg,kg,False,29237025.0,True,169490,0,0.4474010266092394,10,True,0,0,0,0,8320,0,0,34510,0,0,75830,0,3450,0,0,0,0,0,0,0,0,47380,0,0,0,0,0,0,0,0,0,0,0,0,0,207.22,192.29,179.83666666666667,35.29796358620888,180.0,130.0,146.66666666666666,28.8675134594813,250.0,250.0,216.66666666666666,57.73502691896258,90.0,0.5217391304347826,40745.0,40745.0,3.1597742054239784,-0.5877852522924732,0.8090169943749473,75830,0.44740102660923947,0.02035518319664877
Bitter_Gourd,vegetable,2083,1,10,baishakh,184295,30.0,140.0,65.0,kg,kg,False,11979175.0,True,184295,0,0.0682601264277381,10,True,0,0,0,0,34650,0,0,60470,9515,0,12580,0,280,0,0,0,5750,0,0,0,0,61050,0,0,0,0,0,0,0,0,0,0,0,0,0,172.5,207.22,190.67,17.41659840496971,130.0,180.0,146.66666666666666,28.8675134594813,220.0,250.0,240.0,17.3205080756888,110.0,1.6923076923076923,169490.0,169490.0,0.08735028615257537,-2.4492935982947064e-16,1.0,12580,0.06826012642773814,0.0015193032909194498
Bottle_Gourd,vegetable,2082,4,1,shrawan,194975,40.0,100.0,59.8,kg,kg,False,11659505.0,True,194975,0,0.0175150660341069,10,True,0,0,0,0,0,0,0,77435,670,3795,3415,0,2625,0,0,0,30245,0,0,0,0,69200,0,0,0,0,0,0,0,0,450,0,0,0,7140,,,,,,,,,,,,,60.0,1.0033444816053512,,,,0.5877852522924731,0.8090169943749475,3415,0.017515066034106935,0.013463264521092448
Bottle_Gourd,vegetable,2082,5,2,bhadra,145570,40.0,100.0,51.13,kg,kg,False,7442994.1,True,145570,0,0.2314007006938243,10,True,0,0,0,0,2280,0,0,46025,580,1700,33685,0,1800,0,0,0,16410,0,0,0,0,40600,0,0,0,0,0,0,0,0,0,0,0,0,2490,59.8,,59.8,,40.0,,40.0,,100.0,,100.0,,60.0,1.173479366321142,194975.0,194975.0,-0.25339146044364663,0.9510565162951535,0.30901699437494745,33685,0.2314007006938243,0.01236518513429965
Bottle_Gourd,vegetable,2082,6,3,ashwin,103450,60.0,140.0,94.38,kg,kg,False,9763611.0,True,103450,0,0.1863218946350894,10,True,0,0,0,0,1420,0,0,37335,0,875,19275,0,0,0,0,0,8475,0,0,0,0,33230,0,0,0,0,0,0,0,0,0,0,0,0,2840,51.13,59.8,55.465,6.130615792887365,40.0,40.0,40.0,0.0,100.0,100.0,100.0,0.0,80.0,0.8476372112735749,145570.0,145570.0,-0.2893453321426118,0.9510565162951536,-0.30901699437494734,19275,0.1863218946350894,0.0
Bottle_Gourd,vegetable,2082,7,4,kartik,154423,100.0,140.0,115.26,kg,kg,False,17798794.98,True,154423,0,0.2711383666940805,10,True,0,0,0,0,1330,0,0,49338,420,0,41870,0,0,0,0,0,16035,0,0,0,0,44440,0,0,0,0,0,0,0,0,0,0,0,0,990,94.38,51.13,68.43666666666667,22.88197179731968,60.0,40.0,46.666666666666664,11.547005383792516,140.0,100.0,113.33333333333333,23.094010767585033,40.0,0.34704147145583897,103450.0,103450.0,0.492730787820203,0.5877852522924732,-0.8090169943749473,41870,0.27113836669408053,0.0
Bottle_Gourd,vegetable,2082,8,5,mangsir,193464,80.0,130.0,109.21,kg,kg,False,21128203.44,True,193464,0,0.2732963238638713,10,True,0,0,0,0,3411,0,0,60190,0,0,52873,0,0,0,0,0,29610,0,0,0,0,47140,0,0,0,0,0,0,0,0,0,0,0,0,240,115.26,94.38,86.92333333333333,32.70880054868007,100.0,60.0,66.66666666666667,30.550504633038933,140.0,140.0,126.66666666666667,23.094010767585033,50.0,0.4578335317278638,154423.0,154423.0,0.2528185568211989,1.2246467991473532e-16,-1.0,52873,0.2732963238638713,0.0
Bottle_Gourd,vegetable,2082,9,6,poush,186575,80.0,100.0,90.0,kg,kg,False,16791750.0,False,186755,-180,0.3353859334422104,10,True,0,0,0,0,0,0,0,59640,0,0,62635,0,0,0,0,0,16560,0,0,0,0,47920,0,0,0,0,0,0,0,0,0,0,0,0,0,109.21,115.26,106.28333333333335,10.743259902531149,80.0,100.0,80.0,19.999999999999993,130.0,140.0,136.66666666666666,5.773502691896254,20.0,0.2222222222222222,193464.0,193464.0,-0.03560869205640326,-0.587785252292473,-0.8090169943749475,62635,0.3353859334422104,0.0
Bottle_Gourd,vegetable,2082,10,7,magh,121950,80.0,100.0,90.0,kg,kg,False,10975500.0,True,121950,0,0.3560475604756047,10,True,0,0,0,0,1810,0,0,19375,650,1120,43420,0,0,0,0,0,8110,0,0,0,0,47465,0,0,0,0,0,0,0,0,0,0,0,0,0,90.0,109.21,104.82333333333334,13.188973930269693,80.0,80.0,86.66666666666667,11.547005383792508,100.0,130.0,123.33333333333333,20.816659994661325,20.0,0.2222222222222222,186575.0,186755.0,-0.3463754522310063,-0.9510565162951535,-0.30901699437494756,43420,0.35604756047560476,0.0
Bottle_Gourd,vegetable,2082,11,8,falgun,88255,80.0,100.0,90.0,kg,kg,False,7942950.0,True,88255,0,0.3997507223386777,10,True,0,0,0,0,7150,0,0,1180,0,1140,35280,0,0,0,0,0,10790,0,0,0,0,32715,0,0,0,0,0,0,0,0,0,0,0,0,0,90.0,90.0,96.40333333333335,11.090898671132724,80.0,80.0,80.0,0.0,100.0,100.0,110.0,17.320508075688767,20.0,0.2222222222222222,121950.0,121950.0,-0.27630176301763015,-0.9510565162951536,0.30901699437494723,35280,0.3997507223386777,0.0
Bottle_Gourd,vegetable,2082,12,9,chaitra,202918,80.0,120.0,102.73,kg,kg,False,20845766.14,True,202918,0,0.3154229787401807,10,True,0,0,0,0,15740,0,0,42655,0,0,64005,0,0,0,0,0,21930,0,0,0,0,58588,0,0,0,0,0,0,0,0,0,0,0,0,0,90.0,90.0,90.0,0.0,80.0,80.0,80.0,0.0,100.0,100.0,100.0,0.0,40.0,0.38937019371167136,88255.0,88255.0,1.2992238400090645,-0.5877852522924732,0.8090169943749473,64005,0.31542297874018077,0.0
Bottle_Gourd,vegetable,2083,1,10,baishakh,194230,40.0,100.0,62.17,kg,kg,False,12075279.1,True,194230,0,0.2791793234824692,10,True,0,0,0,0,3230,0,0,52295,0,0,54225,0,0,0,0,0,28675,0,0,0,0,55225,0,0,0,0,0,0,0,0,580,0,0,0,0,102.73,90.0,94.24333333333334,7.349668926783964,80.0,80.0,80.0,0.0,120.0,100.0,106.66666666666667,11.547005383792504,60.0,0.9650957053241113,202918.0,202918.0,-0.042815324416759476,-2.4492935982947064e-16,1.0,54225,0.2791793234824692,0.0
Brinjal_Gland,vegetable,2082,4,1,shrawan,0,50.0,80.0,56.6,kg,kg,False,0.0,True,0,0,,4,False,0,0,0,0,0,0,0,0,0,0,0,0,0,0,0,0,0,0,0,0,0,0,0,0,0,0,0,0,0,0,0,0,0,0,0,,,,,,,,,,,,,30.0,0.5300353356890459,,,,0.5877852522924731,0.8090169943749475,0,0.0,0.0
Brinjal_Gland,vegetable,2082,6,3,ashwin,0,80.0,120.0,95.0,kg,kg,False,0.0,True,0,0,,4,False,0,0,0,0,0,0,0,0,0,0,0,0,0,0,0,0,0,0,0,0,0,0,0,0,0,0,0,0,0,0,0,0,0,0,0,56.6,,56.6,,50.0,,50.0,,80.0,,80.0,,40.0,0.42105263157894735,0.0,0.0,,0.9510565162951536,-0.30901699437494734,0,0.0,0.0
Brinjal_Gland,vegetable,2082,8,5,mangsir,0,80.0,120.0,107.89,kg,kg,False,0.0,True,0,0,,4,False,0,0,0,0,0,0,0,0,0,0,0,0,0,0,0,0,0,0,0,0,0,0,0,0,0,0,0,0,0,0,0,0,0,0,0,95.0,56.6,75.8,27.152900397563428,80.0,50.0,65.0,21.213203435596427,120.0,80.0,100.0,28.284271247461902,40.0,0.3707479840578367,0.0,0.0,,1.2246467991473532e-16,-1.0,0,0.0,0.0
Brinjal_Gland,vegetable,2082,10,7,magh,0,80.0,100.0,90.0,kg,kg,False,0.0,True,0,0,,4,False,0,0,0,0,0,0,0,0,0,0,0,0,0,0,0,0,0,0,0,0,0,0,0,0,0,0,0,0,0,0,0,0,0,0,0,107.89,95.0,86.49666666666667,26.681379899348038,80.0,80.0,70.0,17.320508075688775,120.0,120.0,106.66666666666667,23.09401076758503,20.0,0.2222222222222222,0.0,0.0,,-0.9510565162951535,-0.30901699437494756,0,0.0,0.0
Brinjal_Long,vegetable,2082,4,1,shrawan,192420,30.0,70.0,43.4,kg,kg,False,8351028.0,True,192420,0,0.0,10,True,0,0,0,0,9410,0,0,58295,370,6040,0,0,0,0,0,0,53795,0,0,0,0,53645,0,0,0,0,0,0,0,0,7885,0,0,0,2980,,,,,,,,,,,,,40.0,0.9216589861751152,,,,0.5877852522924731,0.8090169943749475,0,0.0,0.0
Brinjal_Long,vegetable,2082,5,2,bhadra,112938,30.0,80.0,51.08,kg,kg,False,5768873.04,True,112938,0,0.0599886663479077,10,True,0,0,0,0,10180,0,0,31415,990,0,6775,0,0,0,0,0,31007,0,0,0,0,25691,0,0,0,0,0,0,0,0,5980,0,0,0,900,43.4,,43.4,,30.0,,30.0,,70.0,,70.0,,50.0,0.9788566953797965,192420.0,192420.0,-0.4130651699407546,0.9510565162951535,0.30901699437494745,6775,0.0599886663479077,0.0
Brinjal_Long,vegetable,2082,6,3,ashwin,70435,60.0,120.0,88.75,kg,kg,False,6251106.25,True,70435,0,0.0161851352310641,10,True,0,0,0,0,7005,0,0,29235,210,650,1140,0,0,0,0,0,12965,0,0,0,0,18990,0,0,0,0,0,0,0,0,0,0,0,0,240,51.08,43.4,47.239999999999995,5.430580079512687,30.0,30.0,30.0,0.0,80.0,70.0,75.0,7.0710678118654755,60.0,0.676056338028169,112938.0,112938.0,-0.3763392303741876,0.9510565162951536,-0.30901699437494734,1140,0.0161851352310641,0.0
Brinjal_Long,vegetable,2082,7,4,kartik,122140,60.0,120.0,90.0,kg,kg,False,10992600.0,True,122140,0,0.1973964303258555,10,True,0,0,0,0,13050,0,0,35550,0,0,24110,0,0,0,0,0,16390,0,0,0,0,32830,0,0,0,0,0,0,0,0,0,0,0,0,210,88.75,51.08,61.07666666666666,24.27149837429353,60.0,30.0,40.0,17.320508075688775,120.0,80.0,90.0,26.457513110645905,60.0,0.6666666666666666,70435.0,70435.0,0.7340810676510258,0.5877852522924732,-0.8090169943749473,24110,0.19739643032585558,0.0
Brinjal_Long,vegetable,2082,8,5,mangsir,170932,80.0,150.0,130.26,kg,kg,False,22265602.32,True,170932,0,0.2455654880303278,10,True,0,0,0,0,17887,0,0,43050,0,0,41975,0,0,0,0,0,22290,0,0,0,0,33255,0,0,0,0,0,0,0,0,12475,0,0,0,0,90.0,88.75,76.61,22.118460615513012,60.0,60.0,50.0,17.320508075688775,120.0,120.0,106.66666666666667,23.09401076758503,70.0,0.5373867649316751,122140.0,122140.0,0.3994760111347634,1.2246467991473532e-16,-1.0,41975,0.24556548803032785,0.0
Brinjal_Long,vegetable,2082,9,6,poush,163086,80.0,100.0,90.0,kg,kg,False,14677740.0,True,163086,0,0.2889947634990127,10,True,0,0,0,0,18670,0,0,29520,0,0,47131,0,0,0,0,0,13790,0,0,0,0,45935,0,0,0,0,0,0,0,0,8040,0,0,0,0,130.26,90.0,103.00333333333333,23.613238518537294,80.0,60.0,66.66666666666667,11.547005383792513,150.0,120.0,130.0,17.320508075688767,20.0,0.2222222222222222,170932.0,170932.0,-0.045901294081857114,-0.587785252292473,-0.8090169943749475,47131,0.28899476349901276,0.0
Brinjal_Long,vegetable,2082,10,7,magh,112305,60.0,120.0,91.14,kg,kg,False,10235477.7,True,112305,0,0.4023863585770891,10,True,0,0,0,0,12045,0,0,12595,0,1150,45190,0,0,0,0,0,4620,0,0,0,0,33755,0,0,0,0,0,0,0,0,2950,0,0,0,0,90.0,130.26,103.42,23.244121837574333,80.0,80.0,73.33333333333333,11.547005383792513,100.0,150.0,123.33333333333333,25.166114784235827,60.0,0.6583278472679395,163086.0,163086.0,-0.31137559324528163,-0.9510565162951535,-0.30901699437494756,45190,0.40238635857708915,0.0
Brinjal_Long,vegetable,2082,11,8,falgun,71735,60.0,120.0,92.22,kg,kg,False,6615401.7,True,71735,0,0.3049417996793754,10,True,0,0,0,0,12995,0,0,0,0,1140,21875,0,0,0,0,0,1450,0,0,0,0,32710,0,0,0,0,0,0,0,0,1565,0,0,0,0,91.14,90.0,103.8,22.922120320773118,60.0,80.0,73.33333333333333,11.547005383792513,120.0,100.0,123.33333333333333,25.166114784235827,60.0,0.6506180871828237,112305.0,112305.0,-0.3612483860914474,-0.9510565162951536,0.30901699437494723,21875,0.30494179967937546,0.0
Brinjal_Long,vegetable,2082,12,9,chaitra,161610,80.0,100.0,90.0,kg,kg,False,14544900.0,True,161610,0,0.3062929274178578,10,True,0,0,0,0,24395,0,0,23760,0,0,49500,0,0,0,0,0,8330,0,0,0,0,44460,0,0,0,0,0,0,0,0,11165,0,0,0,0,92.22,91.14,91.12,1.1101351269102187,60.0,60.0,66.66666666666667,11.547005383792513,120.0,120.0,113.33333333333333,11.547005383792497,20.0,0.2222222222222222,71735.0,71735.0,1.252875165539834,-0.5877852522924732,0.8090169943749473,49500,0.3062929274178578,0.0
Brinjal_Long,vegetable,2083,1,10,baishakh,149996,60.0,100.0,81.3,kg,kg,False,12194674.8,True,149996,0,0.2123389957065521,10,True,0,0,0,0,19660,0,0,35453,0,0,31850,0,0,0,0,0,21023,0,0,0,0,34910,0,0,0,0,0,0,0,0,7100,0,0,0,0,90.0,92.22,91.12,1.1101351269102187,80.0,60.0,66.66666666666667,11.547005383792513,100.0,120.0,113.33333333333333,11.547005383792497,40.0,0.4920049200492005,161610.0,161610.0,-0.07186436482890911,-2.4492935982947064e-16,1.0,31850,0.21233899570655218,0.0
Broad_Leaf_Mustard,vegetable,2082,4,1,shrawan,65070,60.0,120.0,88.4,mutha,mutha,False,5752188.0,True,65070,0,0.0,10,True,0,0,0,0,0,0,0,690,0,0,0,0,3950,0,0,0,54080,0,0,0,0,6350,0,0,0,0,0,0,0,0,0,0,0,0,0,,,,,,,,,,,,,60.0,0.6787330316742081,,,,0.5877852522924731,0.8090169943749475,0,0.0,0.06070385738435531
Broad_Leaf_Mustard,vegetable,2082,5,2,bhadra,37325,40.0,120.0,82.78,mutha,mutha,False,3089763.5,True,37325,0,0.0,10,True,0,0,0,0,0,0,0,1950,0,0,0,0,1530,0,0,0,32535,0,0,0,0,1310,0,0,0,0,0,0,0,0,0,0,0,0,0,88.4,,88.4,,60.0,,60.0,,120.0,,120.0,,80.0,0.9664170089393573,65070.0,65070.0,-0.4263869678807438,0.9510565162951535,0.30901699437494745,0,0.0,0.04099129269926323
Broad_Leaf_Mustard,vegetable,2082,6,3,ashwin,40920,100.0,200.0,146.88,mutha,mutha,False,6010329.6,True,40920,0,0.0,10,True,0,0,0,0,0,0,0,3350,420,1120,0,0,3090,0,0,0,27740,0,0,0,0,3910,0,0,0,0,0,0,0,0,0,0,0,0,1290,82.78,88.4,85.59,3.9739401102684004,40.0,60.0,50.0,14.142135623730951,120.0,120.0,120.0,0.0,100.0,0.6808278867102396,37325.0,37325.0,0.09631614199598125,0.9510565162951536,-0.30901699437494734,0,0.0,0.07551319648093842
Broad_Leaf_Mustard,vegetable,2082,7,4,kartik,44077,60.0,120.0,90.53,mutha,mutha,False,3990290.81,True,44077,0,0.0,10,True,0,0,0,0,0,0,0,4712,0,0,0,0,2590,0,0,0,34745,0,0,0,0,2030,0,0,0,0,0,0,0,0,0,0,0,0,0,146.88,82.78,106.02,35.49719425532108,100.0,40.0,66.66666666666667,30.550504633038933,200.0,120.0,146.66666666666666,46.188021535170066,60.0,0.662763724732133,40920.0,40920.0,0.0771505376344086,0.5877852522924732,-0.8090169943749473,0,0.0,0.058760804954965176
Broad_Leaf_Mustard,vegetable,2082,8,5,mangsir,52094,60.0,140.0,122.63,mutha,mutha,False,6388287.22,True,52094,0,0.0,10,True,0,0,0,0,0,0,0,1090,0,0,0,0,2480,0,0,0,47480,0,0,0,0,150,0,0,0,0,0,0,0,0,0,0,0,0,894,90.53,146.88,106.73,34.98617584132338,60.0,100.0,66.66666666666667,30.550504633038933,120.0,200.0,146.66666666666666,46.188021535170066,80.0,0.6523689146212184,44077.0,44077.0,0.18188624452662386,1.2246467991473532e-16,-1.0,0,0.0,0.04760625023995086
Broad_Leaf_Mustard,vegetable,2082,9,6,poush,53445,40.0,80.0,60.91,mutha,mutha,False,3255334.95,True,53445,0,0.0,10,True,0,0,0,0,0,0,0,0,0,0,0,0,90,0,0,0,51995,0,0,0,0,0,0,0,0,0,0,0,0,0,0,0,0,0,1360,122.63,90.53,120.01333333333332,28.265983678855644,60.0,60.0,73.33333333333333,23.094010767585026,140.0,120.0,153.33333333333334,41.633319989322665,40.0,0.6567066163191595,52094.0,52094.0,0.025933888739586134,-0.587785252292473,-0.8090169943749475,0,0.0,0.0016839741790625876
Broad_Leaf_Mustard,vegetable,2082,10,7,magh,52455,25.0,70.0,50.86,mutha,mutha,False,2667861.3,True,52455,0,0.0,10,True,0,0,0,0,1540,0,0,0,0,0,0,0,0,0,0,0,47175,0,0,0,0,3450,0,0,0,0,0,0,0,0,0,0,0,0,290,60.91,122.63,91.35666666666667,30.86830305237612,40.0,60.0,53.333333333333336,11.547005383792492,80.0,140.0,113.33333333333333,30.550504633038955,45.0,0.8847817538340543,53445.0,53445.0,-0.018523715969688465,-0.9510565162951535,-0.30901699437494756,0,0.0,0.0
Broad_Leaf_Mustard,vegetable,2082,11,8,falgun,36575,20.0,35.0,26.81,mutha,mutha,False,980575.75,True,36575,0,0.0,10,True,0,0,0,0,0,0,0,0,0,0,0,0,0,0,0,0,36575,0,0,0,0,0,0,0,0,0,0,0,0,0,0,0,0,0,0,50.86,60.91,78.13333333333333,38.86149293752535,25.0,40.0,41.666666666666664,17.559422921421213,70.0,80.0,96.66666666666667,37.859388972001845,15.0,0.5594927265945543,52455.0,52455.0,-0.30273567820036223,-0.9510565162951536,0.30901699437494723,0,0.0,0.0
Broad_Leaf_Mustard,vegetable,2082,12,9,chaitra,47175,40.0,120.0,101.36,mutha,mutha,False,4781658.0,True,47175,0,0.0,10,True,0,0,0,0,0,0,0,0,0,0,0,0,120,0,0,0,42475,0,0,4580,0,0,0,0,0,0,0,0,0,0,0,0,0,0,0,26.81,50.86,46.19333333333333,17.522437996275873,20.0,25.0,28.333333333333332,10.40832999733063,35.0,70.0,61.666666666666664,23.629078131263075,80.0,0.7892659826361483,36575.0,36575.0,0.2898154477101845,-0.5877852522924732,0.8090169943749473,0,0.0,0.0025437201907790143
Broad_Leaf_Mustard,vegetable,2083,1,10,baishakh,38725,40.0,100.0,64.78,mutha,mutha,False,2508605.5,True,38725,0,0.0,10,True,0,0,0,0,0,0,0,0,0,0,0,0,0,0,0,0,35935,0,0,2790,0,0,0,0,0,0,0,0,0,0,0,0,0,0,0,101.36,26.81,59.67666666666667,38.04899254032007,40.0,20.0,28.333333333333332,10.40832999733063,120.0,35.0,75.0,42.720018726587675,60.0,0.9262117937635073,47175.0,47175.0,-0.17912029676735558,-2.4492935982947064e-16,1.0,0,0.0,0.0
Broccoli,vegetable,2082,4,1,shrawan,0,150.0,150.0,150.0,kg,kg,False,0.0,True,0,0,,9,False,0,0,0,0,0,0,0,0,0,0,0,0,0,0,0,0,0,0,0,0,0,0,0,0,0,0,0,0,0,0,0,0,0,0,0,,,,,,,,,,,,,0.0,0.0,,,,0.5877852522924731,0.8090169943749475,0,0.0,0.0
Broccoli,vegetable,2082,6,3,ashwin,1695,150.0,350.0,206.88,kg,kg,False,350661.6,True,1695,0,0.0,9,False,0,0,0,0,0,0,0,0,0,1485,0,0,210,0,0,0,0,0,0,0,0,0,0,0,0,0,0,0,0,0,0,0,0,0,0,150.0,,150.0,,150.0,,150.0,,150.0,,150.0,,200.0,0.9667440061871616,0.0,0.0,,0.9510565162951536,-0.30901699437494734,0,0.0,0.12389380530973451
Broccoli,vegetable,2082,7,4,kartik,13499,200.0,350.0,265.13,kg,kg,False,3578989.87,True,13499,0,0.0,9,False,0,0,1391,0,0,0,0,0,0,1780,0,0,745,0,0,0,7133,0,0,0,0,140,0,890,0,1420,0,0,0,0,0,0,0,0,0,206.88,150.0,178.44,40.22023371389082,150.0,150.0,150.0,0.0,350.0,150.0,250.0,141.4213562373095,150.0,0.5657601931128126,1695.0,1695.0,6.96401179941003,0.5877852522924732,-0.8090169943749473,0,0.0,0.05518927327950218
Broccoli,vegetable,2082,8,5,mangsir,57425,120.0,250.0,172.37,kg,kg,False,9898347.25,True,57425,0,0.0,9,False,0,0,0,0,420,0,0,0,0,750,0,0,825,0,0,0,29750,0,0,0,0,24070,0,0,0,1610,0,0,0,0,0,0,0,0,0,265.13,206.88,207.33666666666667,57.566358520696205,200.0,150.0,166.66666666666666,28.867513459481295,350.0,350.0,283.3333333333333,115.47005383792515,130.0,0.754191564657423,13499.0,13499.0,3.254018816208608,1.2246467991473532e-16,-1.0,0,0.0,0.014366565084893338
Broccoli,vegetable,2082,9,6,poush,148190,100.0,150.0,132.95,kg,kg,False,19701860.5,True,148190,0,0.0,9,False,0,0,0,0,29540,0,0,0,0,0,0,0,1825,0,0,0,52875,0,0,0,0,63950,0,0,0,0,0,0,0,0,0,0,0,0,0,172.37,265.13,214.79333333333332,46.88357957039258,120.0,200.0,156.66666666666666,40.414518843273804,250.0,350.0,316.6666666666667,57.7350269189626,50.0,0.37608123354644607,57425.0,57425.0,1.5805833696125382,-0.587785252292473,-0.8090169943749475,0,0.0,0.012315270935960592
Broccoli,vegetable,2082,10,7,magh,83565,40.0,150.0,84.57,kg,kg,False,7067092.05,True,83565,0,0.0,9,False,0,0,0,0,17810,0,0,0,0,0,0,0,0,0,0,0,28415,0,0,0,0,37340,0,0,0,0,0,0,0,0,0,0,0,0,0,132.95,172.37,190.15,67.8600353669227,100.0,120.0,140.0,52.91502622129181,150.0,250.0,250.0,100.00000000000001,110.0,1.3006976469197116,148190.0,148190.0,-0.4360955530062757,-0.9510565162951535,-0.30901699437494756,0,0.0,0.0
Broccoli,vegetable,2082,11,8,falgun,63905,40.0,80.0,56.67,kg,kg,False,3621496.35,True,63905,0,0.0,9,False,0,0,0,0,3660,0,0,0,0,0,0,0,180,0,0,0,46525,0,0,0,0,12080,0,0,0,0,0,0,0,0,0,0,0,0,1460,84.57,132.95,129.96333333333334,43.976131404812506,40.0,100.0,86.66666666666667,41.63331998932266,150.0,150.0,183.33333333333334,57.73502691896261,40.0,0.7058408328921828,83565.0,83565.0,-0.23526596062945013,-0.9510565162951536,0.30901699437494723,0,0.0,0.0028166810108755185
Broccoli,vegetable,2082,12,9,chaitra,50215,50.0,200.0,113.86,kg,kg,False,5717479.9,True,50215,0,0.0,9,False,0,0,0,0,0,0,0,0,0,0,0,0,780,0,0,0,49435,0,0,0,0,0,0,0,0,0,0,0,0,0,0,0,0,0,0,56.67,84.57,91.39666666666666,38.595493692053445,40.0,40.0,60.0,34.64101615137755,80.0,150.0,126.66666666666667,40.414518843273854,150.0,1.3174073423502548,63905.0,63905.0,-0.21422423910492136,-0.5877852522924732,0.8090169943749473,0,0.0,0.015533207209001294
Broccoli,vegetable,2083,1,10,baishakh,35505,60.0,120.0,78.26,kg,kg,False,2778621.3,True,35505,0,0.0661878608646669,9,False,0,0,0,0,0,0,0,0,0,0,2350,0,655,0,0,0,32500,0,0,0,0,0,0,0,0,0,0,0,0,0,0,0,0,0,0,113.86,56.67,85.03333333333333,28.59781518461398,50.0,40.0,43.333333333333336,5.773502691896276,200.0,80.0,143.33333333333334,60.27713773341711,60.0,0.7666751852798364,50215.0,50215.0,-0.2929403564671911,-2.4492935982947064e-16,1.0,2350,0.06618786086466695,0.018448105900577383
Cabbage,vegetable,2082,4,1,shrawan,258802,50.0,60.0,55.0,kg,kg,False,14234110.0,True,258802,0,0.0,10,True,1450,0,0,0,0,0,0,0,0,252132,0,0,180,0,0,0,5040,0,0,0,0,0,0,0,0,0,0,0,0,0,0,0,0,0,0,,,,,,,,,,,,,10.0,0.18181818181818182,,,,0.5877852522924731,0.8090169943749475,0,0.0,0.0006955123994404989
Cabbage,vegetable,2082,5,2,bhadra,212740,15.0,60.0,46.01,kg,kg,False,9788167.4,True,212740,0,0.0,10,True,0,0,29680,0,0,0,0,0,0,168640,0,0,0,0,0,0,0,0,0,14420,0,0,0,0,0,0,0,0,0,0,0,0,0,0,0,55.0,,55.0,,50.0,,50.0,,60.0,,60.0,,45.0,0.9780482503803521,258802.0,258802.0,-0.17798162301682366,0.9510565162951535,0.30901699437494745,0,0.0,0.0
Cabbage,vegetable,2082,6,3,ashwin,188640,50.0,120.0,80.63,kg,kg,False,15210043.2,True,188640,0,0.0,10,True,0,0,36675,0,0,0,2210,3170,0,135380,0,0,0,0,0,0,4125,0,0,0,0,560,0,6520,0,0,0,0,0,0,0,0,0,0,0,46.01,55.0,50.504999999999995,6.356889962867061,15.0,50.0,32.5,24.748737341529164,60.0,60.0,60.0,0.0,70.0,0.8681632146843608,212740.0,212740.0,-0.11328382062611639,0.9510565162951536,-0.30901699437494734,0,0.0,0.0
Cabbage,vegetable,2082,7,4,kartik,377243,60.0,100.0,79.47,kg,kg,False,29979501.21,True,377243,0,0.0996572501013935,10,True,0,0,43675,0,0,0,13180,43055,0,152468,37595,0,0,0,0,0,37220,3170,0,0,0,25380,0,2140,0,19360,0,0,0,0,0,0,0,0,0,80.63,46.01,60.54666666666666,17.964137422468504,50.0,15.0,38.333333333333336,20.207259421636902,120.0,60.0,80.0,34.64101615137755,40.0,0.5033345916698125,188640.0,188640.0,0.9998038592027142,0.5877852522924732,-0.8090169943749473,37595,0.09965725010139354,0.0
Cabbage,vegetable,2082,8,5,mangsir,395167,40.0,90.0,61.16,kg,kg,False,24168413.72,True,395167,0,0.0808898516323478,10,True,0,0,0,0,0,0,11275,57390,12755,63915,31965,0,0,0,0,0,70262,0,0,0,0,104780,0,18320,0,19525,0,0,0,0,0,0,0,2370,2610,79.47,80.63,68.70333333333333,19.661559788921462,60.0,50.0,41.666666666666664,23.629078131263043,100.0,120.0,93.33333333333333,30.550504633038933,50.0,0.8175277959450622,377243.0,377243.0,0.04751314139692453,1.2246467991473532e-16,-1.0,31965,0.08088985163234784,0.0
Cabbage,vegetable,2082,9,6,poush,482590,30.0,60.0,42.5,kg,kg,False,20510075.0,True,482590,0,0.026689322198968,10,True,0,0,0,0,0,0,13290,52200,15550,0,12880,0,0,0,0,0,133100,0,0,0,0,246430,0,0,0,0,0,0,0,0,0,0,0,8450,690,61.16,79.47,73.75333333333333,10.92155819163792,40.0,60.0,50.0,10.000000000000005,90.0,100.0,103.33333333333333,15.275252316519468,30.0,0.7058823529411765,395167.0,395167.0,0.2212305177304785,-0.587785252292473,-0.8090169943749475,12880,0.02668932219896807,0.0
Cabbage,vegetable,2082,10,7,magh,306800,30.0,70.0,46.36,kg,kg,False,14223248.0,True,306800,0,0.0214471968709256,10,True,0,0,0,0,0,0,0,25280,5220,0,6580,0,0,0,0,0,125680,0,0,0,0,137820,0,0,0,0,0,0,0,0,0,0,0,2930,3290,42.5,61.16,61.04333333333333,18.485276122723548,30.0,40.0,43.333333333333336,15.275252316519472,60.0,90.0,83.33333333333333,20.816659994661325,40.0,0.8628127696289906,482590.0,482590.0,-0.364263660664332,-0.9510565162951535,-0.30901699437494756,6580,0.021447196870925684,0.0
Cabbage,vegetable,2082,11,8,falgun,271050,30.0,60.0,41.67,kg,kg,False,11294653.5,True,271050,0,0.0,10,True,0,0,0,0,0,0,1140,4420,3970,0,0,0,0,0,0,0,111050,0,0,0,0,146200,0,0,0,0,0,0,0,0,0,0,0,1140,3130,46.36,42.5,50.00666666666666,9.850001692047227,30.0,30.0,33.333333333333336,5.773502691896273,70.0,60.0,73.33333333333333,15.275252316519461,30.0,0.7199424046076314,306800.0,306800.0,-0.11652542372881355,-0.9510565162951536,0.30901699437494723,0,0.0,0.0
Cabbage,vegetable,2082,12,9,chaitra,333787,25.0,60.0,37.73,kg,kg,False,12593783.51,True,333787,0,0.0,10,True,0,0,0,0,0,0,2790,43637,1230,1140,0,0,0,0,0,0,146835,0,0,0,0,129415,0,0,0,0,0,0,0,0,0,0,0,0,8740,41.67,46.36,43.51,2.5028184113115417,30.0,30.0,30.0,0.0,60.0,70.0,63.333333333333336,5.773502691896239,35.0,0.927643784786642,271050.0,271050.0,0.2314591403800037,-0.5877852522924732,0.8090169943749473,0,0.0,0.0
Cabbage,vegetable,2083,1,10,baishakh,212905,25.0,60.0,37.39,kg,kg,False,7960517.95,True,212905,0,0.0,10,True,0,0,0,0,0,0,0,5560,0,61770,0,0,0,0,0,0,99465,0,0,0,0,42450,0,0,0,0,0,0,0,0,0,0,0,0,3660,37.73,41.67,41.919999999999995,4.320428219517142,25.0,30.0,28.333333333333332,2.886751345948169,60.0,60.0,63.333333333333336,5.773502691896239,35.0,0.9360791655522867,333787.0,333787.0,-0.36215310961781016,-2.4492935982947064e-16,1.0,0,0.0,0.0
Cabbage_Red,vegetable,2082,4,1,shrawan,5554,150.0,250.0,185.0,kg,kg,False,1027490.0,True,5554,0,0.0,10,True,0,0,0,0,0,0,0,0,0,0,0,0,1620,0,0,0,3724,0,0,210,0,0,0,0,0,0,0,0,0,0,0,0,0,0,0,,,,,,,,,,,,,100.0,0.5405405405405406,,,,0.5877852522924731,0.8090169943749475,0,0.0,0.291681670867843
Cabbage_Red,vegetable,2082,5,2,bhadra,2220,180.0,300.0,240.0,kg,kg,False,377089.2,True,2220,0,0.0,10,True,0,0,0,0,0,0,0,0,0,120,0,0,470,0,0,0,1420,0,0,210,0,0,0,0,0,0,0,0,0,0,0,0,0,0,0,185.0,,185.0,,150.0,,150.0,,250.0,,250.0,,120.0,0.5,5554.0,5554.0,-0.6002880806625855,0.9510565162951535,0.30901699437494745,0,0.0,0.21171171171171171
Cabbage_Red,vegetable,2082,6,3,ashwin,2660,200.0,600.0,350.0,kg,kg,False,1463000.0,True,2660,0,0.0,10,True,0,0,0,0,0,0,0,0,0,0,0,0,1210,0,0,0,910,0,0,540,0,0,0,0,0,0,0,0,0,0,0,0,0,0,0,240.0,185.0,212.5,38.890872965260115,180.0,150.0,165.0,21.213203435596427,300.0,250.0,275.0,35.35533905932738,400.0,1.1428571428571428,2220.0,2220.0,0.1981981981981982,0.9510565162951536,-0.30901699437494734,0,0.0,0.4548872180451128
Cabbage_Red,vegetable,2082,7,4,kartik,7305,200.0,600.0,350.0,kg,kg,False,2556750.0,True,7305,0,0.0,10,True,0,0,0,0,0,0,0,0,0,0,0,0,1450,0,0,0,5065,250,0,0,0,540,0,0,0,0,0,0,0,0,0,0,0,0,0,350.0,240.0,258.3333333333333,84.01388774085707,200.0,180.0,176.66666666666666,25.166114784235834,600.0,300.0,383.3333333333333,189.29694486000912,400.0,1.1428571428571428,2660.0,2660.0,1.7462406015037595,0.5877852522924732,-0.8090169943749473,0,0.0,0.19849418206707733
Cabbage_Red,vegetable,2082,8,5,mangsir,11645,200.0,400.0,265.79,kg,kg,False,3095124.55,True,11645,0,0.0,10,True,0,0,0,0,0,0,3250,0,0,0,0,0,590,0,0,0,4135,0,0,0,0,3670,0,0,0,0,0,0,0,0,0,0,0,0,0,350.0,350.0,313.3333333333333,63.50852961085886,200.0,200.0,193.33333333333334,11.547005383792529,600.0,600.0,500.0,173.20508075688775,200.0,0.752473757477708,7305.0,7305.0,0.5941136208076659,1.2246467991473532e-16,-1.0,0,0.0,0.050665521683125804
Cabbage_Red,vegetable,2082,9,6,poush,15280,200.0,300.0,250.0,kg,kg,False,3820000.0,True,15280,0,0.0,10,True,0,0,0,0,0,0,3250,0,0,0,0,0,320,0,0,0,5830,0,0,0,0,5880,0,0,0,0,0,0,0,0,0,0,0,0,0,265.79,350.0,321.93,48.618666168458425,200.0,200.0,200.0,0.0,400.0,600.0,533.3333333333334,115.47005383792519,100.0,0.4,11645.0,11645.0,0.31215113782739373,-0.587785252292473,-0.8090169943749475,0,0.0,0.020942408376963352
Cabbage_Red,vegetable,2082,10,7,magh,20430,80.0,350.0,250.57,kg,kg,False,5119145.1,True,20430,0,0.0,10,True,0,0,0,0,0,0,0,0,0,0,0,0,810,0,0,0,3020,0,0,0,0,16600,0,0,0,0,0,0,0,0,0,0,0,0,0,250.0,265.79,288.59666666666664,53.75972501169752,200.0,200.0,200.0,0.0,300.0,400.0,433.3333333333333,152.75252316519473,270.0,1.0775432015005788,15280.0,15280.0,0.3370418848167539,-0.9510565162951535,-0.30901699437494756,0,0.0,0.039647577092511016
Cabbage_Red,vegetable,2082,11,8,falgun,6560,80.0,350.0,213.61,kg,kg,False,1401281.6,True,6560,0,0.0,10,True,0,0,0,0,0,0,0,0,0,0,0,0,390,0,0,0,2570,0,0,0,0,3600,0,0,0,0,0,0,0,0,0,0,0,0,0,250.57,250.0,255.45333333333335,8.956351563741437,80.0,200.0,160.0,69.2820323027551,350.0,300.0,350.0,50.000000000000256,270.0,1.2639857684565328,20430.0,20430.0,-0.6789035731767009,-0.9510565162951536,0.30901699437494723,0,0.0,0.05945121951219512
Cabbage_Red,vegetable,2082,12,9,chaitra,15660,60.0,200.0,90.23,kg,kg,False,1413001.8,True,15660,0,0.0,10,True,0,0,0,0,0,0,0,0,0,0,0,0,600,0,0,0,5000,0,0,0,0,10060,0,0,0,0,0,0,0,0,0,0,0,0,0,213.61,250.57,238.06000000000003,21.176239042851744,80.0,80.0,120.0,69.2820323027551,350.0,350.0,333.3333333333333,28.867513459481778,140.0,1.5515903801396431,6560.0,6560.0,1.3871951219512195,-0.5877852522924732,0.8090169943749473,0,0.0,0.038314176245210725
Cabbage_Red,vegetable,2083,1,10,baishakh,4930,60.0,100.0,77.83,kg,kg,False,383701.9,True,4930,0,0.0,10,True,0,0,0,0,0,0,0,0,0,0,0,0,1140,0,0,0,2600,0,0,0,0,1190,0,0,0,0,0,0,0,0,0,0,0,0,0,90.23,213.61,184.8033333333333,83.96187785735457,60.0,80.0,73.33333333333333,11.547005383792513,200.0,350.0,300.0,86.60254037844406,40.0,0.5139406398560966,15660.0,15660.0,-0.6851851851851852,-2.4492935982947064e-16,1.0,0,0.0,0.23123732251521298
Carrot,vegetable,2082,4,1,shrawan,142920,100.0,150.0,113.8,kg,kg,False,16264296.0,True,142920,0,0.3639098796529527,10,True,0,0,0,0,0,0,0,0,0,23425,52010,0,42065,0,0,0,0,0,0,25420,0,0,0,0,0,0,0,0,0,0,0,0,0,0,0,,,,,,,,,,,,,50.0,0.43936731107205623,,,,0.5877852522924731,0.8090169943749475,52010,0.3639098796529527,0.2943254967814162
Carrot,vegetable,2082,5,2,bhadra,90255,40.0,150.0,82.78,kg,kg,False,7471308.9,True,90255,0,0.4662345576422358,10,True,0,0,0,0,0,0,0,0,0,8050,42080,0,15365,0,0,0,0,0,0,24760,0,0,0,0,0,0,0,0,0,0,0,0,0,0,0,113.8,,113.8,,100.0,,100.0,,150.0,,150.0,,110.0,1.3288233872916164,142920.0,142920.0,-0.3684928631402183,0.9510565162951535,0.30901699437494745,42080,0.46623455764223587,0.17023987590715195
Carrot,vegetable,2082,6,3,ashwin,95145,120.0,180.0,146.88,kg,kg,False,13974897.6,True,95145,0,0.5299805559934836,10,True,0,0,4875,0,0,0,0,0,0,18470,50425,0,6555,0,0,0,0,0,0,14820,0,0,0,0,0,0,0,0,0,0,0,0,0,0,0,82.78,113.8,98.28999999999999,21.934452352406698,40.0,100.0,70.0,42.42640687119285,150.0,150.0,150.0,0.0,60.0,0.4084967320261438,90255.0,90255.0,0.054179823832474654,0.9510565162951536,-0.30901699437494734,50425,0.5299805559934836,0.06889484471070471
Carrot,vegetable,2082,7,4,kartik,110755,120.0,180.0,149.0,kg,kg,False,16502495.0,True,110755,0,0.5064331181436504,10,True,0,0,0,0,0,0,0,0,0,42255,56090,0,2660,0,0,0,0,7510,0,0,0,0,0,2240,0,0,0,0,0,0,0,0,0,0,0,146.88,82.78,114.48666666666666,32.05551642593414,120.0,40.0,86.66666666666667,41.63331998932265,180.0,150.0,160.0,17.320508075688775,60.0,0.40268456375838924,95145.0,95145.0,0.16406537390299017,0.5877852522924732,-0.8090169943749473,56090,0.5064331181436504,0.02401697440296149
Carrot,vegetable,2082,8,5,mangsir,120280,120.0,180.0,141.11,kg,kg,False,16972710.8,True,120280,0,0.2905719986697705,10,True,0,0,0,0,0,0,0,0,0,13390,34950,0,42670,0,0,0,250,0,0,3380,0,25120,0,0,0,0,0,0,0,0,0,0,0,0,520,149.0,146.88,126.21999999999998,37.635074066620355,120.0,120.0,93.33333333333333,46.188021535170066,180.0,180.0,170.0,17.320508075688775,60.0,0.4252001984267592,110755.0,110755.0,0.08600063202564218,1.2246467991473532e-16,-1.0,34950,0.2905719986697705,0.35475557033588295
Carrot,vegetable,2082,9,6,poush,148925,60.0,130.0,88.86,kg,kg,False,13233475.5,True,148925,0,0.0103407755581668,10,True,0,0,0,0,0,0,0,0,0,0,1540,0,43630,0,0,0,3230,0,0,0,0,100525,0,0,0,0,0,0,0,0,0,0,0,0,0,141.11,149.0,145.66333333333333,4.083287074567909,120.0,120.0,120.0,0.0,180.0,180.0,180.0,0.0,70.0,0.7877560207067297,120280.0,120280.0,0.23815264383106086,-0.587785252292473,-0.8090169943749475,1540,0.010340775558166862,0.29296625818364946
Carrot,vegetable,2082,10,7,magh,92830,40.0,80.0,60.71,kg,kg,False,5635709.3,True,92830,0,0.0,10,True,0,0,0,0,0,0,0,0,0,0,0,0,10470,0,0,0,5710,0,0,0,0,76650,0,0,0,0,0,0,0,0,0,0,0,0,0,88.86,141.11,126.32333333333334,32.683161311802955,60.0,120.0,100.0,34.64101615137755,130.0,180.0,163.33333333333334,28.867513459481295,40.0,0.6588700378850272,148925.0,148925.0,-0.3766661071008897,-0.9510565162951535,-0.30901699437494756,0,0.0,0.11278681460734677
Carrot,vegetable,2082,11,8,falgun,106670,40.0,80.0,56.11,kg,kg,False,5985253.7,True,106670,0,0.0,10,True,0,0,0,0,0,0,0,0,0,0,0,0,6000,0,0,0,22750,0,0,0,0,77920,0,0,0,0,0,0,0,0,0,0,0,0,0,60.71,88.86,96.89333333333333,40.79755915901507,40.0,60.0,73.33333333333333,41.63331998932266,80.0,130.0,130.0,50.00000000000001,40.0,0.7128854036713599,92830.0,92830.0,0.1490897339222234,-0.9510565162951536,0.30901699437494723,0,0.0,0.05624824224242993
Carrot,vegetable,2082,12,9,chaitra,235385,30.0,60.0,45.91,kg,kg,False,10806525.35,True,235385,0,0.0,10,True,0,0,0,0,0,0,0,0,0,0,0,0,13175,0,0,0,46080,0,0,0,0,176130,0,0,0,0,0,0,0,0,0,0,0,0,0,56.11,60.71,68.56,17.730129723157727,40.0,40.0,46.666666666666664,11.547005383792524,80.0,80.0,96.66666666666667,28.867513459481298,30.0,0.6534524068830321,106670.0,106670.0,1.206665416705728,-0.5877852522924732,0.8090169943749473,0,0.0,0.055972130764492214
Carrot,vegetable,2083,1,10,baishakh,112335,30.0,70.0,46.74,kg,kg,False,5250537.9,True,112335,0,0.0,10,True,0,0,0,0,0,0,0,0,0,0,0,0,18695,0,0,0,29945,0,0,0,0,63695,0,0,0,0,0,0,0,0,0,0,0,0,0,45.91,56.11,54.24333333333333,7.574518686579009,30.0,40.0,36.666666666666664,5.7735026918962715,60.0,80.0,73.33333333333333,11.547005383792538,40.0,0.8557980316645272,235385.0,235385.0,-0.5227605837245364,-2.4492935982947064e-16,1.0,0,0.0,0.1664218631771042
Cauliflower_Hill,vegetable,2082,4,1,shrawan,215770,70.0,150.0,95.0,kg,kg,False,20498150.0,True,215770,0,0.0,10,True,0,0,0,0,0,0,0,0,0,215770,0,0,0,0,0,0,0,0,0,0,0,0,0,0,0,0,0,0,0,0,0,0,0,0,0,,,,,,,,,,,,,80.0,0.8421052631578947,,,,0.5877852522924731,0.8090169943749475,0,0.0,0.0
Cauliflower_Hill,vegetable,2082,5,2,bhadra,157481,60.0,150.0,83.06,kg,kg,False,13080371.86,False,90255,67226,0.4662345576422358,10,True,0,0,0,0,0,0,0,0,0,8050,42080,0,15365,0,0,0,0,0,0,24760,0,0,0,0,0,0,0,0,0,0,0,0,0,0,0,95.0,,95.0,,70.0,,70.0,,150.0,,150.0,,90.0,1.08355405730797,215770.0,215770.0,-0.27014413495852063,0.9510565162951535,0.30901699437494745,42080,0.46623455764223587,0.17023987590715195
Cauliflower_Hill,vegetable,2082,6,3,ashwin,167944,100.0,200.0,148.13,kg,kg,False,24877544.72,True,167944,0,0.0,10,True,0,0,15020,0,0,0,0,26469,4410,113250,0,0,0,0,0,0,5565,0,0,0,0,3230,0,0,0,0,0,0,0,0,0,0,0,0,0,83.06,95.0,89.03,8.442854967367376,60.0,70.0,65.0,7.0710678118654755,150.0,150.0,150.0,0.0,100.0,0.6750826976304598,157481.0,90255.0,0.0664397609870397,0.9510565162951536,-0.30901699437494734,0,0.0,0.0
Cauliflower_Hill,vegetable,2082,7,4,kartik,350358,120.0,180.0,138.42,kg,kg,False,48496554.36,True,350358,0,0.0,10,True,0,0,18645,0,0,0,0,59577,4100,154470,0,0,0,0,0,0,51221,920,0,0,0,30180,0,3790,0,27455,0,0,0,0,0,0,0,0,0,148.13,83.06,108.73,34.63973007977977,100.0,60.0,76.66666666666667,20.816659994661325,200.0,150.0,166.66666666666666,28.867513459481295,60.0,0.4334633723450369,167944.0,167944.0,1.0861596722717095,0.5877852522924732,-0.8090169943749473,0,0.0,0.0
Cauliflower_Hill,vegetable,2082,8,5,mangsir,354220,60.0,150.0,98.42,kg,kg,False,34862332.4,True,354220,0,0.0,10,True,0,0,0,0,6925,0,0,83970,10560,41600,0,0,0,0,0,0,78560,0,0,0,0,91880,0,3060,0,25065,0,0,0,0,0,0,0,0,12600,138.42,148.13,123.20333333333333,35.10251320537224,120.0,100.0,93.33333333333333,30.550504633038933,180.0,200.0,176.66666666666666,25.16611478423584,90.0,0.9144482828693354,350358.0,350358.0,0.011023010749005304,1.2246467991473532e-16,-1.0,0,0.0,0.0
Cauliflower_Hill,vegetable,2082,9,6,poush,508352,60.0,140.0,85.91,kg,kg,False,43672520.32,True,508352,0,0.0022622120105753,10,True,0,0,0,0,36595,0,0,80390,9825,0,1150,0,0,0,0,0,160909,0,0,0,0,211013,0,0,0,0,0,0,0,0,0,0,0,0,8470,98.42,138.42,128.32333333333332,26.34820740265516,60.0,120.0,93.33333333333333,30.550504633038933,150.0,180.0,176.66666666666666,25.16611478423584,80.0,0.9312070771737866,354220.0,354220.0,0.4351307097284174,-0.587785252292473,-0.8090169943749475,1150,0.002262212010575349,0.0
Cauliflower_Hill,vegetable,2082,10,7,magh,239175,10.0,140.0,52.36,kg,kg,False,12523203.0,True,239175,0,0.0,10,True,0,0,0,0,5320,0,0,25345,4540,0,0,0,0,0,0,0,113560,0,0,0,0,75360,0,0,0,0,0,0,0,0,0,0,0,0,15050,85.91,98.42,107.58333333333333,27.42808840100476,60.0,60.0,80.0,34.64101615137755,140.0,150.0,156.66666666666666,20.816659994661332,130.0,2.482811306340718,508352.0,508352.0,-0.5295090803222964,-0.9510565162951535,-0.30901699437494756,0,0.0,0.0
Cauliflower_Hill,vegetable,2082,11,8,falgun,174355,10.0,70.0,37.5,kg,kg,False,6538312.5,True,174355,0,0.0,10,True,0,0,0,0,1120,0,0,0,860,0,0,0,0,0,0,0,145810,0,0,0,0,18690,0,0,0,0,0,0,0,0,0,0,0,0,7875,52.36,85.91,78.89666666666666,23.81745228468679,10.0,60.0,43.333333333333336,28.867513459481287,140.0,140.0,143.33333333333334,5.773502691896264,60.0,1.6,239175.0,239175.0,-0.2710149472143828,-0.9510565162951536,0.30901699437494723,0,0.0,0.0
Cauliflower_Hill,vegetable,2082,12,9,chaitra,265410,15.0,120.0,78.86,kg,kg,False,20930232.6,True,265410,0,0.0,10,True,0,0,0,0,0,0,0,41080,0,68000,0,0,0,0,0,0,156010,0,0,0,0,0,0,0,0,0,0,0,0,0,0,0,0,0,320,37.5,52.36,58.589999999999996,24.799026190558333,10.0,10.0,26.666666666666668,28.867513459481284,70.0,140.0,116.66666666666667,40.41451884327381,105.0,1.331473497337053,174355.0,174355.0,0.522239109862063,-0.5877852522924732,0.8090169943749473,0,0.0,0.0
Cauliflower_Hill,vegetable,2083,1,10,baishakh,245855,50.0,100.0,67.39,kg,kg,False,16568168.45,True,245855,0,0.0,10,True,0,0,0,0,0,0,0,5800,0,161500,0,0,0,0,0,0,78555,0,0,0,0,0,0,0,0,0,0,0,0,0,0,0,0,0,0,78.86,37.5,56.24,20.951209988924226,15.0,10.0,11.666666666666666,2.886751345948072,120.0,70.0,110.0,36.0555127546399,50.0,0.7419498441905327,265410.0,265410.0,-0.07367845974153196,-2.4492935982947064e-16,1.0,0,0.0,0.0
Chilly_Green,vegetable,2082,4,1,shrawan,231855,80.0,150.0,105.4,kg,kg,False,24437517.0,True,231855,0,0.0,10,True,3840,0,0,0,0,0,0,7640,23835,48605,0,0,24965,0,0,0,66005,0,0,0,0,44325,0,5080,0,0,0,0,0,0,0,0,0,4800,2760,,,,,,,,,,,,,70.0,0.6641366223908918,,,,0.5877852522924731,0.8090169943749475,0,0.0,0.10767505553039615
Chilly_Green,vegetable,2082,5,2,bhadra,181195,60.0,150.0,98.75,kg,kg,False,17893006.25,True,181195,0,0.0,10,True,540,0,1120,0,9485,0,0,22100,7500,41615,0,0,19645,0,0,2560,37945,0,0,0,0,23650,0,5205,2680,0,0,0,0,0,0,0,0,6420,730,105.4,,105.4,,80.0,,80.0,,150.0,,150.0,,90.0,0.9113924050632911,231855.0,231855.0,-0.21849863060964828,0.9510565162951535,0.30901699437494745,0,0.0,0.10841910648748586
Chilly_Green,vegetable,2082,6,3,ashwin,161395,120.0,180.0,142.5,kg,kg,False,22998787.5,False,165315,-3920,0.1111816834528022,10,True,0,0,1540,0,540,0,0,29225,3450,41635,18380,0,6100,0,0,7840,28205,0,0,0,0,22080,0,4110,1680,0,0,0,0,0,0,0,0,530,0,98.75,105.4,102.075,4.702260094890545,60.0,80.0,70.0,14.142135623730951,150.0,150.0,150.0,0.0,60.0,0.42105263157894735,181195.0,181195.0,-0.1092745384806424,0.9510565162951536,-0.30901699437494734,18380,0.11118168345280223,0.036899252941354384
Chilly_Green,vegetable,2082,7,4,kartik,182906,120.0,180.0,135.79,kg,kg,False,24836805.74,True,182906,0,0.3644494986495795,10,True,0,0,7620,0,9540,0,870,19810,1080,29180,66660,0,1120,0,0,3640,11250,0,0,0,0,28156,0,3050,0,930,0,0,0,0,0,0,0,0,0,142.5,98.75,115.55,23.575039766668475,120.0,60.0,86.66666666666667,30.550504633038933,180.0,150.0,160.0,17.320508075688775,60.0,0.44185875248545553,161395.0,165315.0,0.1332817001765854,0.5877852522924732,-0.8090169943749473,66660,0.36444949864957954,0.006123363913704307
Chilly_Green,vegetable,2082,8,5,mangsir,202190,100.0,150.0,125.53,kg,kg,False,25380910.7,True,202190,0,0.4799446065581878,10,True,0,0,240,0,24760,0,2220,19600,4190,6210,97040,0,1120,0,0,560,18465,0,0,0,0,25675,0,2110,0,0,0,0,0,0,0,0,0,0,0,135.79,142.5,125.67999999999999,23.562145488049257,120.0,120.0,100.0,34.64101615137755,180.0,180.0,170.0,17.320508075688775,50.0,0.3983111606787222,182906.0,182906.0,0.10543120509988738,1.2246467991473532e-16,-1.0,97040,0.4799446065581878,0.005539344181215688
Chilly_Green,vegetable,2082,9,6,poush,228215,100.0,150.0,125.0,kg,kg,False,28526875.0,True,228215,0,0.6676379729640909,10,True,0,0,540,0,10600,0,5200,5650,17025,0,152365,0,0,0,0,520,17340,0,0,0,0,18455,0,520,0,0,0,0,0,0,0,0,0,0,0,125.53,135.79,134.60666666666665,8.546662116483466,100.0,120.0,113.33333333333333,11.547005383792513,150.0,180.0,170.0,17.320508075688775,50.0,0.4,202190.0,202190.0,0.1287155645679806,-0.587785252292473,-0.8090169943749475,152365,0.6676379729640909,0.0
Chilly_Green,vegetable,2082,10,7,magh,140244,100.0,220.0,165.43,kg,kg,False,23200564.92,True,140244,0,0.7780725022104332,10,True,0,0,0,0,10630,0,120,210,2675,0,109120,0,0,0,0,0,524,0,0,0,0,16965,0,0,0,0,0,0,0,0,0,0,0,0,0,125.0,125.53,128.77333333333334,6.082387141027223,100.0,100.0,106.66666666666667,11.547005383792513,150.0,150.0,160.0,17.320508075688775,120.0,0.7253823369400955,228215.0,228215.0,-0.3854742238678439,-0.9510565162951535,-0.30901699437494756,109120,0.7780725022104332,0.0
Chilly_Green,vegetable,2082,11,8,falgun,110415,150.0,220.0,197.78,kg,kg,False,21837878.7,True,110415,0,0.8221709006928406,10,True,0,0,0,0,3810,0,0,0,150,0,90780,0,0,0,0,0,25,0,0,0,0,15650,0,0,0,0,0,0,0,0,0,0,0,0,0,165.43,125.0,138.65333333333334,23.19078768246853,100.0,100.0,100.0,0.0,220.0,150.0,173.33333333333334,40.4145188432738,70.0,0.35392860754373545,140244.0,140244.0,-0.2126935911696757,-0.9510565162951536,0.30901699437494723,90780,0.8221709006928406,0.0
Chilly_Green,vegetable,2082,12,9,chaitra,169325,130.0,220.0,174.32,kg,kg,False,29516734.0,True,169325,0,0.7707662778680053,10,True,0,0,0,0,19380,0,0,0,0,0,130510,0,0,0,0,0,25,0,0,0,0,19410,0,0,0,0,0,0,0,0,0,0,0,0,0,197.78,165.43,162.73666666666668,36.464676514859356,150.0,100.0,116.66666666666667,28.867513459481287,220.0,220.0,196.66666666666666,40.4145188432738,90.0,0.5162918770078018,110415.0,110415.0,0.5335325816238735,-0.5877852522924732,0.8090169943749473,130510,0.7707662778680053,0.0
Chilly_Green,vegetable,2083,1,10,baishakh,187097,100.0,180.0,130.22,kg,kg,False,24363771.34,True,187097,0,0.570383277123631,10,True,0,0,0,0,16585,0,0,1140,0,0,106717,0,3710,0,0,0,7875,0,0,0,0,51070,0,0,0,0,0,0,0,0,0,0,0,0,0,174.32,197.78,179.17666666666665,16.712900207125532,130.0,150.0,126.66666666666667,25.16611478423583,220.0,220.0,220.0,0.0,80.0,0.6143449546920596,169325.0,169325.0,0.10495792115753728,-2.4492935982947064e-16,1.0,106717,0.570383277123631,0.01982928641293019
Christophine,vegetable,2082,4,1,shrawan,25150,60.0,70.0,65.0,kg,kg,False,1634750.0,True,25150,0,0.0,10,True,0,0,0,0,0,0,0,0,0,19250,0,0,0,0,0,0,5900,0,0,0,0,0,0,0,0,0,0,0,0,0,0,0,0,0,0,,,,,,,,,,,,,10.0,0.15384615384615385,,,,0.5877852522924731,0.8090169943749475,0,0.0,0.0
Christophine,vegetable,2082,5,2,bhadra,40225,50.0,80.0,68.61,kg,kg,False,2759837.25,True,40225,0,0.0,10,True,0,0,990,0,0,0,0,1120,0,25865,0,0,0,0,0,0,11070,0,0,0,0,1180,0,0,0,0,0,0,0,0,0,0,0,0,0,65.0,,65.0,,60.0,,60.0,,70.0,,70.0,,30.0,0.4372540445999126,25150.0,25150.0,0.5994035785288271,0.9510565162951535,0.30901699437494745,0,0.0,0.0
Christophine,vegetable,2082,6,3,ashwin,49146,40.0,60.0,51.88,kg,kg,False,2549694.48,True,49146,0,0.0,10,True,0,0,0,0,0,0,0,0,0,27875,0,0,0,0,0,0,20131,0,0,0,0,1140,0,0,0,0,0,0,0,0,0,0,0,0,0,68.61,65.0,66.805,2.5526554800834313,50.0,60.0,55.0,7.0710678118654755,80.0,70.0,75.0,7.0710678118654755,20.0,0.3855050115651503,40225.0,40225.0,0.2217775015537601,0.9510565162951536,-0.30901699437494734,0,0.0,0.0
Christophine,vegetable,2082,7,4,kartik,55790,30.0,50.0,35.53,kg,kg,False,1982218.7,True,55790,0,0.0200752823086574,10,True,0,0,0,0,0,0,0,1140,875,23540,1120,0,0,0,0,0,25935,0,0,0,0,1140,0,0,0,2040,0,0,0,0,0,0,0,0,0,51.88,68.61,61.830000000000005,8.803970695089802,40.0,50.0,50.0,10.0,60.0,80.0,70.0,10.0,20.0,0.5629045876723895,49146.0,49146.0,0.1351890286086355,0.5877852522924732,-0.8090169943749473,1120,0.020075282308657464,0.0
Christophine,vegetable,2082,8,5,mangsir,37820,30.0,40.0,35.0,kg,kg,False,1323700.0,True,37820,0,0.0,10,True,0,0,0,0,0,0,0,420,0,8330,0,0,0,0,0,0,0,0,0,0,0,29070,0,0,0,0,0,0,0,0,0,0,0,0,0,35.53,51.88,52.00666666666667,16.540363760610994,30.0,40.0,40.0,10.0,50.0,60.0,63.333333333333336,15.275252316519468,10.0,0.2857142857142857,55790.0,55790.0,-0.32210073489872737,1.2246467991473532e-16,-1.0,0,0.0,0.0
Christophine,vegetable,2082,9,6,poush,23850,30.0,40.0,35.0,kg,kg,False,834750.0,True,23850,0,0.0,10,True,180,0,0,0,0,0,360,0,0,0,0,0,0,0,0,0,21660,0,0,0,0,1650,0,0,0,0,0,0,0,0,0,0,0,0,0,35.0,35.53,40.803333333333335,9.59633436960871,30.0,30.0,33.333333333333336,5.773502691896258,40.0,50.0,50.0,10.000000000000004,10.0,0.2857142857142857,37820.0,37820.0,-0.369381279746166,-0.587785252292473,-0.8090169943749475,0,0.0,0.0
Christophine,vegetable,2082,10,7,magh,13900,30.0,80.0,63.0,kg,kg,False,875700.0,True,13900,0,0.7856115107913669,10,True,0,0,0,0,0,0,0,0,0,0,10920,0,0,0,0,0,2980,0,0,0,0,0,0,0,0,0,0,0,0,0,0,0,0,0,0,35.0,35.0,35.17666666666667,0.30599564267058466,30.0,30.0,30.0,0.0,40.0,40.0,43.333333333333336,5.7735026918962635,50.0,0.7936507936507936,23850.0,23850.0,-0.4171907756813417,-0.9510565162951535,-0.30901699437494756,10920,0.7856115107913669,0.0
Christophine,vegetable,2082,11,8,falgun,11430,60.0,80.0,70.0,kg,kg,False,800100.0,True,11430,0,0.8880139982502188,10,True,0,0,0,0,0,0,0,0,0,0,10150,0,0,0,0,0,1280,0,0,0,0,0,0,0,0,0,0,0,0,0,0,0,0,0,0,63.0,35.0,44.333333333333336,16.165807537309522,30.0,30.0,30.0,0.0,80.0,40.0,53.333333333333336,23.094010767585033,20.0,0.2857142857142857,13900.0,13900.0,-0.1776978417266187,-0.9510565162951536,0.30901699437494723,10150,0.8880139982502188,0.0
Christophine,vegetable,2082,12,9,chaitra,38038,60.0,70.0,65.0,kg,kg,False,2472470.0,True,38038,0,0.8922656291077343,10,True,0,0,0,0,1450,0,0,0,0,0,33940,0,0,0,0,0,2648,0,0,0,0,0,0,0,0,0,0,0,0,0,0,0,0,0,0,70.0,63.0,56.0,18.520259177452136,60.0,30.0,40.0,17.32050807568877,80.0,80.0,66.66666666666667,23.09401076758503,10.0,0.15384615384615385,11430.0,11430.0,2.327909011373578,-0.5877852522924732,0.8090169943749473,33940,0.8922656291077343,0.0
Christophine,vegetable,2083,1,10,baishakh,19785,60.0,70.0,65.0,kg,kg,False,1286025.0,True,19785,0,0.8577204953247409,10,True,0,0,0,0,0,0,0,0,0,0,16970,0,0,0,0,0,2815,0,0,0,0,0,0,0,0,0,0,0,0,0,0,0,0,0,0,65.0,70.0,66.0,3.605551275463989,60.0,60.0,50.0,17.320508075688764,70.0,80.0,76.66666666666667,5.77350269189624,10.0,0.15384615384615385,38038.0,38038.0,-0.47986224302013775,-2.4492935982947064e-16,1.0,16970,0.8577204953247409,0.0
Coconut,fruit,2082,4,1,shrawan,109395,140.0,160.0,144.2,nos,nos,False,15774759.0,True,109395,0,1.0,10,True,0,0,0,0,0,0,0,0,0,0,109395,0,0,0,0,0,0,0,0,0,0,0,0,0,0,0,0,0,0,0,0,0,0,0,0,,,,,,,,,,,,,20.0,0.1386962552011096,,,,0.5877852522924731,0.8090169943749475,109395,1.0,0.0
Coconut,fruit,2082,5,2,bhadra,112165,140.0,160.0,141.67,nos,nos,False,15890415.55,True,112165,0,1.0,10,True,0,0,0,0,0,0,0,0,0,0,112165,0,0,0,0,0,0,0,0,0,0,0,0,0,0,0,0,0,0,0,0,0,0,0,0,144.2,,144.2,,140.0,,140.0,,160.0,,160.0,,20.0,0.14117314886708549,109395.0,109395.0,0.025321084144613558,0.9510565162951535,0.30901699437494745,112165,1.0,0.0
Coconut,fruit,2082,6,3,ashwin,109385,150.0,160.0,155.0,nos,nos,False,16954675.0,True,109385,0,1.0,10,True,0,0,0,0,0,0,0,0,0,0,109385,0,0,0,0,0,0,0,0,0,0,0,0,0,0,0,0,0,0,0,0,0,0,0,0,141.67,144.2,142.935,1.788980156401976,140.0,140.0,140.0,0.0,160.0,160.0,160.0,0.0,10.0,0.06451612903225806,112165.0,112165.0,-0.02478491508046182,0.9510565162951536,-0.30901699437494734,109385,1.0,0.0
Coconut,fruit,2082,7,4,kartik,57060,150.0,160.0,155.0,nos,nos,False,8844300.0,True,57060,0,1.0,10,True,0,0,0,0,0,0,0,0,0,0,57060,0,0,0,0,0,0,0,0,0,0,0,0,0,0,0,0,0,0,0,0,0,0,0,0,155.0,141.67,146.95666666666668,7.079663362994972,150.0,140.0,143.33333333333334,5.773502691896254,160.0,160.0,160.0,0.0,10.0,0.06451612903225806,109385.0,109385.0,-0.47835626457009645,0.5877852522924732,-0.8090169943749473,57060,1.0,0.0
Coconut,fruit,2082,8,5,mangsir,63855,150.0,160.0,155.0,nos,nos,False,9897525.0,True,63855,0,1.0,10,True,0,0,0,0,0,0,0,0,0,0,63855,0,0,0,0,0,0,0,0,0,0,0,0,0,0,0,0,0,0,0,0,0,0,0,0,155.0,155.0,150.55666666666664,7.6960790882976875,150.0,150.0,146.66666666666666,5.773502691896254,160.0,160.0,160.0,0.0,10.0,0.06451612903225806,57060.0,57060.0,0.11908517350157728,1.2246467991473532e-16,-1.0,63855,1.0,0.0
Coconut,fruit,2082,9,6,poush,71140,150.0,160.0,155.0,nos,nos,False,11026700.0,True,71140,0,0.9955018273826258,10,True,0,0,0,0,320,0,0,0,0,0,70820,0,0,0,0,0,0,0,0,0,0,0,0,0,0,0,0,0,0,0,0,0,0,0,0,155.0,155.0,155.0,0.0,150.0,150.0,150.0,0.0,160.0,160.0,160.0,0.0,10.0,0.06451612903225806,63855.0,63855.0,0.11408660245869548,-0.587785252292473,-0.8090169943749475,70820,0.9955018273826258,0.0
Coconut,fruit,2082,10,7,magh,80995,150.0,160.0,155.0,nos,nos,False,12554225.0,False,80955,40,1.0,10,True,0,0,0,0,0,0,0,0,0,0,80955,0,0,0,0,0,0,0,0,0,0,0,0,0,0,0,0,0,0,0,0,0,0,0,0,155.0,155.0,155.0,0.0,150.0,150.0,150.0,0.0,160.0,160.0,160.0,0.0,10.0,0.06451612903225806,71140.0,71140.0,0.13852965982569582,-0.9510565162951535,-0.30901699437494756,80955,1.0,0.0
Coconut,fruit,2082,11,8,falgun,79890,150.0,160.0,155.0,nos,nos,False,12382950.0,True,79890,0,1.0,10,True,0,0,0,0,0,0,0,0,0,0,79890,0,0,0,0,0,0,0,0,0,0,0,0,0,0,0,0,0,0,0,0,0,0,0,0,155.0,155.0,155.0,0.0,150.0,150.0,150.0,0.0,160.0,160.0,160.0,0.0,10.0,0.06451612903225806,80995.0,80955.0,-0.01364281745786777,-0.9510565162951536,0.30901699437494723,79890,1.0,0.0
Coconut,fruit,2082,12,9,chaitra,139855,150.0,160.0,155.0,nos,nos,False,21677525.0,True,139855,0,1.0,10,True,0,0,0,0,0,0,0,0,0,0,139855,0,0,0,0,0,0,0,0,0,0,0,0,0,0,0,0,0,0,0,0,0,0,0,0,155.0,155.0,155.0,0.0,150.0,150.0,150.0,0.0,160.0,160.0,160.0,0.0,10.0,0.06451612903225806,79890.0,79890.0,0.7505945675303543,-0.5877852522924732,0.8090169943749473,139855,1.0,0.0
Coconut,fruit,2083,1,10,baishakh,95375,150.0,160.0,155.0,nos,nos,False,14783125.0,True,95375,0,1.0,10,True,0,0,0,0,0,0,0,0,0,0,95375,0,0,0,0,0,0,0,0,0,0,0,0,0,0,0,0,0,0,0,0,0,0,0,0,155.0,155.0,155.0,0.0,150.0,150.0,150.0,0.0,160.0,160.0,160.0,0.0,10.0,0.06451612903225806,139855.0,139855.0,-0.3180436881055379,-2.4492935982947064e-16,1.0,95375,1.0,0.0
Coriander_Green,vegetable,2082,4,1,shrawan,35724,250.0,800.0,536.0,kg,kg,False,19148064.0,True,35724,0,0.0,10,True,0,0,0,0,1140,0,0,0,0,8140,0,0,2344,0,0,0,23815,0,0,0,0,285,0,0,0,0,0,0,0,0,0,0,0,0,0,,,,,,,,,,,,,550.0,1.0261194029850746,,,,0.5877852522924731,0.8090169943749475,0,0.0,0.06561415295039749
Coriander_Green,vegetable,2082,5,2,bhadra,27628,100.0,572.0,336.11,kg,kg,False,9286047.08,True,27628,0,0.0,10,True,0,0,0,0,0,0,0,0,0,8265,0,0,1605,0,0,0,17708,0,0,0,0,50,0,0,0,0,0,0,0,0,0,0,0,0,0,536.0,,536.0,,250.0,,250.0,,800.0,,800.0,,472.0,1.4043021629823569,35724.0,35724.0,-0.22662635763072445,0.9510565162951535,0.30901699437494745,0,0.0,0.058093238743303896
Coriander_Green,vegetable,2082,6,3,ashwin,26822,300.0,762.0,531.25,kg,kg,False,14249187.5,True,26822,0,0.0,10,True,0,0,0,0,0,0,0,120,0,5490,0,0,1730,0,0,0,19072,0,0,0,0,410,0,0,0,0,0,0,0,0,0,0,0,0,0,336.11,536.0,436.055,141.34357449137897,100.0,250.0,175.0,106.06601717798213,572.0,800.0,686.0,161.22034611053283,462.0,0.8696470588235294,27628.0,27628.0,-0.029173302446793108,0.9510565162951536,-0.30901699437494734,0,0.0,0.06449929162627693
Coriander_Green,vegetable,2082,7,4,kartik,41150,200.0,600.0,403.95,kg,kg,False,16622542.5,True,41150,0,0.0,10,True,0,0,0,0,0,0,0,240,0,10155,0,0,2435,0,0,0,28110,0,0,0,0,210,0,0,0,0,0,0,0,0,0,0,0,0,0,531.25,336.11,467.7866666666667,114.0600676544308,300.0,100.0,216.66666666666666,104.08329997330664,762.0,572.0,711.3333333333334,122.15290963924409,400.0,0.9902215620745142,26822.0,26822.0,0.5341883528446797,0.5877852522924732,-0.8090169943749473,0,0.0,0.059173754556500605
Coriander_Green,vegetable,2082,8,5,mangsir,39370,100.0,580.0,348.68,kg,kg,False,13727531.6,True,39370,0,0.0,10,True,0,0,0,0,1860,0,0,0,0,3700,0,0,3210,0,0,0,29520,0,0,0,0,930,0,0,0,0,0,0,0,0,0,0,0,0,150,403.95,531.25,423.77,99.06830572892626,200.0,300.0,200.0,100.0,600.0,762.0,644.6666666666666,102.5735508468598,480.0,1.3766203969255477,41150.0,41150.0,-0.04325637910085055,1.2246467991473532e-16,-1.0,0,0.0,0.08153416306832614
Coriander_Green,vegetable,2082,9,6,poush,46078,100.0,200.0,135.23,kg,kg,False,6231127.94,True,46078,0,0.0,10,True,0,0,0,0,6510,0,0,0,0,0,0,0,1305,0,0,0,38013,0,0,0,0,250,0,0,0,0,0,0,0,0,0,0,0,0,0,348.68,403.95,427.96000000000004,93.62324123848738,100.0,200.0,200.0,100.0,580.0,600.0,647.3333333333334,99.80647941558371,100.0,0.7394808844191378,39370.0,39370.0,0.17038354076708154,-0.587785252292473,-0.8090169943749475,0,0.0,0.028321541733582187
Coriander_Green,vegetable,2082,10,7,magh,32317,20.0,150.0,59.29,kg,kg,False,1916074.93,True,32317,0,0.0,10,True,0,0,0,0,3982,0,0,0,0,0,0,0,1500,0,0,0,26295,0,0,0,0,540,0,0,0,0,0,0,0,0,0,0,0,0,0,135.23,348.68,295.9533333333333,141.90731353011145,100.0,100.0,133.33333333333334,57.735026918962575,200.0,580.0,460.0,225.3885533916929,130.0,2.192612582222972,46078.0,46078.0,-0.29864577455618735,-0.9510565162951535,-0.30901699437494756,0,0.0,0.04641519943064022
Coriander_Green,vegetable,2082,11,8,falgun,27410,20.0,60.0,35.56,kg,kg,False,974699.6,True,27410,0,0.0,10,True,0,0,0,0,1500,0,0,0,0,0,0,0,520,0,0,0,24850,0,0,0,0,540,0,0,0,0,0,0,0,0,0,0,0,0,0,59.29,135.23,181.0666666666667,150.04130442425972,20.0,100.0,73.33333333333333,46.18802153517008,150.0,200.0,310.0,235.15952032609695,40.0,1.124859392575928,32317.0,32317.0,-0.1518395890707677,-0.9510565162951536,0.30901699437494723,0,0.0,0.01897117840204305
Coriander_Green,vegetable,2082,12,9,chaitra,41235,30.0,250.0,102.05,kg,kg,False,4208031.75,True,41235,0,0.0,10,True,0,0,0,0,0,0,0,0,0,2505,0,0,1590,0,0,0,37140,0,0,0,0,0,0,0,0,0,0,0,0,0,0,0,0,0,0,35.56,59.29,76.69333333333333,52.06423180393033,20.0,20.0,46.666666666666664,46.18802153517009,60.0,150.0,136.66666666666666,70.94598884597592,220.0,2.1558059774620286,27410.0,27410.0,0.5043779642466253,-0.5877852522924732,0.8090169943749473,0,0.0,0.038559476173153875
Coriander_Green,vegetable,2083,1,10,baishakh,36415,50.0,250.0,128.26,kg,kg,False,4670587.9,True,36415,0,0.0,10,True,0,0,0,0,0,0,0,0,0,9835,0,0,1205,0,0,0,25290,0,0,0,0,85,0,0,0,0,0,0,0,0,0,0,0,0,0,102.05,35.56,65.63333333333334,33.69582219405536,30.0,20.0,23.333333333333332,5.773502691896523,250.0,60.0,153.33333333333334,95.04384952922173,200.0,1.559332605644784,41235.0,41235.0,-0.1168909906632715,-2.4492935982947064e-16,1.0,0,0.0,0.03309075930248524
Cow_Pea,vegetable,2082,4,1,shrawan,285960,40.0,180.0,78.0,kg,kg,False,22304880.0,True,285960,0,0.0,10,True,0,0,0,0,5205,0,0,82340,3150,27500,0,0,18489,0,0,0,60138,0,0,0,0,79513,0,0,0,0,0,0,0,0,4920,0,0,0,4705,,,,,,,,,,,,,140.0,1.794871794871795,,,,0.5877852522924731,0.8090169943749475,0,0.0,0.06465589592950063
Cow_Pea,vegetable,2082,5,2,bhadra,202173,30.0,180.0,68.47,kg,kg,False,13842785.31,True,202173,0,0.0538647593892359,10,True,0,0,0,0,9730,0,0,45985,970,18130,10890,0,14150,0,0,0,40768,0,0,0,0,44695,0,5680,0,0,0,0,0,0,4440,0,0,0,6735,78.0,,78.0,,40.0,,40.0,,180.0,,180.0,,150.0,2.1907404702789544,285960.0,285960.0,-0.2930025178346622,0.9510565162951535,0.30901699437494745,10890,0.053864759389235954,0.06998956339372715
Cow_Pea,vegetable,2082,6,3,ashwin,155168,130.0,220.0,165.31,kg,kg,False,25650822.08,True,155168,0,0.0352521138379047,10,True,0,0,0,0,11070,0,0,46515,4050,8700,5470,0,0,0,0,0,31135,0,0,0,0,36228,0,2830,0,0,0,0,0,0,0,0,0,0,9170,68.47,78.0,73.235,6.738727624707799,30.0,40.0,35.0,7.0710678118654755,180.0,180.0,180.0,0.0,90.0,0.544431673824935,202173.0,202173.0,-0.2324988994573954,0.9510565162951536,-0.30901699437494734,5470,0.03525211383790472,0.0
Cow_Pea,vegetable,2082,7,4,kartik,166037,80.0,200.0,128.95,kg,kg,False,21410471.15,True,166037,0,0.0729957780494709,10,True,0,0,0,0,15900,0,0,48583,5050,1140,12120,0,0,0,0,0,30319,0,0,0,0,37175,0,5960,0,0,0,0,0,0,1140,0,0,0,8650,165.31,68.47,103.92666666666666,53.37265623269404,130.0,30.0,66.66666666666667,55.07570547286102,220.0,180.0,193.33333333333334,23.094010767585026,120.0,0.9305932531989144,155168.0,155168.0,0.0700466591049701,0.5877852522924732,-0.8090169943749473,12120,0.0729957780494709,0.0
Cow_Pea,vegetable,2082,8,5,mangsir,177430,90.0,230.0,138.95,kg,kg,False,24653898.5,True,177430,0,0.1827763061489038,10,True,0,0,0,0,12855,0,0,33430,1890,1380,32430,0,0,0,0,0,27620,0,0,0,0,29110,0,540,0,0,0,0,0,0,35995,0,0,0,2180,128.95,165.31,120.91000000000001,48.91807028082773,80.0,130.0,80.0,49.99999999999999,200.0,220.0,200.0,19.999999999999993,140.0,1.0075566750629723,166037.0,166037.0,0.06861723591729554,1.2246467991473532e-16,-1.0,32430,0.1827763061489038,0.0
Cow_Pea,vegetable,2082,9,6,poush,104840,80.0,150.0,115.0,kg,kg,False,12056600.0,True,104840,0,0.1792731781762686,10,True,0,0,0,0,2460,0,0,13100,0,0,18795,0,0,0,0,0,11335,0,0,0,0,21540,0,0,0,0,0,0,0,0,37400,0,0,0,210,138.95,128.95,144.4033333333333,18.783411120809117,90.0,80.0,100.0,26.4575131106459,230.0,200.0,216.66666666666666,15.275252316519461,70.0,0.6086956521739131,177430.0,177430.0,-0.40911908921828327,-0.587785252292473,-0.8090169943749475,18795,0.1792731781762686,0.0
Cow_Pea,vegetable,2082,10,7,magh,27330,80.0,150.0,128.64,kg,kg,False,3515731.2,True,27330,0,0.44273691913648,10,True,0,0,0,0,0,0,0,0,0,0,12100,0,0,0,0,0,2660,0,0,0,0,5580,0,0,0,0,0,0,0,0,6990,0,0,0,0,115.0,138.95,127.63333333333333,12.029165945041001,80.0,90.0,83.33333333333333,5.773502691896217,150.0,230.0,193.33333333333334,40.414518843273804,70.0,0.5441542288557214,104840.0,104840.0,-0.7393170545593285,-0.9510565162951535,-0.30901699437494756,12100,0.44273691913648006,0.0
Cow_Pea,vegetable,2082,11,8,falgun,7495,130.0,150.0,140.0,kg,kg,False,1049300.0,True,7495,0,0.6010673782521682,10,True,0,0,0,0,0,0,0,0,0,0,4505,0,0,0,0,0,2450,0,0,0,0,540,0,0,0,0,0,0,0,0,0,0,0,0,0,128.64,115.0,127.52999999999999,12.013521548655117,80.0,80.0,83.33333333333333,5.773502691896217,150.0,150.0,176.66666666666666,46.188021535170066,20.0,0.14285714285714285,27330.0,27330.0,-0.725759238931577,-0.9510565162951536,0.30901699437494723,4505,0.6010673782521682,0.0
Cow_Pea,vegetable,2082,12,9,chaitra,134272,130.0,200.0,166.67,kg,kg,False,22379114.24,True,134272,0,0.3720209723546234,10,True,0,0,0,0,28130,0,0,7350,0,0,49952,0,0,0,0,0,0,0,0,0,0,48840,0,0,0,0,0,0,0,0,0,0,0,0,0,140.0,128.64,127.88,12.517316006237158,130.0,80.0,96.66666666666667,28.86751345948128,150.0,150.0,150.0,0.0,70.0,0.4199916001679967,7495.0,7495.0,16.914876584389592,-0.5877852522924732,0.8090169943749473,49952,0.37202097235462345,0.0
Cow_Pea,vegetable,2083,1,10,baishakh,165310,60.0,160.0,91.3,kg,kg,False,15092803.0,True,165310,0,0.2478978888149537,10,True,0,0,0,0,29190,0,0,31655,630,0,40980,0,0,0,0,0,2905,0,0,0,0,56260,0,0,0,0,0,0,0,0,3690,0,0,0,0,166.67,140.0,145.10333333333332,19.521865518780096,130.0,130.0,113.33333333333333,28.86751345948128,200.0,150.0,166.66666666666666,28.867513459481284,100.0,1.095290251916758,134272.0,134272.0,0.23115765014299333,-2.4492935982947064e-16,1.0,40980,0.24789788881495373,0.0
Cress_Leaf,vegetable,2082,4,1,shrawan,0,60.0,100.0,71.94,mutha,mutha,False,0.0,True,0,0,,9,False,0,0,0,0,0,0,0,0,0,0,0,0,0,0,0,0,0,0,0,0,0,0,0,0,0,0,0,0,0,0,0,0,0,0,0,,,,,,,,,,,,,40.0,0.5560189046427578,,,,0.5877852522924731,0.8090169943749475,0,0.0,0.0
Cress_Leaf,vegetable,2082,6,3,ashwin,990,,,173.75,mutha,mutha,False,172012.5,True,990,0,0.0,9,False,0,0,0,0,0,0,0,0,0,0,0,0,0,0,0,0,990,0,0,0,0,0,0,0,0,0,0,0,0,0,0,0,0,0,0,71.94,,71.94,,60.0,,60.0,,100.0,,100.0,,,,0.0,0.0,,0.9510565162951536,-0.30901699437494734,0,0.0,0.0
Cress_Leaf,vegetable,2082,7,4,kartik,3990,80.0,200.0,128.95,mutha,mutha,False,514510.5,True,3990,0,0.0,9,False,0,0,0,0,0,0,0,0,0,0,0,0,150,0,0,0,3840,0,0,0,0,0,0,0,0,0,0,0,0,0,0,0,0,0,0,173.75,71.94,122.845,71.99054139260241,,60.0,60.0,,,100.0,100.0,,120.0,0.9305932531989144,990.0,990.0,3.0303030303030303,0.5877852522924732,-0.8090169943749473,0,0.0,0.03759398496240601
Cress_Leaf,vegetable,2082,8,5,mangsir,5170,,,108.5,mutha,mutha,False,560945.0,True,5170,0,0.0,9,False,0,0,0,0,0,0,0,0,0,0,0,0,0,0,0,0,0,0,0,0,0,5170,0,0,0,0,0,0,0,0,0,0,0,0,0,128.95,173.75,124.88,51.02688213089254,80.0,,70.0,14.142135623730951,200.0,,150.0,70.71067811865476,,,3990.0,3990.0,0.2957393483709273,1.2246467991473532e-16,-1.0,0,0.0,0.0
Cress_Leaf,vegetable,2082,9,6,poush,6410,,,77.49,mutha,mutha,False,496710.9,True,6410,0,0.0,9,False,0,0,0,0,0,0,0,0,0,0,0,0,0,0,0,0,6410,0,0,0,0,0,0,0,0,0,0,0,0,0,0,0,0,0,0,108.5,128.95,137.06666666666666,33.373654779381496,,80.0,80.0,,,200.0,200.0,,,,5170.0,5170.0,0.23984526112185686,-0.587785252292473,-0.8090169943749475,0,0.0,0.0
Cress_Leaf,vegetable,2082,10,7,magh,7670,,,52.5,mutha,mutha,False,402675.0,True,7670,0,0.0,9,False,0,0,0,0,0,0,0,0,0,0,0,0,0,0,0,0,7670,0,0,0,0,0,0,0,0,0,0,0,0,0,0,0,0,0,0,77.49,108.5,104.98,25.909953685794186,,,80.0,,,,200.0,,,,6410.0,6410.0,0.19656786271450857,-0.9510565162951535,-0.30901699437494756,0,0.0,0.0
Cress_Leaf,vegetable,2082,11,8,falgun,3780,,,40.56,mutha,mutha,False,153316.8,True,3780,0,0.0,9,False,0,0,0,0,0,0,0,0,0,0,0,0,0,0,0,0,3780,0,0,0,0,0,0,0,0,0,0,0,0,0,0,0,0,0,0,52.5,77.49,79.49666666666667,28.053877331544257,,,,,,,,,,,7670.0,7670.0,-0.5071707953063885,-0.9510565162951536,0.30901699437494723,0,0.0,0.0
Cress_Leaf,vegetable,2082,12,9,chaitra,4770,,,47.5,mutha,mutha,False,226575.0,True,4770,0,0.0,9,False,0,0,0,0,0,0,0,0,0,0,0,0,0,0,0,0,4770,0,0,0,0,0,0,0,0,0,0,0,0,0,0,0,0,0,0,40.56,52.5,56.85,18.84537343753098,,,,,,,,,,,3780.0,3780.0,0.2619047619047619,-0.5877852522924732,0.8090169943749473,0,0.0,0.0
Cress_Leaf,vegetable,2083,1,10,baishakh,2700,,,45.5,mutha,mutha,False,122850.0,True,2700,0,0.0,9,False,0,0,0,0,0,0,0,0,0,0,0,0,0,0,0,0,2700,0,0,0,0,0,0,0,0,0,0,0,0,0,0,0,0,0,0,47.5,40.56,46.85333333333333,5.996209914048328,,,,,,,,,,,4770.0,4770.0,-0.4339622641509434,-2.4492935982947064e-16,1.0,0,0.0,0.0
Cucumber,vegetable,2082,4,1,shrawan,424477,25.0,150.0,53.0,kg,kg,False,22497281.0,True,424477,0,0.0,10,True,0,0,0,0,0,0,0,59683,9479,39680,0,0,50535,0,0,0,149825,0,0,0,0,81205,0,6295,0,0,0,0,0,0,4960,0,0,2550,20265,,,,,,,,,,,,,125.0,2.358490566037736,,,,0.5877852522924731,0.8090169943749475,0,0.0,0.119052386819545
Cucumber,vegetable,2082,5,2,bhadra,263390,25.0,150.0,71.11,kg,kg,False,18729662.9,True,263390,0,0.0,10,True,0,0,0,0,0,0,0,37425,650,57400,0,0,17485,0,0,0,89647,0,0,0,0,35333,0,6900,0,0,0,0,0,0,4050,0,0,4755,9745,53.0,,53.0,,25.0,,25.0,,150.0,,150.0,,125.0,1.7578399662494726,424477.0,424477.0,-0.3794952376689432,0.9510565162951535,0.30901699437494745,0,0.0,0.06638444891605604
Cucumber,vegetable,2082,6,3,ashwin,177455,60.0,150.0,109.06,kg,kg,False,19353242.3,True,177455,0,0.0,10,True,0,0,0,0,0,0,0,36165,2760,44635,0,0,5570,0,0,0,27640,0,0,0,0,52960,0,7725,0,0,0,0,0,0,0,0,0,0,0,71.11,53.0,62.055,12.805703807288374,25.0,25.0,25.0,0.0,150.0,150.0,150.0,0.0,90.0,0.8252338162479369,263390.0,263390.0,-0.32626523406355595,0.9510565162951536,-0.30901699437494734,0,0.0,0.031388239271928096
Cucumber,vegetable,2082,7,4,kartik,195746,60.0,150.0,104.74,kg,kg,False,20502436.04,True,195746,0,0.0804869575878945,10,True,0,0,0,0,0,0,2750,36525,0,31935,15755,0,13405,0,0,0,29781,0,0,0,0,64475,0,1120,0,0,0,0,0,0,0,0,0,0,0,109.06,71.11,77.72333333333334,28.60914247811936,60.0,25.0,36.666666666666664,20.207259421636902,150.0,150.0,150.0,0.0,90.0,0.85927057475654,177455.0,177455.0,0.10307401876532078,0.5877852522924732,-0.8090169943749473,15755,0.08048695758789452,0.06848160371093151
Cucumber,vegetable,2082,8,5,mangsir,230735,50.0,150.0,106.58,kg,kg,False,24591736.3,True,230735,0,0.214596831863393,10,True,0,0,0,0,0,0,0,25120,640,3415,49515,0,11940,0,0,0,31515,0,0,0,0,59430,0,49160,0,0,0,0,0,0,0,0,0,0,0,104.74,109.06,94.96999999999998,20.775954851702974,60.0,60.0,48.333333333333336,20.207259421636902,150.0,150.0,150.0,0.0,100.0,0.9382623381497467,195746.0,195746.0,0.17874694757491852,1.2246467991473532e-16,-1.0,49515,0.21459683186339307,0.05174767590525928
Cucumber,vegetable,2082,9,6,poush,176915,50.0,150.0,91.14,kg,kg,False,16124033.1,True,176915,0,0.3416047254331176,10,True,0,0,0,0,0,0,0,5570,420,0,60435,0,17270,0,0,0,20250,0,0,0,0,45975,26995,0,0,0,0,0,0,0,0,0,0,0,0,106.58,104.74,106.79333333333334,2.1678868359150254,50.0,60.0,56.666666666666664,5.773502691896256,150.0,150.0,150.0,0.0,100.0,1.097213078779899,230735.0,230735.0,-0.2332545994322491,-0.587785252292473,-0.8090169943749475,60435,0.3416047254331176,0.0976174999293446
Cucumber,vegetable,2082,10,7,magh,125205,60.0,150.0,123.71,kg,kg,False,15489110.55,True,125205,0,0.4371630525937462,10,True,0,0,0,0,1150,0,0,2660,1120,0,54735,0,17455,0,0,0,9260,0,0,0,0,35135,3690,0,0,0,0,0,0,0,0,0,0,0,0,91.14,106.58,100.82,8.433457179591311,50.0,50.0,53.333333333333336,5.773502691896256,150.0,150.0,150.0,0.0,90.0,0.7275078813353811,176915.0,176915.0,-0.29228725659214877,-0.9510565162951535,-0.30901699437494756,54735,0.43716305259374627,0.13941136536080828
Cucumber,vegetable,2082,11,8,falgun,151850,60.0,150.0,122.5,kg,kg,False,18601625.0,True,151850,0,0.4460322686862035,10,True,0,0,0,0,0,0,0,12400,6210,0,67730,0,8890,0,0,0,15490,0,0,0,0,41130,0,0,0,0,0,0,0,0,0,0,0,0,0,123.71,91.14,107.14333333333333,16.29230595506154,60.0,50.0,53.333333333333336,5.773502691896256,150.0,150.0,150.0,0.0,90.0,0.7346938775510204,125205.0,125205.0,0.21281098997643863,-0.9510565162951536,0.30901699437494723,67730,0.4460322686862035,0.05854461639776095
Cucumber,vegetable,2082,12,9,chaitra,305374,40.0,100.0,71.82,kg,kg,False,21931960.68,True,305374,0,0.1904713564350599,10,True,0,0,0,0,0,0,0,79949,2100,0,58165,0,14330,0,0,0,52745,0,0,0,0,95835,2250,0,0,0,0,0,0,0,0,0,0,0,0,122.5,123.71,112.45,18.464915380255622,60.0,60.0,56.666666666666664,5.773502691896256,150.0,150.0,150.0,0.0,60.0,0.8354218880534671,151850.0,151850.0,1.0110240368784986,-0.5877852522924732,0.8090169943749473,58165,0.19047135643505997,0.04692606443246642
Cucumber,vegetable,2083,1,10,baishakh,310136,40.0,120.0,74.78,kg,kg,False,23191970.08,True,310136,0,0.0563301261382103,10,True,0,0,0,0,0,0,0,71671,9080,0,17470,0,0,0,0,0,109940,0,0,0,0,69590,24100,0,0,0,0,0,0,0,0,0,0,0,8285,71.82,122.5,106.00999999999999,29.61558880049493,40.0,60.0,53.333333333333336,11.547005383792516,100.0,150.0,133.33333333333334,28.867513459481295,80.0,1.069804760631185,305374.0,305374.0,0.01559399293980496,-2.4492935982947064e-16,1.0,17470,0.05633012613821033,0.0
Dragon_Fruits,fruit,2082,4,1,shrawan,7010,300.0,450.0,386.0,kg,kg,False,2705860.0,True,7010,0,0.5092724679029957,10,True,0,0,0,0,0,1530,0,0,0,0,2040,0,0,0,0,0,45,0,0,0,0,2000,0,0,0,0,0,0,0,0,0,0,1085,0,310,,,,,,,,,,,,,150.0,0.38860103626943004,,,,0.5877852522924731,0.8090169943749475,3570,0.5092724679029957,0.0
Dragon_Fruits,fruit,2082,5,2,bhadra,6940,300.0,450.0,394.44,kg,kg,False,2737413.6,True,6940,0,0.5417867435158501,10,True,0,0,0,0,0,3760,0,0,100,0,0,0,0,0,0,0,50,0,0,0,0,0,0,0,0,0,0,0,0,0,0,0,2520,0,510,386.0,,386.0,,300.0,,300.0,,450.0,,450.0,,150.0,0.38028597505324,7010.0,7010.0,-0.009985734664764621,0.9510565162951535,0.30901699437494745,3760,0.5417867435158501,0.0
Dragon_Fruits,fruit,2082,6,3,ashwin,6994,300.0,400.0,350.0,kg,kg,False,2447900.0,True,6994,0,0.5438947669430941,10,True,0,0,0,0,0,2384,0,0,0,0,1420,0,0,0,0,0,0,0,0,0,0,0,0,0,0,0,0,0,0,0,0,0,2380,0,810,394.44,386.0,390.22,5.96798123321444,300.0,300.0,300.0,0.0,450.0,450.0,450.0,0.0,100.0,0.2857142857142857,6940.0,6940.0,0.0077809798270893375,0.9510565162951536,-0.30901699437494734,3804,0.5438947669430941,0.0
Dragon_Fruits,fruit,2082,7,4,kartik,8260,300.0,400.0,350.0,kg,kg,False,2891000.0,True,8260,0,0.950363196125908,10,True,0,0,120,0,0,1080,0,0,0,0,6770,0,0,0,0,0,50,0,0,0,0,0,0,0,0,0,0,0,0,0,0,0,240,0,0,350.0,394.44,376.81333333333333,23.60136719203643,300.0,300.0,300.0,0.0,400.0,450.0,433.3333333333333,28.86751345948128,100.0,0.2857142857142857,6994.0,6994.0,0.18101229625393195,0.5877852522924732,-0.8090169943749473,7850,0.950363196125908,0.0
Dragon_Fruits,fruit,2082,8,5,mangsir,8170,300.0,400.0,350.0,kg,kg,False,2859500.0,True,8170,0,0.8102815177478581,10,True,0,0,0,0,0,2060,0,0,0,0,4560,0,0,0,0,0,0,0,0,0,0,420,0,0,0,0,0,0,0,0,0,0,1130,0,0,350.0,350.0,364.81333333333333,25.65744596278698,300.0,300.0,300.0,0.0,400.0,400.0,416.6666666666667,28.86751345948128,100.0,0.2857142857142857,8260.0,8260.0,-0.010895883777239709,1.2246467991473532e-16,-1.0,6620,0.8102815177478581,0.0
Dragon_Fruits,fruit,2082,9,6,poush,7490,300.0,400.0,329.55,kg,kg,False,2468329.5,True,7490,0,0.835781041388518,10,True,0,0,0,0,0,1740,0,0,0,0,4520,0,0,0,0,0,0,0,0,0,0,0,0,0,0,0,0,0,0,0,0,0,1230,0,0,350.0,350.0,350.0,0.0,300.0,300.0,300.0,0.0,400.0,400.0,400.0,0.0,100.0,0.30344409042633896,8170.0,8170.0,-0.0832313341493268,-0.587785252292473,-0.8090169943749475,6260,0.835781041388518,0.0
Dragon_Fruits,fruit,2082,10,7,magh,5310,300.0,350.0,325.0,kg,kg,False,1725750.0,True,5310,0,1.0,10,True,0,0,0,0,0,1720,0,0,0,0,3590,0,0,0,0,0,0,0,0,0,0,0,0,0,0,0,0,0,0,0,0,0,0,0,0,329.55,350.0,343.18333333333334,11.806813004927868,300.0,300.0,300.0,0.0,400.0,400.0,400.0,0.0,50.0,0.15384615384615385,7490.0,7490.0,-0.2910547396528705,-0.9510565162951535,-0.30901699437494756,5310,1.0,0.0
Dragon_Fruits,fruit,2082,11,8,falgun,3490,300.0,350.0,325.0,kg,kg,False,1134250.0,True,3490,0,1.0,10,True,0,0,0,0,0,210,0,0,0,0,3280,0,0,0,0,0,0,0,0,0,0,0,0,0,0,0,0,0,0,0,0,0,0,0,0,325.0,329.55,334.84999999999997,13.316061730106243,300.0,300.0,300.0,0.0,350.0,400.0,383.3333333333333,28.86751345948128,50.0,0.15384615384615385,5310.0,5310.0,-0.3427495291902072,-0.9510565162951536,0.30901699437494723,3490,1.0,0.0
Dragon_Fruits,fruit,2082,12,9,chaitra,3600,300.0,350.0,325.0,kg,kg,False,1170000.0,True,3600,0,1.0,10,True,0,0,0,0,0,320,0,0,0,0,3280,0,0,0,0,0,0,0,0,0,0,0,0,0,0,0,0,0,0,0,0,0,0,0,0,325.0,325.0,326.51666666666665,2.626943724812698,300.0,300.0,300.0,0.0,350.0,350.0,366.6666666666667,28.86751345948128,50.0,0.15384615384615385,3490.0,3490.0,0.03151862464183381,-0.5877852522924732,0.8090169943749473,3600,1.0,0.0
Dragon_Fruits,fruit,2083,1,10,baishakh,21050,300.0,350.0,325.0,kg,kg,False,6841250.0,True,21050,0,0.9900237529691212,10,True,0,0,0,0,0,4980,0,0,0,0,15860,0,0,0,0,0,0,0,0,0,0,0,0,0,0,0,0,0,0,0,0,0,210,0,0,325.0,325.0,325.0,0.0,300.0,300.0,300.0,0.0,350.0,350.0,350.0,0.0,50.0,0.15384615384615385,3600.0,3600.0,4.847222222222222,-2.4492935982947064e-16,1.0,20840,0.9900237529691212,0.0
Fenugreek_Leaf,vegetable,2082,4,1,shrawan,0,60.0,100.0,69.17,mutha,mutha,False,0.0,True,0,0,,8,False,0,0,0,0,0,0,0,0,0,0,0,0,0,0,0,0,0,0,0,0,0,0,0,0,0,0,0,0,0,0,0,0,0,0,0,,,,,,,,,,,,,40.0,0.5782853838369235,,,,0.5877852522924731,0.8090169943749475,0,0.0,0.0
Fenugreek_Leaf,vegetable,2082,7,4,kartik,2822,,,90.85,mutha,mutha,False,256378.7,True,2822,0,0.0,8,False,0,0,0,0,0,0,0,0,0,0,0,0,30,0,0,0,2792,0,0,0,0,0,0,0,0,0,0,0,0,0,0,0,0,0,0,69.17,,69.17,,60.0,,60.0,,100.0,,100.0,,,,0.0,0.0,,0.5877852522924732,-0.8090169943749473,0,0.0,0.010630758327427357
Fenugreek_Leaf,vegetable,2082,8,5,mangsir,5180,,,108.5,mutha,mutha,False,562030.0,True,5180,0,0.0,8,False,0,0,0,0,1670,0,0,0,0,0,0,0,0,0,0,0,3510,0,0,0,0,0,0,0,0,0,0,0,0,0,0,0,0,0,0,90.85,69.17,80.00999999999999,15.33007501612435,,60.0,60.0,,,100.0,100.0,,,,2822.0,2822.0,0.8355776045357902,1.2246467991473532e-16,-1.0,0,0.0,0.0
Fenugreek_Leaf,vegetable,2082,9,6,poush,10330,,,77.56,mutha,mutha,False,801194.8,True,10330,0,0.0,8,False,0,0,0,0,4700,0,0,0,0,0,0,0,0,0,0,0,5630,0,0,0,0,0,0,0,0,0,0,0,0,0,0,0,0,0,0,108.5,90.85,89.50666666666666,19.69938154697587,,,60.0,,,,100.0,,,,5180.0,5180.0,0.9942084942084942,-0.587785252292473,-0.8090169943749475,0,0.0,0.0
Fenugreek_Leaf,vegetable,2082,10,7,magh,7328,,,50.0,mutha,mutha,False,366400.0,True,7328,0,0.0,8,False,0,0,0,0,3210,0,0,0,0,0,0,0,290,0,0,0,3508,0,0,0,0,0,0,0,0,0,0,0,0,0,320,0,0,0,0,77.56,108.5,92.30333333333333,15.5211157245004,,,,,,,,,,,10330.0,10330.0,-0.2906098741529526,-0.9510565162951535,-0.30901699437494756,0,0.0,0.039574235807860264
Fenugreek_Leaf,vegetable,2082,11,8,falgun,5020,,,40.56,mutha,mutha,False,203611.2,True,5020,0,0.0,8,False,0,0,0,0,910,0,0,0,0,0,0,0,240,0,0,0,3550,0,0,0,0,0,0,0,0,0,0,0,0,0,320,0,0,0,0,50.0,77.56,78.68666666666667,29.266269549317922,,,,,,,,,,,7328.0,7328.0,-0.31495633187772926,-0.9510565162951536,0.30901699437494723,0,0.0,0.04780876494023904
Fenugreek_Leaf,vegetable,2082,12,9,chaitra,4650,,,47.5,mutha,mutha,False,220875.0,True,4650,0,0.0,8,False,0,0,0,0,0,0,0,0,0,0,0,0,0,0,0,0,4650,0,0,0,0,0,0,0,0,0,0,0,0,0,0,0,0,0,0,40.56,50.0,56.04,19.22527503054248,,,,,,,,,,,5020.0,5020.0,-0.07370517928286853,-0.5877852522924732,0.8090169943749473,0,0.0,0.0
Fenugreek_Leaf,vegetable,2083,1,10,baishakh,2640,,,52.33,mutha,mutha,False,138151.2,True,2640,0,0.0,8,False,0,0,0,0,0,0,0,0,0,0,0,0,0,0,0,0,2640,0,0,0,0,0,0,0,0,0,0,0,0,0,0,0,0,0,0,47.5,40.56,46.02,4.890930381839434,,,,,,,,,,,4650.0,4650.0,-0.432258064516129,-2.4492935982947064e-16,1.0,0,0.0,0.0
French_Bean,vegetable,2082,4,1,shrawan,232945,60.0,180.0,100.2,kg,kg,False,23341089.0,True,232945,0,0.0,10,True,0,0,0,0,0,0,0,88400,0,4805,0,0,35235,0,0,0,30515,0,0,0,0,73780,0,0,0,0,0,0,0,0,0,0,0,0,210,,,,,,,,,,,,,120.0,1.1976047904191616,,,,0.5877852522924731,0.8090169943749475,0,0.0,0.1512588808517032
French_Bean,vegetable,2082,5,2,bhadra,136005,50.0,180.0,82.5,kg,kg,False,11220412.5,True,136005,0,0.0,10,True,0,0,0,0,0,0,0,54135,210,2680,0,0,19505,0,0,0,15165,0,0,0,0,40235,0,4075,0,0,0,0,0,0,0,0,0,0,0,100.2,,100.2,,60.0,,60.0,,180.0,,180.0,,130.0,1.5757575757575757,232945.0,232945.0,-0.4161497349159673,0.9510565162951535,0.30901699437494745,0,0.0,0.14341384507922503
French_Bean,vegetable,2082,6,3,ashwin,109658,130.0,200.0,159.38,kg,kg,False,17477292.04,True,109658,0,0.0,10,True,0,0,0,0,0,0,0,47040,0,3730,0,0,1660,0,0,0,23504,0,0,0,0,31034,0,2350,0,0,0,0,0,0,0,0,0,0,340,82.5,100.2,91.35,12.515790027001888,50.0,60.0,55.0,7.0710678118654755,180.0,180.0,180.0,0.0,70.0,0.4392019073911407,136005.0,136005.0,-0.19372081908753355,0.9510565162951536,-0.30901699437494734,0,0.0,0.01513797442959018
French_Bean,vegetable,2082,7,4,kartik,158900,80.0,200.0,131.05,kg,kg,False,20823845.0,True,158900,0,0.0,10,True,0,0,0,0,0,0,0,65765,1170,1140,0,0,0,0,0,0,36385,0,0,0,0,52200,0,2240,0,0,0,0,0,0,0,0,0,0,0,159.38,82.5,114.02666666666666,40.26184463401216,130.0,50.0,80.0,43.58898943540674,200.0,180.0,186.66666666666666,11.54700538379252,120.0,0.9156810377718427,109658.0,109658.0,0.449050684856554,0.5877852522924732,-0.8090169943749473,0,0.0,0.0
French_Bean,vegetable,2082,8,5,mangsir,200560,120.0,200.0,160.0,kg,kg,False,32089600.0,True,200560,0,0.011268448344635,10,True,0,0,0,0,0,0,540,80260,1320,5325,2260,0,0,0,0,0,32630,0,0,0,0,70205,0,7870,0,0,0,0,0,0,0,0,0,150,0,131.05,159.38,124.31,38.88064171281128,80.0,130.0,86.66666666666667,40.414518843273804,200.0,200.0,193.33333333333334,11.54700538379252,80.0,0.5,158900.0,158900.0,0.2621774701069855,1.2246467991473532e-16,-1.0,2260,0.011268448344635022,0.0
French_Bean,vegetable,2082,9,6,poush,215600,80.0,160.0,133.18,kg,kg,False,28713608.0,True,215600,0,0.0154916512059369,10,True,0,0,0,0,0,0,0,70890,780,0,3340,0,2140,0,0,0,56630,0,0,0,0,81820,0,0,0,0,0,0,0,0,0,0,0,0,0,160.0,131.05,150.14333333333335,16.538217356575505,120.0,80.0,110.0,26.457513110645902,200.0,200.0,200.0,0.0,80.0,0.6006907944135755,200560.0,200560.0,0.07499002792181891,-0.587785252292473,-0.8090169943749475,3340,0.01549165120593692,0.00992578849721707
French_Bean,vegetable,2082,10,7,magh,138405,60.0,180.0,128.14,kg,kg,False,17735216.7,True,138405,0,0.1434196741447202,10,True,0,0,0,0,0,0,0,38690,210,1875,19850,0,0,0,0,0,21030,0,0,0,0,56750,0,0,0,0,0,0,0,0,0,0,0,0,0,133.18,160.0,141.41,16.13459946822361,80.0,120.0,93.33333333333333,23.094010767585026,160.0,200.0,186.66666666666666,23.094010767585026,120.0,0.9364757296706728,215600.0,215600.0,-0.35804730983302413,-0.9510565162951535,-0.30901699437494756,19850,0.1434196741447202,0.0
French_Bean,vegetable,2082,11,8,falgun,93620,60.0,180.0,104.72,kg,kg,False,9803886.4,True,93620,0,0.0994445631275368,10,True,0,0,0,0,0,0,0,16655,0,2450,9310,0,0,0,0,0,14905,0,0,0,0,50300,0,0,0,0,0,0,0,0,0,0,0,0,0,128.14,133.18,140.44,17.125875160119605,60.0,80.0,86.66666666666667,30.550504633038933,180.0,160.0,180.0,19.999999999999993,120.0,1.145912910618793,138405.0,138405.0,-0.32357935045699215,-0.9510565162951536,0.30901699437494723,9310,0.09944456312753686,0.0
French_Bean,vegetable,2082,12,9,chaitra,192895,60.0,150.0,117.95,kg,kg,False,22751965.25,True,192895,0,0.0110941185619119,10,True,0,0,0,0,0,0,0,78580,0,9890,2140,0,0,0,0,0,33070,0,0,0,0,69215,0,0,0,0,0,0,0,0,0,0,0,0,0,104.72,128.14,122.01333333333332,15.186998825750061,60.0,60.0,66.66666666666667,11.547005383792516,180.0,180.0,173.33333333333334,11.5470053837925,90.0,0.7630351844001696,93620.0,93620.0,1.0604037598803675,-0.5877852522924732,0.8090169943749473,2140,0.011094118561911922,0.0
French_Bean,vegetable,2083,1,10,baishakh,192270,60.0,150.0,108.91,kg,kg,False,20940125.7,True,192270,0,0.0,10,True,0,0,0,0,0,0,0,64970,6380,0,0,0,2800,0,0,0,43650,0,0,0,0,74470,0,0,0,0,0,0,0,0,0,0,0,0,0,117.95,104.72,116.93666666666667,11.742837533293782,60.0,60.0,60.0,0.0,150.0,180.0,170.0,17.32050807568876,90.0,0.8263703975759802,192895.0,192895.0,-0.0032401047201845562,-2.4492935982947064e-16,1.0,0,0.0,0.014562854319446612
Garlic_Dry,vegetable,2082,4,1,shrawan,9300,130.0,230.0,156.0,kg,kg,False,1450800.0,True,9300,0,0.4075268817204301,8,False,0,0,0,0,0,0,540,0,0,0,3790,0,0,0,0,0,0,0,0,0,0,0,0,0,0,0,4970,0,0,0,0,0,0,0,0,,,,,,,,,,,,,100.0,0.6410256410256411,,,,0.5877852522924731,0.8090169943749475,3790,0.4075268817204301,0.0
Garlic_Dry,vegetable,2082,5,2,bhadra,2660,130.0,250.0,178.54,kg,kg,False,474916.4,True,2660,0,0.0,8,False,0,0,0,0,0,0,0,0,0,0,0,0,0,0,0,0,0,0,0,0,0,0,0,0,0,0,2660,0,0,0,0,0,0,0,0,156.0,,156.0,,130.0,,130.0,,230.0,,230.0,,120.0,0.6721182928195363,9300.0,9300.0,-0.7139784946236559,0.9510565162951535,0.30901699437494745,0,0.0,0.0
Garlic_Dry,vegetable,2082,6,3,ashwin,7550,180.0,230.0,211.88,kg,kg,False,1599694.0,True,7550,0,0.0,8,False,0,0,0,0,0,0,5340,0,0,0,0,0,0,0,0,0,0,0,0,0,0,0,0,0,0,0,2210,0,0,0,0,0,0,0,0,178.54,156.0,167.26999999999998,15.938186847944786,130.0,130.0,130.0,0.0,250.0,230.0,240.0,14.142135623730951,50.0,0.2359826316783085,2660.0,2660.0,1.8383458646616542,0.9510565162951536,-0.30901699437494734,0,0.0,0.0
Garlic_Dry,vegetable,2082,7,4,kartik,6750,180.0,200.0,190.0,kg,kg,False,1282500.0,True,6750,0,0.0,8,False,0,0,0,0,0,0,6750,0,0,0,0,0,0,0,0,0,0,0,0,0,0,0,0,0,0,0,0,0,0,0,0,0,0,0,0,211.88,178.54,182.14,28.113406054763278,180.0,130.0,146.66666666666666,28.867513459481295,230.0,250.0,236.66666666666666,11.547005383792513,20.0,0.10526315789473684,7550.0,7550.0,-0.10596026490066225,0.5877852522924732,-0.8090169943749473,0,0.0,0.0
Garlic_Dry,vegetable,2082,8,5,mangsir,0,180.0,200.0,190.0,kg,kg,False,0.0,True,0,0,,8,False,0,0,0,0,0,0,0,0,0,0,0,0,0,0,0,0,0,0,0,0,0,0,0,0,0,0,0,0,0,0,0,0,0,0,0,190.0,211.88,193.47333333333333,16.93921289001748,180.0,180.0,163.33333333333334,28.867513459481295,200.0,230.0,226.66666666666666,25.166114784235827,20.0,0.10526315789473684,6750.0,6750.0,-1.0,1.2246467991473532e-16,-1.0,0,0.0,0.0
Garlic_Dry,vegetable,2082,10,7,magh,0,180.0,200.0,190.0,kg,kg,False,0.0,True,0,0,,8,False,0,0,0,0,0,0,0,0,0,0,0,0,0,0,0,0,0,0,0,0,0,0,0,0,0,0,0,0,0,0,0,0,0,0,0,190.0,190.0,197.29333333333332,12.632423889869047,180.0,180.0,180.0,0.0,200.0,200.0,210.0,17.320508075688764,20.0,0.10526315789473684,0.0,0.0,,-0.9510565162951535,-0.30901699437494756,0,0.0,0.0
Garlic_Dry,vegetable,2082,12,9,chaitra,1140,,,135.0,kg,kg,False,153900.0,True,1140,0,1.0,8,False,0,0,0,0,0,0,0,0,0,0,1140,0,0,0,0,0,0,0,0,0,0,0,0,0,0,0,0,0,0,0,0,0,0,0,0,190.0,190.0,190.0,0.0,180.0,180.0,180.0,0.0,200.0,200.0,200.0,0.0,,,0.0,0.0,,-0.5877852522924732,0.8090169943749473,1140,1.0,0.0
Garlic_Dry,vegetable,2083,1,10,baishakh,7560,,,120.0,kg,kg,False,907200.0,True,7560,0,0.3624338624338624,8,False,0,0,0,0,0,0,4230,0,240,0,2740,0,0,0,0,0,0,0,0,0,0,0,0,0,0,0,350,0,0,0,0,0,0,0,0,135.0,190.0,171.66666666666666,31.754264805429425,,180.0,180.0,0.0,,200.0,200.0,0.0,,,1140.0,1140.0,5.631578947368421,-2.4492935982947064e-16,1.0,2740,0.36243386243386244,0.0
Garlic_Green,vegetable,2082,4,1,shrawan,7940,150.0,250.0,194.0,kg,kg,False,1540360.0,True,7940,0,0.0,10,True,0,0,0,0,0,0,0,0,0,1395,0,0,3380,0,0,0,3165,0,0,0,0,0,0,0,0,0,0,0,0,0,0,0,0,0,0,,,,,,,,,,,,,100.0,0.5154639175257731,,,,0.5877852522924731,0.8090169943749475,0,0.0,0.4256926952141058
Garlic_Green,vegetable,2082,5,2,bhadra,4065,100.0,250.0,177.43,kg,kg,False,721252.95,True,4065,0,0.0,10,True,0,0,0,0,0,0,0,0,0,55,0,0,2365,0,0,0,1645,0,0,0,0,0,0,0,0,0,0,0,0,0,0,0,0,0,0,194.0,,194.0,,150.0,,150.0,,250.0,,250.0,,150.0,0.8454038212252719,7940.0,7940.0,-0.4880352644836272,0.9510565162951535,0.30901699437494745,0,0.0,0.5817958179581796
Garlic_Green,vegetable,2082,6,3,ashwin,3430,200.0,250.0,225.0,kg,kg,False,771750.0,True,3430,0,0.0,10,True,0,0,0,0,0,0,0,0,0,0,0,0,2110,0,0,0,1320,0,0,0,0,0,0,0,0,0,0,0,0,0,0,0,0,0,0,177.43,194.0,185.715,11.716759364261089,100.0,150.0,125.0,35.35533905932738,250.0,250.0,250.0,0.0,50.0,0.2222222222222222,4065.0,4065.0,-0.15621156211562115,0.9510565162951536,-0.30901699437494734,0,0.0,0.6151603498542274
Garlic_Green,vegetable,2082,7,4,kartik,4270,250.0,500.0,331.58,kg,kg,False,1415846.6,True,4270,0,0.0,10,True,0,0,0,0,0,0,0,0,0,0,0,0,2335,0,0,0,1935,0,0,0,0,0,0,0,0,0,0,0,0,0,0,0,0,0,0,225.0,177.43,198.81000000000003,24.147014308191395,200.0,100.0,150.0,50.0,250.0,250.0,250.0,0.0,250.0,0.7539658604258399,3430.0,3430.0,0.24489795918367346,0.5877852522924732,-0.8090169943749473,0,0.0,0.5468384074941453
Garlic_Green,vegetable,2082,8,5,mangsir,0,200.0,500.0,281.58,kg,kg,False,0.0,True,0,0,,10,True,0,0,0,0,0,0,0,0,0,0,0,0,0,0,0,0,0,0,0,0,0,0,0,0,0,0,0,0,0,0,0,0,0,0,0,331.58,225.0,244.67,78.93501947804916,250.0,200.0,183.33333333333334,76.37626158259734,500.0,250.0,333.3333333333333,144.33756729740645,300.0,1.065416577881952,4270.0,4270.0,-1.0,1.2246467991473532e-16,-1.0,0,0.0,0.0
Garlic_Green,vegetable,2082,9,6,poush,13060,150.0,500.0,219.32,kg,kg,False,2864319.2,True,13060,0,0.0,10,True,0,0,0,0,4050,0,0,0,0,0,0,0,4310,0,0,0,3880,0,0,0,0,820,0,0,0,0,0,0,0,0,0,0,0,0,0,281.58,331.58,279.3866666666666,53.32384207212881,200.0,250.0,216.66666666666666,28.86751345948127,500.0,500.0,416.6666666666667,144.33756729740645,350.0,1.5958416925041037,0.0,0.0,,-0.587785252292473,-0.8090169943749475,0,0.0,0.33001531393568145
Garlic_Green,vegetable,2082,10,7,magh,7730,60.0,250.0,120.71,kg,kg,False,933088.3,True,7730,0,0.0,10,True,0,0,0,0,2260,0,0,0,0,0,0,0,2460,0,0,0,2660,0,0,0,0,350,0,0,0,0,0,0,0,0,0,0,0,0,0,219.32,281.58,277.4933333333333,56.2414663156406,150.0,200.0,200.0,49.99999999999999,500.0,500.0,500.0,0.0,190.0,1.5740203794217547,13060.0,13060.0,-0.40811638591117916,-0.9510565162951535,-0.30901699437494756,0,0.0,0.3182406209573092
Garlic_Green,vegetable,2082,11,8,falgun,4619,60.0,150.0,93.16,kg,kg,False,430306.04,True,4619,0,0.0,10,True,0,0,0,0,360,0,0,0,0,0,0,0,1870,0,0,0,2039,0,0,0,0,350,0,0,0,0,0,0,0,0,0,0,0,0,0,120.71,219.32,207.20333333333335,81.11657927534506,60.0,150.0,136.66666666666666,70.94598884597586,250.0,500.0,416.6666666666667,144.33756729740645,90.0,0.9660798626019751,7730.0,7730.0,-0.4024579560155239,-0.9510565162951536,0.30901699437494723,0,0.0,0.4048495345312838
Garlic_Green,vegetable,2082,12,9,chaitra,7945,60.0,80.0,70.0,kg,kg,False,556150.0,True,7945,0,0.0,10,True,0,0,0,0,0,0,0,0,0,0,0,0,4010,0,0,0,3935,0,0,0,0,0,0,0,0,0,0,0,0,0,0,0,0,0,0,93.16,120.71,144.39666666666668,66.33159151816987,60.0,60.0,90.0,51.96152422706629,150.0,250.0,300.0,180.27756377319946,20.0,0.2857142857142857,4619.0,4619.0,0.7200692790647326,-0.5877852522924732,0.8090169943749473,0,0.0,0.5047199496538703
Garlic_Green,vegetable,2083,1,10,baishakh,4015,60.0,80.0,70.0,kg,kg,False,281050.0,True,4015,0,0.0,10,True,0,0,0,0,0,0,0,0,0,0,0,0,2350,0,0,0,1665,0,0,0,0,0,0,0,0,0,0,0,0,0,0,0,0,0,0,70.0,93.16,94.62333333333333,25.38665069152195,60.0,60.0,60.0,0.0,80.0,150.0,160.0,85.44003745317534,20.0,0.2857142857142857,7945.0,7945.0,-0.4946507237256136,-2.4492935982947064e-16,1.0,0,0.0,0.5853051058530511
Ginger,vegetable,2082,4,1,shrawan,42475,90.0,150.0,113.8,kg,kg,False,4833655.0,True,42475,0,0.0,10,True,0,0,0,0,0,0,1140,0,0,36960,0,0,0,0,0,0,805,0,0,0,0,0,0,520,0,0,1080,0,0,0,0,0,0,0,1970,,,,,,,,,,,,,60.0,0.5272407732864675,,,,0.5877852522924731,0.8090169943749475,0,0.0,0.0
Ginger,vegetable,2082,5,2,bhadra,23085,80.0,150.0,112.15,kg,kg,False,2588982.75,True,23085,0,0.0,10,True,0,0,0,0,0,0,0,0,0,21360,0,0,0,0,0,0,1485,0,0,0,0,0,0,0,0,0,0,0,0,0,0,0,0,0,240,113.8,,113.8,,90.0,,90.0,,150.0,,150.0,,70.0,0.6241640659830584,42475.0,42475.0,-0.45650382577987053,0.9510565162951535,0.30901699437494745,0,0.0,0.0
Ginger,vegetable,2082,6,3,ashwin,28950,80.0,150.0,116.25,kg,kg,False,3365437.5,True,28950,0,0.0,10,True,0,0,0,0,0,0,2360,2390,0,9580,0,0,0,0,0,0,14620,0,0,0,0,0,0,0,0,0,0,0,0,0,0,0,0,0,0,112.15,113.8,112.975,1.1667261889577925,80.0,90.0,85.0,7.0710678118654755,150.0,150.0,150.0,0.0,70.0,0.6021505376344086,23085.0,23085.0,0.2540610786224821,0.9510565162951536,-0.30901699437494734,0,0.0,0.0
Ginger,vegetable,2082,7,4,kartik,48161,80.0,130.0,105.0,kg,kg,False,5056905.0,True,48161,0,0.0,10,True,0,0,0,0,0,0,5155,6965,240,5910,0,0,0,0,0,0,10576,0,0,0,0,1470,0,0,0,1100,0,0,0,0,0,0,0,0,16745,116.25,112.15,114.06666666666666,2.062967118820204,80.0,80.0,83.33333333333333,5.773502691896256,150.0,150.0,150.0,0.0,50.0,0.47619047619047616,28950.0,28950.0,0.6635924006908462,0.5877852522924732,-0.8090169943749473,0,0.0,0.0
Ginger,vegetable,2082,8,5,mangsir,36189,80.0,130.0,100.26,kg,kg,False,3628309.14,True,36189,0,0.0,10,True,0,0,0,0,0,0,3554,8925,530,6290,0,0,0,0,0,0,10480,0,0,0,0,240,1830,1120,0,0,0,0,0,0,0,0,0,0,3220,105.0,116.25,111.13333333333333,5.693490434990935,80.0,80.0,80.0,0.0,130.0,150.0,143.33333333333334,11.54700538379252,50.0,0.4987033712347895,48161.0,48161.0,-0.24858287826249456,1.2246467991473532e-16,-1.0,0,0.0,0.0
Ginger,vegetable,2082,9,6,poush,53130,80.0,120.0,100.0,kg,kg,False,5313000.0,False,112230,-59100,0.0,10,True,0,0,0,0,0,0,65675,16970,540,9365,0,0,0,0,0,0,12060,0,0,0,0,0,2240,0,0,350,0,0,0,0,0,0,0,0,5030,100.26,105.0,107.17,8.212898392163376,80.0,80.0,80.0,0.0,130.0,130.0,136.66666666666666,11.54700538379252,40.0,0.4,36189.0,36189.0,0.46812567354721046,-0.587785252292473,-0.8090169943749475,0,0.0,0.0
Ginger,vegetable,2082,10,7,magh,42250,80.0,120.0,100.0,kg,kg,False,4225000.0,True,42250,0,0.0,10,True,0,0,0,0,0,0,1890,7235,0,10050,0,0,0,0,0,0,4285,0,0,0,0,0,0,0,0,9530,0,0,0,0,0,0,0,3690,5570,100.0,100.26,101.75333333333333,2.8146995103088503,80.0,80.0,80.0,0.0,120.0,130.0,126.66666666666667,5.77350269189626,40.0,0.4,53130.0,112230.0,-0.20478072651985696,-0.9510565162951535,-0.30901699437494756,0,0.0,0.0
Ginger,vegetable,2082,11,8,falgun,30580,80.0,120.0,100.0,kg,kg,False,3058000.0,True,30580,0,0.0,10,True,0,0,0,0,0,0,340,5210,0,5800,0,0,0,0,0,0,4660,0,0,0,0,0,0,0,0,9080,0,0,0,0,0,0,0,3790,1700,100.0,100.0,100.08666666666666,0.15011106998747273,80.0,80.0,80.0,0.0,120.0,120.0,123.33333333333333,5.77350269189626,40.0,0.4,42250.0,42250.0,-0.2762130177514793,-0.9510565162951536,0.30901699437494723,0,0.0,0.0
Ginger,vegetable,2082,12,9,chaitra,37630,80.0,120.0,103.18,kg,kg,False,3882663.4,True,37630,0,0.0,10,True,0,0,0,0,0,0,3610,2880,240,19980,0,0,0,0,0,0,7050,0,0,0,0,0,0,0,0,850,0,0,0,0,0,0,0,0,3020,100.0,100.0,100.0,0.0,80.0,80.0,80.0,0.0,120.0,120.0,120.0,0.0,40.0,0.3876720294630742,30580.0,30580.0,0.23054283845650753,-0.5877852522924732,0.8090169943749473,0,0.0,0.0
Ginger,vegetable,2083,1,10,baishakh,32930,80.0,150.0,110.43,kg,kg,False,3636459.9,True,32930,0,0.0,10,True,0,0,0,0,0,0,2520,520,0,9340,0,0,0,0,0,0,4020,0,0,0,0,0,0,8670,0,0,0,0,0,0,0,3000,0,0,4860,103.18,100.0,101.06,1.8359738560228769,80.0,80.0,80.0,0.0,120.0,120.0,120.0,0.0,70.0,0.6338857194602916,37630.0,37630.0,-0.12490034546904066,-2.4492935982947064e-16,1.0,0,0.0,0.0
Grapes,fruit,2082,4,1,shrawan,5530,,,189.0,kg,kg,False,1045170.0,True,5530,0,1.0,10,True,0,0,0,0,0,4530,0,0,0,0,1000,0,0,0,0,0,0,0,0,0,0,0,0,0,0,0,0,0,0,0,0,0,0,0,0,,,,,,,,,,,,,,,,,,0.5877852522924731,0.8090169943749475,5530,1.0,0.0
Grapes,fruit,2082,5,2,bhadra,3660,160.0,200.0,179.57,kg,kg,False,657226.2,True,3660,0,1.0,10,True,0,0,0,0,0,3660,0,0,0,0,0,0,0,0,0,0,0,0,0,0,0,0,0,0,0,0,0,0,0,0,0,0,0,0,0,189.0,,189.0,,,,,,,,,,40.0,0.22275435763212117,5530.0,5530.0,-0.33815551537070526,0.9510565162951535,0.30901699437494745,3660,1.0,0.0
Grapes,fruit,2082,6,3,ashwin,7145,,,500.0,kg,kg,False,3572500.0,True,7145,0,1.0,10,True,0,0,0,0,0,7145,0,0,0,0,0,0,0,0,0,0,0,0,0,0,0,0,0,0,0,0,0,0,0,0,0,0,0,0,0,179.57,189.0,184.285,6.668016946589148,160.0,,160.0,,200.0,,200.0,,,,3660.0,3660.0,0.9521857923497268,0.9510565162951536,-0.30901699437494734,7145,1.0,0.0
Grapes,fruit,2082,7,4,kartik,13320,,,450.0,kg,kg,False,5994000.0,True,13320,0,1.0,10,True,0,0,0,0,0,8800,0,0,0,0,4520,0,0,0,0,0,0,0,0,0,0,0,0,0,0,0,0,0,0,0,0,0,0,0,0,500.0,179.57,289.5233333333333,182.33911163909224,,160.0,160.0,,,200.0,200.0,,,,7145.0,7145.0,0.8642407277816655,0.5877852522924732,-0.8090169943749473,13320,1.0,0.0
Grapes,fruit,2082,8,5,mangsir,70175,,,450.0,kg,kg,False,31578750.0,True,70175,0,1.0,10,True,0,0,0,0,0,780,0,0,0,0,69395,0,0,0,0,0,0,0,0,0,0,0,0,0,0,0,0,0,0,0,0,0,0,0,0,450.0,500.0,376.5233333333333,172.38898350339372,,,160.0,,,,200.0,,,,13320.0,13320.0,4.268393393393393,1.2246467991473532e-16,-1.0,70175,1.0,0.0
Grapes,fruit,2082,9,6,poush,71105,,,365.0,kg,kg,False,25953325.0,True,71105,0,1.0,10,True,0,0,0,0,0,880,0,0,0,0,70225,0,0,0,0,0,0,0,0,0,0,0,0,0,0,0,0,0,0,0,0,0,0,0,0,450.0,450.0,466.6666666666667,28.867513459481543,,,,,,,,,,,70175.0,70175.0,0.01325258282864268,-0.587785252292473,-0.8090169943749475,71105,1.0,0.0
Grapes,fruit,2082,10,7,magh,92190,180.0,220.0,200.0,kg,kg,False,18438000.0,True,92190,0,1.0,10,True,0,0,0,0,0,210,0,0,0,0,91980,0,0,0,0,0,0,0,0,0,0,0,0,0,0,0,0,0,0,0,0,0,0,0,0,365.0,450.0,421.6666666666667,49.074772881118356,,,,,,,,,40.0,0.2,71105.0,71105.0,0.2965332958301104,-0.9510565162951535,-0.30901699437494756,92190,1.0,0.0
Grapes,fruit,2082,11,8,falgun,166360,180.0,220.0,200.0,kg,kg,False,33272000.0,True,166360,0,1.0,10,True,0,0,0,0,0,0,0,0,0,0,166360,0,0,0,0,0,0,0,0,0,0,0,0,0,0,0,0,0,0,0,0,0,0,0,0,200.0,365.0,338.3333333333333,127.11543310445569,180.0,,180.0,,220.0,,220.0,,40.0,0.2,92190.0,92190.0,0.8045341143291029,-0.9510565162951536,0.30901699437494723,166360,1.0,0.0
Grapes,fruit,2082,12,9,chaitra,255050,,,230.0,kg,kg,False,58661500.0,True,255050,0,1.0,10,True,0,0,0,0,0,0,0,0,0,0,255050,0,0,0,0,0,0,0,0,0,0,0,0,0,0,0,0,0,0,0,0,0,0,0,0,200.0,200.0,255.0,95.26279441628832,180.0,180.0,180.0,0.0,220.0,220.0,220.0,0.0,,,166360.0,166360.0,0.533120942534263,-0.5877852522924732,0.8090169943749473,255050,1.0,0.0
Grapes,fruit,2083,1,10,baishakh,220900,,,450.0,kg,kg,False,99405000.0,True,220900,0,1.0,10,True,0,0,0,0,0,2120,0,0,0,0,218780,0,0,0,0,0,0,0,0,0,0,0,0,0,0,0,0,0,0,0,0,0,0,0,0,230.0,200.0,210.0,17.32050807568914,,180.0,180.0,0.0,,220.0,220.0,0.0,,,255050.0,255050.0,-0.1338953146441874,-2.4492935982947064e-16,1.0,220900,1.0,0.0
Green_Peas,vegetable,2082,5,2,bhadra,35870,,200.0,126.05,kg,kg,False,4521413.5,True,35870,0,0.0,9,False,0,0,0,0,0,0,0,0,120,0,0,0,2685,0,0,0,28050,0,0,0,0,0,0,0,0,0,0,0,0,0,0,0,0,0,5015,,,,,,,,,,,,,,,,,,0.9510565162951535,0.30901699437494745,0,0.0,0.07485363813771954
Green_Peas,vegetable,2082,6,3,ashwin,490,250.0,300.0,291.67,kg,kg,False,142918.3,True,490,0,0.0,9,False,0,0,0,0,0,0,0,0,0,490,0,0,0,0,0,0,0,0,0,0,0,0,0,0,0,0,0,0,0,0,0,0,0,0,0,126.05,,126.05,,,,,,200.0,,200.0,,50.0,0.17142661226728836,35870.0,35870.0,-0.9863395595204907,0.9510565162951536,-0.30901699437494734,0,0.0,0.0
Green_Peas,vegetable,2082,7,4,kartik,48400,200.0,300.0,264.74,kg,kg,False,12813416.0,True,48400,0,0.0,9,False,0,0,0,0,0,0,5475,20465,0,10390,0,0,0,0,0,0,0,0,0,0,0,12070,0,0,0,0,0,0,0,0,0,0,0,0,0,291.67,126.05,208.86,117.11102510011601,250.0,,250.0,,300.0,200.0,250.0,70.71067811865476,100.0,0.3777290926947193,490.0,490.0,97.77551020408163,0.5877852522924732,-0.8090169943749473,0,0.0,0.0
Green_Peas,vegetable,2082,8,5,mangsir,106400,160.0,250.0,184.74,kg,kg,False,19656336.0,True,106400,0,0.0509398496240601,9,False,0,0,0,0,1240,0,3380,38035,5800,1120,5420,0,150,0,0,0,1390,0,0,0,0,45735,0,0,0,0,0,0,0,0,4130,0,0,0,0,264.74,291.67,227.48666666666668,88.87268553010725,200.0,250.0,225.0,35.35533905932738,300.0,300.0,266.6666666666667,57.735026918962575,90.0,0.4871711594673595,48400.0,48400.0,1.1983471074380165,1.2246467991473532e-16,-1.0,5420,0.05093984962406015,0.0014097744360902255
Green_Peas,vegetable,2082,9,6,poush,198183,130.0,180.0,152.73,kg,kg,False,30268489.59,True,198183,0,0.1835677126696033,9,False,0,0,0,0,10810,0,16440,34465,13950,0,36380,0,0,0,0,0,10015,0,0,0,0,66603,0,0,0,0,0,0,0,0,9520,0,0,0,0,184.74,264.74,247.05000000000004,55.616618919168396,160.0,200.0,203.33333333333334,45.09249752822895,250.0,300.0,283.3333333333333,28.867513459481255,50.0,0.3273751063969096,106400.0,106400.0,0.8626221804511278,-0.587785252292473,-0.8090169943749475,36380,0.18356771266960334,0.0
Green_Peas,vegetable,2082,10,7,magh,155535,50.0,140.0,88.43,kg,kg,False,13753960.05,True,155535,0,0.3124698620889189,9,False,0,0,0,0,6370,0,3890,19115,7245,1140,48600,0,0,0,0,0,12795,0,0,0,0,48950,0,0,0,0,0,0,0,0,5180,0,0,0,2250,152.73,184.74,200.73666666666668,57.69298079778283,130.0,160.0,163.33333333333334,35.118845842842475,180.0,250.0,243.33333333333334,60.27713773341707,90.0,1.0177541558294696,198183.0,198183.0,-0.21519504700201328,-0.9510565162951535,-0.30901699437494756,48600,0.3124698620889189,0.0
Green_Peas,vegetable,2082,11,8,falgun,111900,50.0,100.0,65.28,kg,kg,False,7304832.0,True,111900,0,0.0537980339588918,9,False,0,0,0,0,6935,0,3200,9495,4495,580,6020,0,210,0,0,0,27265,0,0,0,0,46080,0,0,0,0,0,0,0,0,1900,0,0,0,5720,88.43,152.73,141.96666666666667,49.048863731317425,50.0,130.0,113.33333333333333,56.86240703077328,140.0,180.0,190.0,55.67764362830021,50.0,0.7659313725490196,155535.0,155535.0,-0.2805477866718102,-0.9510565162951536,0.30901699437494723,6020,0.05379803395889187,0.0018766756032171583
Green_Peas,vegetable,2082,12,9,chaitra,137955,50.0,130.0,96.36,kg,kg,False,13293343.8,True,137955,0,0.0,9,False,0,0,0,0,0,0,11350,29665,2340,13255,0,0,0,0,0,0,23425,0,0,0,0,20995,0,0,0,0,0,0,0,0,15220,0,18415,0,3290,65.28,88.43,102.14666666666666,45.30988670625156,50.0,50.0,76.66666666666667,46.18802153517007,100.0,140.0,140.0,39.999999999999986,80.0,0.8302200083022001,111900.0,111900.0,0.23284182305630027,-0.5877852522924732,0.8090169943749473,0,0.0,0.0
Green_Peas,vegetable,2083,1,10,baishakh,44955,100.0,130.0,110.87,kg,kg,False,4984160.85,True,44955,0,0.0,9,False,0,0,0,0,0,0,350,0,0,40695,0,0,0,0,0,0,1240,0,0,0,0,0,0,0,0,0,0,0,0,0,2670,0,0,0,0,96.36,65.28,83.35666666666667,16.149168193233834,50.0,50.0,50.0,0.0,130.0,100.0,123.33333333333333,20.816659994661297,30.0,0.2705871741679444,137955.0,137955.0,-0.6741328694139394,-2.4492935982947064e-16,1.0,0,0.0,0.0
Green_Ve,vegetable,2082,4,1,shrawan,56053,,,90.0,kg,kg,False,5044770.0,True,56053,0,0.0,9,False,0,0,0,0,0,0,0,0,970,50,0,0,3738,0,0,0,43665,0,0,0,0,0,0,0,0,0,0,0,0,0,0,0,0,0,7630,,,,,,,,,,,,,,,,,,0.5877852522924731,0.8090169943749475,0,0.0,0.06668688562610386
Green_Ve,vegetable,2082,6,3,ashwin,28090,,,155.0,kg,kg,False,4353950.0,True,28090,0,0.0,9,False,0,0,0,0,0,0,0,0,330,0,0,0,2600,0,0,0,23790,0,0,0,0,0,0,0,0,0,0,0,0,0,0,0,0,0,1370,90.0,,90.0,,,,,,,,,,,,56053.0,56053.0,-0.4988671435962393,0.9510565162951536,-0.30901699437494734,0,0.0,0.09255962976148095
Green_Ve,vegetable,2082,7,4,kartik,28645,,,91.5,kg,kg,False,2621017.5,True,28645,0,0.0,9,False,0,0,0,0,0,0,0,0,150,0,0,0,2610,0,0,0,25885,0,0,0,0,0,0,0,0,0,0,0,0,0,0,0,0,0,0,155.0,90.0,122.5,45.96194077712559,,,,,,,,,,,28090.0,28090.0,0.019757920968316127,0.5877852522924732,-0.8090169943749473,0,0.0,0.0911153779019026
Green_Ve,vegetable,2082,8,5,mangsir,32200,,,109.0,kg,kg,False,3509800.0,True,32200,0,0.0,9,False,0,0,0,0,1830,0,0,0,0,0,0,0,3050,0,0,0,26670,0,0,0,0,0,0,0,0,0,0,0,0,0,650,0,0,0,0,91.5,155.0,112.16666666666667,37.102335955210876,,,,,,,,,,,28645.0,28645.0,0.124105428521557,1.2246467991473532e-16,-1.0,0,0.0,0.09472049689440994
Green_Ve,vegetable,2082,9,6,poush,37315,,,65.33,kg,kg,False,2437788.95,True,37315,0,0.0,9,False,0,0,0,0,4640,0,0,0,0,0,0,0,3980,0,0,0,25105,0,0,0,0,0,0,0,0,0,0,0,0,0,3590,0,0,0,0,109.0,91.5,118.5,32.79862802008645,,,,,,,,,,,32200.0,32200.0,0.15885093167701864,-0.587785252292473,-0.8090169943749475,0,0.0,0.1066595203001474
Green_Ve,vegetable,2082,10,7,magh,26415,,,48.95,kg,kg,False,1293014.25,True,26415,0,0.0,9,False,0,0,0,0,1490,0,0,0,0,0,0,0,2420,0,0,0,17985,0,0,0,0,0,0,0,0,0,0,0,0,0,2810,0,0,0,1710,65.33,109.0,88.61,21.977973063956558,,,,,,,,,,,37315.0,37315.0,-0.292107731475278,-0.9510565162951535,-0.30901699437494756,0,0.0,0.09161461290933182
Green_Ve,vegetable,2082,11,8,falgun,23135,,,40.56,kg,kg,False,938355.6,True,23135,0,0.0,9,False,0,0,0,0,530,0,0,0,150,0,0,0,2320,0,0,0,15515,0,0,0,0,0,0,0,0,0,0,0,0,0,3630,0,0,0,990,48.95,65.33,74.42666666666666,31.041305277538395,,,,,,,,,,,26415.0,26415.0,-0.12417187204240016,-0.9510565162951536,0.30901699437494723,0,0.0,0.10028095958504431
Green_Ve,vegetable,2082,12,9,chaitra,45558,,,47.5,kg,kg,False,2164005.0,True,45558,0,0.0,9,False,0,0,0,0,0,0,0,0,540,0,0,0,3584,0,0,0,32510,0,0,0,0,0,0,0,0,0,0,0,0,0,3384,0,0,0,5540,40.56,48.95,51.61333333333334,12.597945599713183,,,,,,,,,,,23135.0,23135.0,0.9692241192997623,-0.5877852522924732,0.8090169943749473,0,0.0,0.078668949471004
Green_Ve,vegetable,2083,1,10,baishakh,46000,,,52.55,kg,kg,False,2417300.0,True,46000,0,0.0,9,False,0,0,0,0,0,0,0,0,4610,0,0,0,2975,0,0,0,24490,0,0,0,0,0,0,0,0,0,0,0,0,0,0,0,0,0,13925,47.5,40.56,45.669999999999995,4.484384015670315,,,,,,,,,,,45558.0,45558.0,0.009701918433645025,-2.4492935982947064e-16,1.0,0,0.0,0.06467391304347826
Guava,fruit,2082,4,1,shrawan,9890,200.0,250.0,205.2,kg,kg,False,2029428.0,True,9890,0,0.987866531850354,10,True,0,0,0,0,0,0,0,0,0,0,9770,0,0,0,0,0,0,0,0,0,0,120,0,0,0,0,0,0,0,0,0,0,0,0,0,,,,,,,,,,,,,50.0,0.2436647173489279,,,,0.5877852522924731,0.8090169943749475,9770,0.9878665318503539,0.0
Guava,fruit,2082,5,2,bhadra,37098,200.0,250.0,201.73,kg,kg,False,7483779.54,True,37098,0,0.8590759609682462,10,True,0,0,0,0,0,0,0,3420,150,0,31870,0,0,0,0,0,58,0,0,0,0,210,0,0,0,0,0,0,0,0,0,0,0,0,1390,205.2,,205.2,,200.0,,200.0,,250.0,,250.0,,50.0,0.24785604520894267,9890.0,9890.0,2.751061678463094,0.9510565162951535,0.30901699437494745,31870,0.8590759609682462,0.0
Guava,fruit,2082,6,3,ashwin,26999,180.0,200.0,190.0,kg,kg,False,5129810.0,True,26999,0,0.6279862217119152,10,True,0,0,0,0,0,0,0,4090,210,2300,16955,0,0,0,0,0,984,0,0,0,0,2250,0,0,0,0,0,0,0,0,0,0,0,0,210,201.73,205.2,203.46499999999997,2.453660530717309,200.0,200.0,200.0,0.0,250.0,250.0,250.0,0.0,20.0,0.10526315789473684,37098.0,37098.0,-0.27222491778532537,0.9510565162951536,-0.30901699437494734,16955,0.6279862217119152,0.0
Guava,fruit,2082,7,4,kartik,28095,180.0,200.0,190.0,kg,kg,False,5338050.0,True,28095,0,0.9617369638725752,10,True,0,0,0,0,0,0,0,780,0,0,27020,0,0,0,0,0,85,0,0,0,0,210,0,0,0,0,0,0,0,0,0,0,0,0,0,190.0,201.73,198.97666666666666,7.965276726726646,180.0,200.0,193.33333333333334,11.54700538379252,200.0,250.0,233.33333333333334,28.867513459481295,20.0,0.10526315789473684,26999.0,26999.0,0.04059409607763251,0.5877852522924732,-0.8090169943749473,27020,0.9617369638725752,0.0
Guava,fruit,2082,8,5,mangsir,39130,100.0,200.0,131.05,kg,kg,False,5127986.5,True,39130,0,1.0,10,True,0,0,0,0,0,0,0,0,0,0,39130,0,0,0,0,0,0,0,0,0,0,0,0,0,0,0,0,0,0,0,0,0,0,0,0,190.0,190.0,193.91,6.772318657594303,180.0,180.0,186.66666666666666,11.54700538379252,200.0,200.0,216.66666666666666,28.867513459481295,100.0,0.7630675314765356,28095.0,28095.0,0.39277451503826305,1.2246467991473532e-16,-1.0,39130,1.0,0.0
Guava,fruit,2082,9,6,poush,90555,100.0,120.0,110.0,kg,kg,False,9961050.0,True,90555,0,0.9604660151289272,10,True,0,0,0,0,0,0,0,0,0,0,86975,0,0,0,0,0,3580,0,0,0,0,0,0,0,0,0,0,0,0,0,0,0,0,0,0,131.05,190.0,170.35,34.03479836872843,100.0,180.0,153.33333333333334,46.188021535170066,200.0,200.0,200.0,0.0,20.0,0.18181818181818182,39130.0,39130.0,1.3142090467671863,-0.587785252292473,-0.8090169943749475,86975,0.9604660151289272,0.0
Guava,fruit,2082,10,7,magh,37940,100.0,120.0,110.0,kg,kg,False,4173400.0,True,37940,0,1.0,10,True,0,0,0,0,0,0,0,0,0,0,37940,0,0,0,0,0,0,0,0,0,0,0,0,0,0,0,0,0,0,0,0,0,0,0,0,110.0,131.05,143.6833333333333,41.46927577536569,100.0,100.0,126.66666666666667,46.18802153517007,120.0,200.0,173.33333333333334,46.188021535170066,20.0,0.18181818181818182,90555.0,90555.0,-0.5810281044668986,-0.9510565162951535,-0.30901699437494756,37940,1.0,0.0
Guava,fruit,2082,11,8,falgun,20205,100.0,120.0,110.0,kg,kg,False,2222550.0,True,20205,0,1.0,10,True,0,0,0,0,0,0,0,0,0,0,20205,0,0,0,0,0,0,0,0,0,0,0,0,0,0,0,0,0,0,0,0,0,0,0,0,110.0,110.0,117.01666666666667,12.15322316644146,100.0,100.0,100.0,0.0,120.0,120.0,146.66666666666666,46.188021535170066,20.0,0.18181818181818182,37940.0,37940.0,-0.46744860305745917,-0.9510565162951536,0.30901699437494723,20205,1.0,0.0
Guava,fruit,2082,12,9,chaitra,15970,100.0,200.0,163.18,kg,kg,False,2605984.6,True,15970,0,1.0,10,True,0,0,0,0,0,0,0,0,0,0,15970,0,0,0,0,0,0,0,0,0,0,0,0,0,0,0,0,0,0,0,0,0,0,0,0,110.0,110.0,110.0,0.0,100.0,100.0,100.0,0.0,120.0,120.0,120.0,0.0,100.0,0.6128201985537443,20205.0,20205.0,-0.20960158376639446,-0.5877852522924732,0.8090169943749473,15970,1.0,0.0
Guava,fruit,2083,1,10,baishakh,0,150.0,200.0,180.22,kg,kg,False,0.0,True,0,0,,10,True,0,0,0,0,0,0,0,0,0,0,0,0,0,0,0,0,0,0,0,0,0,0,0,0,0,0,0,0,0,0,0,0,0,0,0,163.18,110.0,127.72666666666667,30.703487315504255,100.0,100.0,100.0,0.0,200.0,120.0,146.66666666666666,46.18802153517007,50.0,0.27743868605038285,15970.0,15970.0,-1.0,-2.4492935982947064e-16,1.0,0,0.0,0.0
Gundruk,vegetable,2082,5,2,bhadra,120,,,300.0,kg,kg,False,36000.0,True,120,0,0.0,9,False,0,0,0,0,0,0,0,0,0,0,0,0,0,0,0,0,120,0,0,0,0,0,0,0,0,0,0,0,0,0,0,0,0,0,0,,,,,,,,,,,,,,,,,,0.9510565162951535,0.30901699437494745,0,0.0,0.0
Gundruk,vegetable,2082,6,3,ashwin,40,300.0,400.0,350.0,kg,kg,False,14000.0,True,40,0,0.0,9,False,0,0,0,0,0,0,0,0,0,0,0,0,0,0,0,0,40,0,0,0,0,0,0,0,0,0,0,0,0,0,0,0,0,0,0,300.0,,300.0,,,,,,,,,,100.0,0.2857142857142857,120.0,120.0,-0.6666666666666666,0.9510565162951536,-0.30901699437494734,0,0.0,0.0
Gundruk,vegetable,2082,7,4,kartik,40,300.0,400.0,302.63,kg,kg,False,12105.2,True,40,0,0.0,9,False,0,0,0,0,0,0,0,0,0,0,0,0,0,0,0,0,40,0,0,0,0,0,0,0,0,0,0,0,0,0,0,0,0,0,0,350.0,300.0,325.0,35.35533905932738,300.0,,300.0,,400.0,,400.0,,100.0,0.330436506625252,40.0,40.0,0.0,0.5877852522924732,-0.8090169943749473,0,0.0,0.0
Gundruk,vegetable,2082,8,5,mangsir,180,300.0,300.0,300.0,kg,kg,False,54000.0,True,180,0,0.0,9,False,0,0,0,0,0,0,0,0,0,0,0,0,0,0,0,0,180,0,0,0,0,0,0,0,0,0,0,0,0,0,0,0,0,0,0,302.63,350.0,317.54333333333335,28.139041087665614,300.0,300.0,300.0,0.0,400.0,400.0,400.0,0.0,0.0,0.0,40.0,40.0,3.5,1.2246467991473532e-16,-1.0,0,0.0,0.0
Gundruk,vegetable,2082,9,6,poush,3106,300.0,300.0,300.0,kg,kg,False,931800.0,False,475503,-472397,0.5562846080886976,9,False,0,0,0,0,0,0,0,0,0,0,264515,0,0,0,0,0,210988,0,0,0,0,0,0,0,0,0,0,0,0,0,0,0,0,0,0,300.0,302.63,317.54333333333335,28.139041087665614,300.0,300.0,300.0,0.0,300.0,400.0,366.6666666666667,57.73502691896259,0.0,0.0,180.0,180.0,16.255555555555556,-0.587785252292473,-0.8090169943749475,264515,0.5562846080886976,0.0
Gundruk,vegetable,2082,10,7,magh,198,300.0,300.0,300.0,kg,kg,False,59400.0,True,198,0,0.0,9,False,0,0,0,0,0,0,0,0,0,0,0,0,0,0,0,0,198,0,0,0,0,0,0,0,0,0,0,0,0,0,0,0,0,0,0,300.0,300.0,300.87666666666667,1.5184312079692737,300.0,300.0,300.0,0.0,300.0,300.0,333.3333333333333,57.73502691896259,0.0,0.0,3106.0,475503.0,-0.9362524146812621,-0.9510565162951535,-0.30901699437494756,0,0.0,0.0
Gundruk,vegetable,2082,11,8,falgun,47,300.0,300.0,300.0,kg,kg,False,14100.0,True,47,0,0.0,9,False,0,0,0,0,0,0,0,0,0,0,0,0,0,0,0,0,47,0,0,0,0,0,0,0,0,0,0,0,0,0,0,0,0,0,0,300.0,300.0,300.0,0.0,300.0,300.0,300.0,0.0,300.0,300.0,300.0,0.0,0.0,0.0,198.0,198.0,-0.7626262626262627,-0.9510565162951536,0.30901699437494723,0,0.0,0.0
Gundruk,vegetable,2082,12,9,chaitra,2280,300.0,300.0,300.0,kg,kg,False,684000.0,True,2280,0,0.9824561403508772,9,False,0,0,0,0,0,0,0,0,0,0,2240,0,0,0,0,0,40,0,0,0,0,0,0,0,0,0,0,0,0,0,0,0,0,0,0,300.0,300.0,300.0,0.0,300.0,300.0,300.0,0.0,300.0,300.0,300.0,0.0,0.0,0.0,47.0,47.0,47.51063829787234,-0.5877852522924732,0.8090169943749473,2240,0.9824561403508771,0.0
Gundruk,vegetable,2083,1,10,baishakh,0,300.0,300.0,300.0,kg,kg,False,0.0,True,0,0,,9,False,0,0,0,0,0,0,0,0,0,0,0,0,0,0,0,0,0,0,0,0,0,0,0,0,0,0,0,0,0,0,0,0,0,0,0,300.0,300.0,300.0,0.0,300.0,300.0,300.0,0.0,300.0,300.0,300.0,0.0,0.0,0.0,2280.0,2280.0,-1.0,-2.4492935982947064e-16,1.0,0,0.0,0.0
Haluwabed,fruit,2082,6,3,ashwin,1500,,,480.0,kg,kg,False,720000.0,True,1500,0,1.0,8,False,0,0,0,0,0,1500,0,0,0,0,0,0,0,0,0,0,0,0,0,0,0,0,0,0,0,0,0,0,0,0,0,0,0,0,0,,,,,,,,,,,,,,,,,,0.9510565162951536,-0.30901699437494734,1500,1.0,0.0
Haluwabed,fruit,2082,7,4,kartik,3650,,,350.0,kg,kg,False,1277500.0,True,3650,0,1.0,8,False,0,0,0,0,0,0,0,0,0,0,3650,0,0,0,0,0,0,0,0,0,0,0,0,0,0,0,0,0,0,0,0,0,0,0,0,480.0,,480.0,,,,,,,,,,,,1500.0,1500.0,1.4333333333333333,0.5877852522924732,-0.8090169943749473,3650,1.0,0.0
Haluwabed,fruit,2082,8,5,mangsir,8600,250.0,300.0,287.5,kg,kg,False,2472500.0,True,8600,0,1.0,8,False,0,0,0,0,0,3110,0,0,0,0,5490,0,0,0,0,0,0,0,0,0,0,0,0,0,0,0,0,0,0,0,0,0,0,0,0,350.0,480.0,415.0,91.92388155425118,,,,,,,,,50.0,0.17391304347826086,3650.0,3650.0,1.356164383561644,1.2246467991473532e-16,-1.0,8600,1.0,0.0
Haluwabed,fruit,2082,9,6,poush,13350,300.0,300.0,300.0,kg,kg,False,4005000.0,True,13350,0,1.0,8,False,0,0,0,0,0,4350,0,0,0,0,9000,0,0,0,0,0,0,0,0,0,0,0,0,0,0,0,0,0,0,0,0,0,0,0,0,287.5,350.0,372.5,98.20259670701178,250.0,,250.0,,300.0,,300.0,,0.0,0.0,8600.0,8600.0,0.5523255813953488,-0.587785252292473,-0.8090169943749475,13350,1.0,0.0
Haluwabed,fruit,2082,10,7,magh,5420,300.0,300.0,300.0,kg,kg,False,1626000.0,True,5420,0,1.0,8,False,0,0,0,0,0,690,0,0,0,0,4730,0,0,0,0,0,0,0,0,0,0,0,0,0,0,0,0,0,0,0,0,0,0,0,0,300.0,287.5,312.5,33.071891388307385,300.0,250.0,275.0,35.35533905932738,300.0,300.0,300.0,0.0,0.0,0.0,13350.0,13350.0,-0.5940074906367041,-0.9510565162951535,-0.30901699437494756,5420,1.0,0.0
Haluwabed,fruit,2082,11,8,falgun,1900,300.0,300.0,300.0,kg,kg,False,570000.0,True,1900,0,1.0,8,False,0,0,0,0,0,0,0,0,0,0,1900,0,0,0,0,0,0,0,0,0,0,0,0,0,0,0,0,0,0,0,0,0,0,0,0,300.0,300.0,295.8333333333333,7.216878364870326,300.0,300.0,283.3333333333333,28.867513459481295,300.0,300.0,300.0,0.0,0.0,0.0,5420.0,5420.0,-0.6494464944649446,-0.9510565162951536,0.30901699437494723,1900,1.0,0.0
Haluwabed,fruit,2082,12,9,chaitra,12080,300.0,300.0,300.0,kg,kg,False,3624000.0,True,12080,0,1.0,8,False,0,0,0,0,0,1240,0,0,0,0,10840,0,0,0,0,0,0,0,0,0,0,0,0,0,0,0,0,0,0,0,0,0,0,0,0,300.0,300.0,300.0,0.0,300.0,300.0,300.0,0.0,300.0,300.0,300.0,0.0,0.0,0.0,1900.0,1900.0,5.3578947368421055,-0.5877852522924732,0.8090169943749473,12080,1.0,0.0
Haluwabed,fruit,2083,1,10,baishakh,15690,300.0,300.0,300.0,kg,kg,False,4707000.0,True,15690,0,1.0,8,False,0,0,0,0,0,880,0,0,0,0,14810,0,0,0,0,0,0,0,0,0,0,0,0,0,0,0,0,0,0,0,0,0,0,0,0,300.0,300.0,300.0,0.0,300.0,300.0,300.0,0.0,300.0,300.0,300.0,0.0,0.0,0.0,12080.0,12080.0,0.298841059602649,-2.4492935982947064e-16,1.0,15690,1.0,0.0
Jack_Fruit,fruit,2082,4,1,shrawan,78640,30.0,40.0,35.0,kg,kg,False,2752400.0,True,78640,0,0.0311546286876907,7,False,0,0,0,0,0,0,0,5805,23480,0,2450,0,0,0,0,0,4640,0,0,0,0,27930,0,0,0,0,0,0,0,0,0,0,0,0,14335,,,,,,,,,,,,,10.0,0.2857142857142857,,,,0.5877852522924731,0.8090169943749475,2450,0.03115462868769074,0.0
Jack_Fruit,fruit,2082,5,2,bhadra,2270,30.0,40.0,35.0,kg,kg,False,79450.0,True,2270,0,0.0,7,False,0,0,0,0,0,0,0,0,2270,0,0,0,0,0,0,0,0,0,0,0,0,0,0,0,0,0,0,0,0,0,0,0,0,0,0,35.0,,35.0,,30.0,,30.0,,40.0,,40.0,,10.0,0.2857142857142857,78640.0,78640.0,-0.9711342828077314,0.9510565162951535,0.30901699437494745,0,0.0,0.0
Jack_Fruit,fruit,2082,6,3,ashwin,0,40.0,50.0,45.0,kg,kg,False,0.0,True,0,0,,7,False,0,0,0,0,0,0,0,0,0,0,0,0,0,0,0,0,0,0,0,0,0,0,0,0,0,0,0,0,0,0,0,0,0,0,0,35.0,35.0,35.0,0.0,30.0,30.0,30.0,0.0,40.0,40.0,40.0,0.0,10.0,0.2222222222222222,2270.0,2270.0,-1.0,0.9510565162951536,-0.30901699437494734,0,0.0,0.0
Jack_Fruit,fruit,2082,10,7,magh,4820,,,185.0,kg,kg,False,891700.0,True,4820,0,1.0,7,False,0,0,0,0,0,0,0,0,0,0,4820,0,0,0,0,0,0,0,0,0,0,0,0,0,0,0,0,0,0,0,0,0,0,0,0,45.0,35.0,38.333333333333336,5.773502691896256,40.0,30.0,33.333333333333336,5.773502691896256,50.0,40.0,43.333333333333336,5.773502691896256,,,0.0,0.0,,-0.9510565162951535,-0.30901699437494756,4820,1.0,0.0
Jack_Fruit,fruit,2082,11,8,falgun,1050,,,90.0,kg,kg,False,94500.0,True,1050,0,1.0,7,False,0,0,0,0,0,0,0,0,0,0,1050,0,0,0,0,0,0,0,0,0,0,0,0,0,0,0,0,0,0,0,0,0,0,0,0,185.0,45.0,88.33333333333333,83.86497083606082,,40.0,35.0,7.071067811865473,,50.0,45.0,7.071067811865473,,,4820.0,4820.0,-0.7821576763485477,-0.9510565162951536,0.30901699437494723,1050,1.0,0.0
Jack_Fruit,fruit,2082,12,9,chaitra,9565,,,110.0,kg,kg,False,1052150.0,True,9565,0,1.0,7,False,0,0,0,0,0,0,0,0,0,0,9565,0,0,0,0,0,0,0,0,0,0,0,0,0,0,0,0,0,0,0,0,0,0,0,0,90.0,185.0,106.66666666666667,71.47260547463856,,,40.0,,,,50.0,,,,1050.0,1050.0,8.10952380952381,-0.5877852522924732,0.8090169943749473,9565,1.0,0.0
Jack_Fruit,fruit,2083,1,10,baishakh,39770,80.0,100.0,90.0,kg,kg,False,3579300.0,True,39770,0,0.7548403319084738,7,False,0,0,0,0,0,0,0,0,0,0,30020,0,0,0,0,0,120,0,0,0,0,9630,0,0,0,0,0,0,0,0,0,0,0,0,0,110.0,90.0,128.33333333333334,50.08326400438906,,,,,,,,,20.0,0.2222222222222222,9565.0,9565.0,3.1578672242550967,-2.4492935982947064e-16,1.0,30020,0.7548403319084738,0.0
Khasa_Garlic_Dry,vegetable,2082,4,1,shrawan,47460,200.0,250.0,223.2,kg,kg,False,10593072.0,True,47460,0,1.0,10,True,0,0,0,0,0,47460,0,0,0,0,0,0,0,0,0,0,0,0,0,0,0,0,0,0,0,0,0,0,0,0,0,0,0,0,0,,,,,,,,,,,,,50.0,0.22401433691756273,,,,0.5877852522924731,0.8090169943749475,47460,1.0,0.0
Khasa_Garlic_Dry,vegetable,2082,5,2,bhadra,54390,200.0,320.0,243.66,kg,kg,False,13252667.4,True,54390,0,1.0,10,True,0,0,0,0,0,54390,0,0,0,0,0,0,0,0,0,0,0,0,0,0,0,0,0,0,0,0,0,0,0,0,0,0,0,0,0,223.2,,223.2,,200.0,,200.0,,250.0,,250.0,,120.0,0.4924895345973898,47460.0,47460.0,0.14601769911504425,0.9510565162951535,0.30901699437494745,54390,1.0,0.0
Khasa_Garlic_Dry,vegetable,2082,6,3,ashwin,68870,230.0,250.0,240.0,kg,kg,False,16528800.0,True,68870,0,1.0,10,True,0,0,0,0,0,68870,0,0,0,0,0,0,0,0,0,0,0,0,0,0,0,0,0,0,0,0,0,0,0,0,0,0,0,0,0,243.66,223.2,233.43,14.467404743076758,200.0,200.0,200.0,0.0,320.0,250.0,285.0,49.49747468305833,20.0,0.08333333333333333,54390.0,54390.0,0.26622540908255193,0.9510565162951536,-0.30901699437494734,68870,1.0,0.0
Khasa_Garlic_Dry,vegetable,2082,7,4,kartik,61570,230.0,250.0,240.0,kg,kg,False,14776800.0,True,61570,0,1.0,10,True,0,0,0,0,0,61570,0,0,0,0,0,0,0,0,0,0,0,0,0,0,0,0,0,0,0,0,0,0,0,0,0,0,0,0,0,240.0,243.66,235.62,10.910600350118223,230.0,200.0,210.0,17.320508075688775,250.0,320.0,273.3333333333333,40.4145188432738,20.0,0.08333333333333333,68870.0,68870.0,-0.10599680557572237,0.5877852522924732,-0.8090169943749473,61570,1.0,0.0
Khasa_Garlic_Dry,vegetable,2082,8,5,mangsir,42305,200.0,280.0,240.79,kg,kg,False,10186620.95,True,42305,0,1.0,10,True,0,0,0,0,0,42305,0,0,0,0,0,0,0,0,0,0,0,0,0,0,0,0,0,0,0,0,0,0,0,0,0,0,0,0,0,240.0,240.0,241.22,2.113101985233938,230.0,230.0,220.0,17.320508075688775,250.0,250.0,273.3333333333333,40.4145188432738,80.0,0.3322397109514515,61570.0,61570.0,-0.31289589085593633,1.2246467991473532e-16,-1.0,42305,1.0,0.0
Khasa_Garlic_Dry,vegetable,2082,9,6,poush,26960,260.0,500.0,377.5,kg,kg,False,10177400.0,True,26960,0,1.0,10,True,0,0,0,0,0,26960,0,0,0,0,0,0,0,0,0,0,0,0,0,0,0,0,0,0,0,0,0,0,0,0,0,0,0,0,0,240.79,240.0,240.26333333333332,0.4561067126593842,200.0,230.0,220.0,17.320508075688775,280.0,250.0,260.0,17.320508075688736,240.0,0.6357615894039735,42305.0,42305.0,-0.3627230823779695,-0.587785252292473,-0.8090169943749475,26960,1.0,0.0
Khasa_Garlic_Dry,vegetable,2082,10,7,magh,70330,210.0,500.0,300.29,kg,kg,False,21119395.7,True,70330,0,1.0,10,True,0,0,0,0,0,70330,0,0,0,0,0,0,0,0,0,0,0,0,0,0,0,0,0,0,0,0,0,0,0,0,0,0,0,0,0,377.5,240.79,286.09666666666664,79.15859418492306,260.0,200.0,230.0,30.0,500.0,280.0,343.3333333333333,136.50396819628847,290.0,0.9657331246461753,26960.0,26960.0,1.6086795252225519,-0.9510565162951535,-0.30901699437494756,70330,1.0,0.0
Khasa_Garlic_Dry,vegetable,2082,11,8,falgun,43090,250.0,350.0,280.56,kg,kg,False,12089330.4,True,43090,0,1.0,10,True,0,0,0,0,0,43090,0,0,0,0,0,0,0,0,0,0,0,0,0,0,0,0,0,0,0,0,0,0,0,0,0,0,0,0,0,300.29,377.5,306.1933333333333,68.54591915886267,210.0,260.0,223.33333333333334,32.145502536643185,500.0,500.0,426.6666666666667,127.01705922171767,100.0,0.35642999714856,70330.0,70330.0,-0.38731693445186977,-0.9510565162951536,0.30901699437494723,43090,1.0,0.0
Khasa_Garlic_Dry,vegetable,2082,12,9,chaitra,87030,250.0,300.0,275.0,kg,kg,False,23933250.0,True,87030,0,1.0,10,True,0,0,0,0,0,87030,0,0,0,0,0,0,0,0,0,0,0,0,0,0,0,0,0,0,0,0,0,0,0,0,0,0,0,0,0,280.56,300.29,319.45,51.23153423429756,250.0,210.0,240.0,26.457513110645905,350.0,500.0,450.0,86.60254037844386,50.0,0.18181818181818182,43090.0,43090.0,1.0197261545602228,-0.5877852522924732,0.8090169943749473,87030,1.0,0.0
Khasa_Garlic_Dry,vegetable,2083,1,10,baishakh,97150,200.0,300.0,233.7,kg,kg,False,22703955.0,True,97150,0,1.0,10,True,0,0,0,0,0,97150,0,0,0,0,0,0,0,0,0,0,0,0,0,0,0,0,0,0,0,0,0,0,0,0,0,0,0,0,0,275.0,280.56,285.2833333333333,13.290163028847095,250.0,250.0,236.66666666666666,23.094010767585033,300.0,350.0,383.3333333333333,104.08329997330664,100.0,0.4278990158322636,87030.0,87030.0,0.11628174192807078,-2.4492935982947064e-16,1.0,97150,1.0,0.0
Kiwi,fruit,2082,4,1,shrawan,4280,350.0,800.0,599.0,kg,kg,False,2563720.0,True,4280,0,1.0,10,True,0,0,0,0,0,4280,0,0,0,0,0,0,0,0,0,0,0,0,0,0,0,0,0,0,0,0,0,0,0,0,0,0,0,0,0,,,,,,,,,,,,,450.0,0.7512520868113522,,,,0.5877852522924731,0.8090169943749475,4280,1.0,0.0
Kiwi,fruit,2082,5,2,bhadra,5995,300.0,800.0,613.59,kg,kg,False,3678472.05,True,5995,0,1.0,10,True,0,0,0,0,0,5455,0,0,0,0,540,0,0,0,0,0,0,0,0,0,0,0,0,0,0,0,0,0,0,0,0,0,0,0,0,599.0,,599.0,,350.0,,350.0,,800.0,,800.0,,500.0,0.8148763832526605,4280.0,4280.0,0.4007009345794392,0.9510565162951535,0.30901699437494745,5995,1.0,0.0
Kiwi,fruit,2082,6,3,ashwin,5740,350.0,400.0,375.0,kg,kg,False,2152500.0,True,5740,0,0.8118466898954704,10,True,0,0,1080,0,0,4660,0,0,0,0,0,0,0,0,0,0,0,0,0,0,0,0,0,0,0,0,0,0,0,0,0,0,0,0,0,613.59,599.0,606.2950000000001,10.31668793751171,300.0,350.0,325.0,35.35533905932738,800.0,800.0,800.0,0.0,50.0,0.13333333333333333,5995.0,5995.0,-0.042535446205170975,0.9510565162951536,-0.30901699437494734,4660,0.8118466898954704,0.0
Kiwi,fruit,2082,7,4,kartik,4850,350.0,400.0,375.0,kg,kg,False,1818750.0,True,4850,0,0.5649484536082474,10,True,0,0,2110,0,0,2400,0,0,0,0,340,0,0,0,0,0,0,0,0,0,0,0,0,0,0,0,0,0,0,0,0,0,0,0,0,375.0,613.59,529.1966666666667,133.73733971233818,350.0,300.0,333.3333333333333,28.867513459481295,400.0,800.0,666.6666666666666,230.9401076758503,50.0,0.13333333333333333,5740.0,5740.0,-0.15505226480836237,0.5877852522924732,-0.8090169943749473,2740,0.5649484536082474,0.0
Kiwi,fruit,2082,8,5,mangsir,10345,350.0,400.0,375.0,kg,kg,False,3879375.0,True,10345,0,0.5393910101498308,10,True,0,0,1770,0,0,5580,0,0,0,420,0,0,0,0,0,165,0,0,0,0,1190,180,0,1040,0,0,0,0,0,0,0,0,0,0,0,375.0,375.0,454.53000000000003,137.75000072595287,350.0,350.0,333.3333333333333,28.867513459481295,400.0,400.0,533.3333333333334,230.9401076758503,50.0,0.13333333333333333,4850.0,4850.0,1.1329896907216495,1.2246467991473532e-16,-1.0,5580,0.5393910101498308,0.0
Kiwi,fruit,2082,9,6,poush,8990,250.0,400.0,325.0,kg,kg,False,2921750.0,True,8990,0,0.8025583982202447,10,True,320,0,240,0,0,7215,0,0,0,0,0,0,0,0,0,0,135,0,0,0,1080,0,0,0,0,0,0,0,0,0,0,0,0,0,0,375.0,375.0,375.0,0.0,350.0,350.0,350.0,0.0,400.0,400.0,400.0,0.0,150.0,0.46153846153846156,10345.0,10345.0,-0.13098115031416144,-0.587785252292473,-0.8090169943749475,7215,0.8025583982202447,0.0
Kiwi,fruit,2082,10,7,magh,5695,250.0,300.0,275.0,kg,kg,False,1566125.0,True,5695,0,1.0,10,True,0,0,0,0,0,5355,0,0,0,0,340,0,0,0,0,0,0,0,0,0,0,0,0,0,0,0,0,0,0,0,0,0,0,0,0,325.0,375.0,358.3333333333333,28.867513459481593,250.0,350.0,316.6666666666667,57.735026918962596,400.0,400.0,400.0,0.0,50.0,0.18181818181818182,8990.0,8990.0,-0.3665183537263626,-0.9510565162951535,-0.30901699437494756,5695,1.0,0.0
Kiwi,fruit,2082,11,8,falgun,4945,250.0,300.0,275.0,kg,kg,False,1359875.0,True,4945,0,1.0,10,True,0,0,0,0,0,4245,0,0,0,0,700,0,0,0,0,0,0,0,0,0,0,0,0,0,0,0,0,0,0,0,0,0,0,0,0,275.0,325.0,325.0,50.00000000000017,250.0,250.0,283.3333333333333,57.735026918962596,300.0,400.0,366.6666666666667,57.7350269189627,50.0,0.18181818181818182,5695.0,5695.0,-0.13169446883230904,-0.9510565162951536,0.30901699437494723,4945,1.0,0.0
Kiwi,fruit,2082,12,9,chaitra,5910,250.0,400.0,336.36,kg,kg,False,1987887.6,True,5910,0,1.0,10,True,0,0,0,0,0,5910,0,0,0,0,0,0,0,0,0,0,0,0,0,0,0,0,0,0,0,0,0,0,0,0,0,0,0,0,0,275.0,275.0,291.6666666666667,28.867513459481593,250.0,250.0,250.0,0.0,300.0,300.0,333.3333333333333,57.735026918962774,150.0,0.4459507670353193,4945.0,4945.0,0.19514661274014156,-0.5877852522924732,0.8090169943749473,5910,1.0,0.0
Kiwi,fruit,2083,1,10,baishakh,4180,300.0,400.0,350.0,kg,kg,False,1463000.0,True,4180,0,1.0,10,True,0,0,0,0,0,4180,0,0,0,0,0,0,0,0,0,0,0,0,0,0,0,0,0,0,0,0,0,0,0,0,0,0,0,0,0,336.36,275.0,295.4533333333333,35.426212517475705,250.0,250.0,250.0,0.0,400.0,300.0,333.3333333333333,57.735026918962774,100.0,0.2857142857142857,5910.0,5910.0,-0.2927241962774958,-2.4492935982947064e-16,1.0,4180,1.0,0.0
Kurilo,vegetable,2082,4,1,shrawan,425,400.0,500.0,414.0,kg,kg,False,175950.0,True,425,0,0.0,8,False,0,0,0,0,0,0,0,0,0,0,0,0,282,0,0,0,115,0,0,0,0,28,0,0,0,0,0,0,0,0,0,0,0,0,0,,,,,,,,,,,,,100.0,0.24154589371980675,,,,0.5877852522924731,0.8090169943749475,0,0.0,0.6635294117647059
Kurilo,vegetable,2082,5,2,bhadra,86,400.0,500.0,405.63,kg,kg,False,34884.18,True,86,0,0.0,8,False,0,0,0,0,0,0,0,0,0,0,0,0,49,0,0,0,21,0,0,0,0,16,0,0,0,0,0,0,0,0,0,0,0,0,0,414.0,,414.0,,400.0,,400.0,,500.0,,500.0,,100.0,0.24653008899736212,425.0,425.0,-0.7976470588235294,0.9510565162951535,0.30901699437494745,0,0.0,0.5697674418604651
Kurilo,vegetable,2082,6,3,ashwin,0,400.0,500.0,450.0,kg,kg,False,0.0,True,0,0,,8,False,0,0,0,0,0,0,0,0,0,0,0,0,0,0,0,0,0,0,0,0,0,0,0,0,0,0,0,0,0,0,0,0,0,0,0,405.63,414.0,409.815,5.918483758531406,400.0,400.0,400.0,0.0,500.0,500.0,500.0,0.0,100.0,0.2222222222222222,86.0,86.0,-1.0,0.9510565162951536,-0.30901699437494734,0,0.0,0.0
Kurilo,vegetable,2082,7,4,kartik,0,400.0,500.0,450.0,kg,kg,False,0.0,True,0,0,,8,False,0,0,0,0,0,0,0,0,0,0,0,0,0,0,0,0,0,0,0,0,0,0,0,0,0,0,0,0,0,0,0,0,0,0,0,450.0,405.63,423.21000000000004,23.575247612697527,400.0,400.0,400.0,0.0,500.0,500.0,500.0,0.0,100.0,0.2222222222222222,0.0,0.0,,0.5877852522924732,-0.8090169943749473,0,0.0,0.0
Kurilo,vegetable,2082,8,5,mangsir,0,400.0,500.0,450.0,kg,kg,False,0.0,True,0,0,,8,False,0,0,0,0,0,0,0,0,0,0,0,0,0,0,0,0,0,0,0,0,0,0,0,0,0,0,0,0,0,0,0,0,0,0,0,450.0,450.0,435.21000000000004,25.617031443943723,400.0,400.0,400.0,0.0,500.0,500.0,500.0,0.0,100.0,0.2222222222222222,0.0,0.0,,1.2246467991473532e-16,-1.0,0,0.0,0.0
Kurilo,vegetable,2082,10,7,magh,0,400.0,500.0,450.0,kg,kg,False,0.0,True,0,0,,8,False,0,0,0,0,0,0,0,0,0,0,0,0,0,0,0,0,0,0,0,0,0,0,0,0,0,0,0,0,0,0,0,0,0,0,0,450.0,450.0,450.0,0.0,400.0,400.0,400.0,0.0,500.0,500.0,500.0,0.0,100.0,0.2222222222222222,0.0,0.0,,-0.9510565162951535,-0.30901699437494756,0,0.0,0.0
Kurilo,vegetable,2082,11,8,falgun,0,400.0,500.0,450.0,kg,kg,False,0.0,True,0,0,,8,False,0,0,0,0,0,0,0,0,0,0,0,0,0,0,0,0,0,0,0,0,0,0,0,0,0,0,0,0,0,0,0,0,0,0,0,450.0,450.0,450.0,0.0,400.0,400.0,400.0,0.0,500.0,500.0,500.0,0.0,100.0,0.2222222222222222,0.0,0.0,,-0.9510565162951536,0.30901699437494723,0,0.0,0.0
Kurilo,vegetable,2082,12,9,chaitra,0,400.0,500.0,450.0,kg,kg,False,0.0,True,0,0,,8,False,0,0,0,0,0,0,0,0,0,0,0,0,0,0,0,0,0,0,0,0,0,0,0,0,0,0,0,0,0,0,0,0,0,0,0,450.0,450.0,450.0,0.0,400.0,400.0,400.0,0.0,500.0,500.0,500.0,0.0,100.0,0.2222222222222222,0.0,0.0,,-0.5877852522924732,0.8090169943749473,0,0.0,0.0
Lemon,fruit,2082,4,1,shrawan,173755,130.0,150.0,140.0,kg,kg,False,24325700.0,True,173755,0,0.9051825846738224,10,True,0,0,0,0,0,0,6290,480,0,0,157280,0,0,0,0,0,2155,0,0,0,0,700,0,0,0,0,0,0,0,0,0,0,0,1880,4970,,,,,,,,,,,,,20.0,0.14285714285714285,,,,0.5877852522924731,0.8090169943749475,157280,0.9051825846738223,0.0
Lemon,fruit,2082,5,2,bhadra,132490,130.0,280.0,173.33,kg,kg,False,22964491.7,True,132490,0,0.9032002415276624,10,True,0,0,0,0,0,0,3810,570,0,0,119665,0,0,0,0,0,1335,0,0,0,0,210,0,0,1300,0,0,0,0,0,0,0,0,1950,3650,140.0,,140.0,,130.0,,130.0,,150.0,,150.0,,150.0,0.8654012577164945,173755.0,173755.0,-0.2374895686455066,0.9510565162951535,0.30901699437494745,119665,0.9032002415276624,0.0
Lemon,fruit,2082,6,3,ashwin,131200,150.0,180.0,165.0,kg,kg,False,21648000.0,True,131200,0,0.8959603658536586,10,True,0,0,0,0,0,0,540,3870,540,0,117550,0,0,0,0,0,2340,0,0,0,0,2150,0,0,780,0,0,0,0,0,0,0,0,770,2660,173.33,140.0,156.66500000000002,23.56786901694763,130.0,130.0,130.0,0.0,280.0,150.0,215.0,91.92388155425118,30.0,0.18181818181818182,132490.0,132490.0,-0.009736583893124009,0.9510565162951536,-0.30901699437494734,117550,0.8959603658536586,0.0
Lemon,fruit,2082,7,4,kartik,159330,120.0,180.0,146.58,kg,kg,False,23354591.4,True,159330,0,0.8689512332893994,10,True,0,0,0,0,0,0,1330,7230,2840,0,138450,0,0,0,0,0,2220,0,0,0,0,2070,0,0,0,0,0,0,0,0,0,0,0,0,5190,165.0,173.33,159.44333333333336,17.3458823163693,150.0,130.0,136.66666666666666,11.54700538379252,180.0,280.0,203.33333333333334,68.06859285554046,60.0,0.4093327875562832,131200.0,131200.0,0.21440548780487806,0.5877852522924732,-0.8090169943749473,138450,0.8689512332893994,0.0
Lemon,fruit,2082,8,5,mangsir,158630,100.0,130.0,121.84,kg,kg,False,19327479.2,True,158630,0,0.9362037445628192,10,True,350,0,0,0,0,0,1800,2250,2510,0,148510,0,0,0,0,0,435,0,0,0,0,750,0,0,0,0,0,0,0,0,0,0,0,420,1605,146.58,165.0,161.63666666666668,13.688485428758463,120.0,150.0,133.33333333333334,15.275252316519474,180.0,180.0,213.33333333333334,57.735026918962575,30.0,0.24622455679579777,159330.0,159330.0,-0.004393397351409025,1.2246467991473532e-16,-1.0,148510,0.9362037445628192,0.0
Lemon,fruit,2082,9,6,poush,298088,100.0,120.0,110.0,kg,kg,False,32789680.0,True,298088,0,0.9458951718955476,10,True,4710,0,0,0,0,0,4940,210,1660,0,281960,0,18,0,0,1445,15,0,0,0,0,0,0,0,0,0,0,0,0,0,0,0,0,1530,1600,121.84,146.58,144.47333333333336,21.656983477237393,100.0,120.0,123.33333333333333,25.166114784235834,130.0,180.0,163.33333333333334,28.8675134594813,20.0,0.18181818181818182,158630.0,158630.0,0.8791401374267163,-0.587785252292473,-0.8090169943749475,281960,0.9458951718955476,6.038485279514774e-05
Lemon,fruit,2082,10,7,magh,225285,100.0,320.0,202.0,kg,kg,False,45507570.0,True,225285,0,0.9877932396741904,10,True,940,0,0,0,0,0,940,0,540,0,222535,0,0,0,0,0,0,0,0,0,0,0,0,0,0,0,0,0,0,0,0,0,0,210,120,110.0,121.84,126.14000000000003,18.66525113680503,100.0,100.0,106.66666666666667,11.547005383792516,120.0,130.0,143.33333333333334,32.1455025366432,220.0,1.0891089108910892,298088.0,298088.0,-0.2442332465580634,-0.9510565162951535,-0.30901699437494756,222535,0.9877932396741904,0.0
Lemon,fruit,2082,11,8,falgun,116740,200.0,320.0,268.89,kg,kg,False,31390218.6,True,116740,0,0.9922048997772828,10,True,210,0,0,0,0,0,700,0,0,0,115830,0,0,0,0,0,0,0,0,0,0,0,0,0,0,0,0,0,0,0,0,0,0,0,0,202.0,110.0,144.61333333333334,50.049660671510374,100.0,100.0,100.0,0.0,320.0,120.0,190.0,112.69427669584645,120.0,0.4462791476068281,225285.0,225285.0,-0.4818119271145438,-0.9510565162951536,0.30901699437494723,115830,0.9922048997772829,0.0
Lemon,fruit,2082,12,9,chaitra,193915,260.0,350.0,309.32,kg,kg,False,59981787.8,True,193915,0,1.0,10,True,0,0,0,0,0,0,0,0,0,0,193915,0,0,0,0,0,0,0,0,0,0,0,0,0,0,0,0,0,0,0,0,0,0,0,0,268.89,202.0,193.63,79.77500047007203,200.0,100.0,133.33333333333334,57.735026918962575,320.0,320.0,253.33333333333334,115.47005383792516,90.0,0.2909608172766068,116740.0,116740.0,0.6610844611958198,-0.5877852522924732,0.8090169943749473,193915,1.0,0.0
Lemon,fruit,2083,1,10,baishakh,116560,250.0,450.0,363.04,kg,kg,False,42315942.4,True,116560,0,1.0,10,True,0,0,0,0,0,0,0,0,0,0,116560,0,0,0,0,0,0,0,0,0,0,0,0,0,0,0,0,0,0,0,0,0,0,0,0,309.32,268.89,260.07,54.20092157888079,260.0,200.0,186.66666666666666,80.82903768654761,350.0,320.0,330.0,17.320508075688824,200.0,0.5509034817100044,193915.0,193915.0,-0.3989118943867158,-2.4492935982947064e-16,1.0,116560,1.0,0.0
Malta,fruit,2082,4,1,shrawan,43500,230.0,250.0,240.0,kg,kg,False,10440000.0,True,43500,0,1.0,10,True,0,0,0,0,0,11665,0,0,0,0,31835,0,0,0,0,0,0,0,0,0,0,0,0,0,0,0,0,0,0,0,0,0,0,0,0,,,,,,,,,,,,,20.0,0.08333333333333333,,,,0.5877852522924731,0.8090169943749475,43500,1.0,0.0
Malta,fruit,2082,5,2,bhadra,11430,200.0,250.0,235.0,kg,kg,False,2686050.0,True,11430,0,1.0,10,True,0,0,0,0,0,9290,0,0,0,0,2140,0,0,0,0,0,0,0,0,0,0,0,0,0,0,0,0,0,0,0,0,0,0,0,0,240.0,,240.0,,230.0,,230.0,,250.0,,250.0,,50.0,0.2127659574468085,43500.0,43500.0,-0.7372413793103448,0.9510565162951535,0.30901699437494745,11430,1.0,0.0
Malta,fruit,2082,6,3,ashwin,35365,230.0,250.0,240.0,kg,kg,False,8487600.0,True,35365,0,1.0,10,True,0,0,0,0,0,13710,0,0,0,0,21655,0,0,0,0,0,0,0,0,0,0,0,0,0,0,0,0,0,0,0,0,0,0,0,0,235.0,240.0,237.5,3.5355339059327378,200.0,230.0,215.0,21.213203435596427,250.0,250.0,250.0,0.0,20.0,0.08333333333333333,11430.0,11430.0,2.094050743657043,0.9510565162951536,-0.30901699437494734,35365,1.0,0.0
Malta,fruit,2082,7,4,kartik,23920,230.0,250.0,240.0,kg,kg,False,5740800.0,True,23920,0,1.0,10,True,0,0,0,0,0,7655,0,0,0,0,16265,0,0,0,0,0,0,0,0,0,0,0,0,0,0,0,0,0,0,0,0,0,0,0,0,240.0,235.0,238.33333333333334,2.886751345948127,230.0,200.0,220.0,17.320508075688775,250.0,250.0,250.0,0.0,20.0,0.08333333333333333,35365.0,35365.0,-0.3236250530185211,0.5877852522924732,-0.8090169943749473,23920,1.0,0.0
Malta,fruit,2082,8,5,mangsir,1560,230.0,250.0,240.0,kg,kg,False,374400.0,True,1560,0,1.0,10,True,0,0,0,0,0,540,0,0,0,0,1020,0,0,0,0,0,0,0,0,0,0,0,0,0,0,0,0,0,0,0,0,0,0,0,0,240.0,240.0,238.33333333333334,2.886751345948127,230.0,230.0,220.0,17.320508075688775,250.0,250.0,250.0,0.0,20.0,0.08333333333333333,23920.0,23920.0,-0.9347826086956522,1.2246467991473532e-16,-1.0,1560,1.0,0.0
Malta,fruit,2082,9,6,poush,1150,230.0,250.0,240.0,kg,kg,False,276000.0,True,1150,0,1.0,10,True,0,0,0,0,0,0,0,0,0,0,1150,0,0,0,0,0,0,0,0,0,0,0,0,0,0,0,0,0,0,0,0,0,0,0,0,240.0,240.0,240.0,0.0,230.0,230.0,230.0,0.0,250.0,250.0,250.0,0.0,20.0,0.08333333333333333,1560.0,1560.0,-0.26282051282051283,-0.587785252292473,-0.8090169943749475,1150,1.0,0.0
Malta,fruit,2082,10,7,magh,14930,230.0,250.0,240.0,kg,kg,False,3583200.0,True,14930,0,1.0,10,True,0,0,0,0,0,0,0,0,0,0,14930,0,0,0,0,0,0,0,0,0,0,0,0,0,0,0,0,0,0,0,0,0,0,0,0,240.0,240.0,240.0,0.0,230.0,230.0,230.0,0.0,250.0,250.0,250.0,0.0,20.0,0.08333333333333333,1150.0,1150.0,11.982608695652173,-0.9510565162951535,-0.30901699437494756,14930,1.0,0.0
Malta,fruit,2082,11,8,falgun,10500,300.0,300.0,300.0,kg,kg,False,3150000.0,True,10500,0,1.0,10,True,0,0,0,0,0,0,0,0,0,0,10500,0,0,0,0,0,0,0,0,0,0,0,0,0,0,0,0,0,0,0,0,0,0,0,0,240.0,240.0,240.0,0.0,230.0,230.0,230.0,0.0,250.0,250.0,250.0,0.0,0.0,0.0,14930.0,14930.0,-0.29671801741460146,-0.9510565162951536,0.30901699437494723,10500,1.0,0.0
Malta,fruit,2082,12,9,chaitra,37025,230.0,250.0,240.0,kg,kg,False,8886000.0,True,37025,0,1.0,10,True,0,0,0,0,0,2260,0,0,0,0,34765,0,0,0,0,0,0,0,0,0,0,0,0,0,0,0,0,0,0,0,0,0,0,0,0,300.0,240.0,260.0,34.64101615137755,300.0,230.0,253.33333333333334,40.4145188432738,300.0,250.0,266.6666666666667,28.86751345948128,20.0,0.08333333333333333,10500.0,10500.0,2.526190476190476,-0.5877852522924732,0.8090169943749473,37025,1.0,0.0
Malta,fruit,2083,1,10,baishakh,43155,230.0,250.0,240.0,kg,kg,False,10357200.0,True,43155,0,1.0,10,True,0,0,0,0,0,8445,0,0,0,0,34710,0,0,0,0,0,0,0,0,0,0,0,0,0,0,0,0,0,0,0,0,0,0,0,0,240.0,300.0,260.0,34.64101615137755,230.0,300.0,253.33333333333334,40.4145188432738,250.0,300.0,266.6666666666667,28.86751345948128,20.0,0.08333333333333333,37025.0,37025.0,0.16556380823767725,-2.4492935982947064e-16,1.0,43155,1.0,0.0
Mango,fruit,2082,4,1,shrawan,465323,80.0,180.0,135.2,kg,kg,False,62911669.6,True,465323,0,0.947144241741758,10,True,0,0,0,0,0,4230,8900,0,1120,0,436498,0,0,0,14055,0,0,0,0,0,0,0,0,0,0,0,0,0,0,0,0,0,0,0,520,,,,,,,,,,,,,100.0,0.7396449704142013,,,,0.5877852522924731,0.8090169943749475,440728,0.9471442417417579,0.0
Mango,fruit,2082,5,2,bhadra,53051,60.0,180.0,108.47,kg,kg,False,5754441.97,True,53051,0,1.0,10,True,0,0,0,0,0,17335,0,0,0,0,35716,0,0,0,0,0,0,0,0,0,0,0,0,0,0,0,0,0,0,0,0,0,0,0,0,135.2,,135.2,,80.0,,80.0,,180.0,,180.0,,120.0,1.1062966718908454,465323.0,465323.0,-0.8859910212905874,0.9510565162951535,0.30901699437494745,53051,1.0,0.0
Mango,fruit,2082,6,3,ashwin,13130,250.0,300.0,268.13,kg,kg,False,3520546.9,True,13130,0,1.0,10,True,0,0,0,0,0,11550,0,0,0,0,1580,0,0,0,0,0,0,0,0,0,0,0,0,0,0,0,0,0,0,0,0,0,0,0,0,108.47,135.2,121.835,18.90096426111641,60.0,80.0,70.0,14.142135623730951,180.0,180.0,180.0,0.0,50.0,0.18647670905903854,53051.0,53051.0,-0.7525023090987917,0.9510565162951536,-0.30901699437494734,13130,1.0,0.0
Mango,fruit,2082,7,4,kartik,9060,280.0,300.0,290.0,kg,kg,False,2627400.0,True,9060,0,1.0,10,True,0,0,0,0,0,4670,0,0,0,0,4390,0,0,0,0,0,0,0,0,0,0,0,0,0,0,0,0,0,0,0,0,0,0,0,0,268.13,108.47,170.6,85.5143198534608,250.0,60.0,130.0,104.4030650891055,300.0,180.0,220.0,69.2820323027551,20.0,0.06896551724137931,13130.0,13130.0,-0.30997715156131,0.5877852522924732,-0.8090169943749473,9060,1.0,0.0
Mango,fruit,2082,8,5,mangsir,2010,280.0,300.0,290.0,kg,kg,False,582900.0,True,2010,0,1.0,10,True,0,0,0,0,0,0,0,0,0,0,2010,0,0,0,0,0,0,0,0,0,0,0,0,0,0,0,0,0,0,0,0,0,0,0,0,290.0,268.13,222.19999999999996,99.09822854118029,280.0,250.0,196.66666666666666,119.30353445448854,300.0,300.0,260.0,69.2820323027551,20.0,0.06896551724137931,9060.0,9060.0,-0.7781456953642384,1.2246467991473532e-16,-1.0,2010,1.0,0.0
Mango,fruit,2082,9,6,poush,5140,280.0,500.0,323.64,kg,kg,False,1663509.6,True,5140,0,1.0,10,True,0,0,0,0,0,240,0,0,0,0,4900,0,0,0,0,0,0,0,0,0,0,0,0,0,0,0,0,0,0,0,0,0,0,0,0,290.0,290.0,282.71,12.626650387176895,280.0,280.0,270.0,17.320508075688824,300.0,300.0,300.0,0.0,220.0,0.6797676430601903,2010.0,2010.0,1.5572139303482586,-0.587785252292473,-0.8090169943749475,5140,1.0,0.0
Mango,fruit,2082,10,7,magh,3030,350.0,500.0,400.71,kg,kg,False,1214151.3,True,3030,0,1.0,10,True,0,0,0,0,0,0,0,0,0,0,3030,0,0,0,0,0,0,0,0,0,0,0,0,0,0,0,0,0,0,0,0,0,0,0,0,323.64,290.0,301.2133333333333,19.422063055538803,280.0,280.0,280.0,0.0,500.0,300.0,366.6666666666667,115.47005383792515,150.0,0.37433555439095606,5140.0,5140.0,-0.41050583657587547,-0.9510565162951535,-0.30901699437494756,3030,1.0,0.0
Mango,fruit,2082,11,8,falgun,3560,350.0,400.0,375.0,kg,kg,False,1335000.0,True,3560,0,1.0,10,True,0,0,0,0,0,0,0,0,0,0,3560,0,0,0,0,0,0,0,0,0,0,0,0,0,0,0,0,0,0,0,0,0,0,0,0,400.71,323.64,338.1166666666666,56.756994576292726,350.0,280.0,303.3333333333333,40.41451884327383,500.0,500.0,433.3333333333333,115.47005383792515,50.0,0.13333333333333333,3030.0,3030.0,0.17491749174917492,-0.9510565162951536,0.30901699437494723,3560,1.0,0.0
Mango,fruit,2082,12,9,chaitra,25620,350.0,400.0,375.0,kg,kg,False,9607500.0,True,25620,0,1.0,10,True,0,0,0,0,0,0,0,0,0,0,25620,0,0,0,0,0,0,0,0,0,0,0,0,0,0,0,0,0,0,0,0,0,0,0,0,375.0,400.71,366.45,39.239942660508405,350.0,350.0,326.6666666666667,40.41451884327383,400.0,500.0,466.6666666666667,57.73502691896259,50.0,0.13333333333333333,3560.0,3560.0,6.196629213483146,-0.5877852522924732,0.8090169943749473,25620,1.0,0.0
Mango,fruit,2083,1,10,baishakh,123330,150.0,250.0,198.26,kg,kg,False,24451405.8,True,123330,0,1.0,10,True,0,0,0,0,0,0,0,0,0,0,123330,0,0,0,0,0,0,0,0,0,0,0,0,0,0,0,0,0,0,0,0,0,0,0,0,375.0,375.0,383.57,14.843675420864836,350.0,350.0,350.0,0.0,400.0,400.0,433.3333333333333,57.73502691896259,100.0,0.5043881771411278,25620.0,25620.0,3.8138173302107727,-2.4492935982947064e-16,1.0,123330,1.0,0.0
Mango_Green,fruit,2083,1,10,baishakh,26190,,,95.0,kg,kg,False,2488050.0,True,26190,0,1.0,1,False,0,0,0,0,0,0,0,0,0,0,26190,0,0,0,0,0,0,0,0,0,0,0,0,0,0,0,0,0,0,0,0,0,0,0,0,,,,,,,,,,,,,,,,,,-2.4492935982947064e-16,1.0,26190,1.0,0.0
Mombin,fruit,2082,5,2,bhadra,330,,,110.0,kg,kg,False,36300.0,True,330,0,0.0,6,False,0,0,0,0,0,0,0,0,0,330,0,0,0,0,0,0,0,0,0,0,0,0,0,0,0,0,0,0,0,0,0,0,0,0,0,,,,,,,,,,,,,,,,,,0.9510565162951535,0.30901699437494745,0,0.0,0.0
Mombin,fruit,2082,6,3,ashwin,210,150.0,150.0,150.0,kg,kg,False,31500.0,True,210,0,0.0,6,False,0,0,0,0,0,0,0,0,0,210,0,0,0,0,0,0,0,0,0,0,0,0,0,0,0,0,0,0,0,0,0,0,0,0,0,110.0,,110.0,,,,,,,,,,0.0,0.0,330.0,330.0,-0.36363636363636365,0.9510565162951536,-0.30901699437494734,0,0.0,0.0
Mombin,fruit,2082,7,4,kartik,780,70.0,150.0,110.53,kg,kg,False,86213.4,True,780,0,0.0,6,False,0,0,0,0,0,0,0,450,0,0,0,0,0,0,0,0,0,0,0,0,0,0,120,0,0,210,0,0,0,0,0,0,0,0,0,150.0,110.0,130.0,28.284271247461902,150.0,,150.0,,150.0,,150.0,,80.0,0.7237853976296028,210.0,210.0,2.7142857142857144,0.5877852522924732,-0.8090169943749473,0,0.0,0.0
Mombin,fruit,2082,8,5,mangsir,1400,70.0,100.0,88.95,kg,kg,False,124530.0,True,1400,0,0.0,6,False,0,0,0,0,0,0,0,660,0,0,0,0,0,0,0,0,740,0,0,0,0,0,0,0,0,0,0,0,0,0,0,0,0,0,0,110.53,150.0,123.50999999999999,22.942543450977706,70.0,150.0,110.0,56.568542494923804,150.0,150.0,150.0,0.0,30.0,0.33726812816188867,780.0,780.0,0.7948717948717948,1.2246467991473532e-16,-1.0,0,0.0,0.0
Mombin,fruit,2082,9,6,poush,7975,100.0,100.0,100.0,kg,kg,False,797500.0,True,7975,0,0.0,6,False,520,0,0,0,0,0,0,0,0,0,0,0,3410,0,0,0,85,0,0,0,0,0,0,0,0,3960,0,0,0,0,0,0,0,0,0,88.95,110.53,116.49333333333334,30.958789274345555,70.0,70.0,96.66666666666667,46.188021535170066,100.0,150.0,133.33333333333334,28.867513459481295,0.0,0.0,1400.0,1400.0,4.696428571428571,-0.587785252292473,-0.8090169943749475,0,0.0,0.42758620689655175
Mombin,fruit,2082,10,7,magh,140,100.0,100.0,100.0,kg,kg,False,14000.0,True,140,0,0.0,6,False,0,0,0,0,0,0,0,0,0,0,0,0,140,0,0,0,0,0,0,0,0,0,0,0,0,0,0,0,0,0,0,0,0,0,0,100.0,88.95,99.82666666666667,10.79104412618787,100.0,70.0,80.0,17.320508075688785,100.0,100.0,116.66666666666667,28.867513459481298,0.0,0.0,7975.0,7975.0,-0.9824451410658307,-0.9510565162951535,-0.30901699437494756,0,0.0,1.0
Mushroom,vegetable,2082,4,1,shrawan,52670,150.0,200.0,185.0,kg,kg,False,9743950.0,True,52670,0,0.0,10,True,0,0,0,0,0,0,0,0,0,50,0,0,0,0,0,0,46240,0,0,0,0,2400,3980,0,0,0,0,0,0,0,0,0,0,0,0,,,,,,,,,,,,,50.0,0.2702702702702703,,,,0.5877852522924731,0.8090169943749475,0,0.0,0.0
Mushroom,vegetable,2082,5,2,bhadra,34660,150.0,220.0,185.9,kg,kg,False,6443294.0,True,34660,0,0.0,10,True,0,0,0,0,0,0,0,0,0,0,0,0,0,0,0,0,30625,0,0,0,0,1580,2455,0,0,0,0,0,0,0,0,0,0,0,0,185.0,,185.0,,150.0,,150.0,,200.0,,200.0,,70.0,0.3765465303926842,52670.0,52670.0,-0.34194038352003037,0.9510565162951535,0.30901699437494745,0,0.0,0.0
Mushroom,vegetable,2082,6,3,ashwin,26950,120.0,220.0,160.31,kg,kg,False,4320354.5,True,26950,0,0.0,10,True,0,0,0,0,0,0,0,0,0,0,0,0,0,0,0,0,23720,0,0,0,0,1480,1750,0,0,0,0,0,0,0,0,0,0,0,0,185.9,185.0,185.45,0.6363961030679068,150.0,150.0,150.0,0.0,220.0,200.0,210.0,14.142135623730951,100.0,0.6237914041544508,34660.0,34660.0,-0.2224466243508367,0.9510565162951536,-0.30901699437494734,0,0.0,0.0
Mushroom,vegetable,2082,7,4,kartik,37200,150.0,200.0,167.63,kg,kg,False,6235836.0,True,37200,0,0.0,10,True,0,0,0,0,0,0,0,0,0,0,0,0,0,0,0,0,30480,0,0,0,0,2410,4310,0,0,0,0,0,0,0,0,0,0,0,0,160.31,185.9,177.07000000000002,14.521559833571592,120.0,150.0,140.0,17.320508075688775,220.0,220.0,213.33333333333334,11.547005383792513,50.0,0.29827596492274655,26950.0,26950.0,0.3803339517625232,0.5877852522924732,-0.8090169943749473,0,0.0,0.0
Mushroom,vegetable,2082,8,5,mangsir,39265,150.0,250.0,199.74,kg,kg,False,7842791.1,True,39265,0,0.0,10,True,0,0,0,0,0,0,0,0,0,1020,0,0,0,0,0,0,27335,0,0,0,0,7850,3060,0,0,0,0,0,0,0,0,0,0,0,0,167.63,160.31,171.28,13.179677537785198,150.0,120.0,140.0,17.320508075688775,200.0,220.0,213.33333333333334,11.547005383792513,100.0,0.5006508460999299,37200.0,37200.0,0.055510752688172044,1.2246467991473532e-16,-1.0,0,0.0,0.0
Mushroom,vegetable,2082,9,6,poush,49855,150.0,220.0,186.36,kg,kg,False,9290977.8,True,49855,0,0.0,10,True,0,0,0,0,0,0,0,0,240,600,0,0,0,0,0,0,35835,0,0,0,0,7220,5960,0,0,0,0,0,0,0,0,0,0,0,0,199.74,167.63,175.89333333333335,20.973631858439134,150.0,150.0,140.0,17.320508075688775,250.0,200.0,223.33333333333334,25.166114784235827,70.0,0.37561708521141873,39265.0,39265.0,0.2697058449000382,-0.587785252292473,-0.8090169943749475,0,0.0,0.0
Mushroom,vegetable,2082,10,7,magh,38985,70.0,180.0,122.71,kg,kg,False,4783849.35,True,38985,0,0.0,10,True,0,0,0,0,0,0,0,0,0,0,0,0,0,0,0,0,32715,0,0,0,0,2950,3320,0,0,0,0,0,0,0,0,0,0,0,0,186.36,199.74,184.57666666666668,16.129111362171596,150.0,150.0,150.0,0.0,220.0,250.0,223.33333333333334,25.166114784235827,110.0,0.896422459457257,49855.0,49855.0,-0.2180322936515896,-0.9510565162951535,-0.30901699437494756,0,0.0,0.0
Mushroom,vegetable,2082,11,8,falgun,32500,70.0,180.0,134.44,kg,kg,False,4369300.0,True,32500,0,0.0,10,True,0,0,0,0,0,0,0,0,0,0,0,0,0,0,0,0,29400,0,0,0,0,1610,1490,0,0,0,0,0,0,0,0,0,0,0,0,122.71,186.36,169.60333333333332,41.15816605891635,70.0,150.0,123.33333333333333,46.18802153517006,180.0,220.0,216.66666666666666,35.118845842842454,110.0,0.818208866408807,38985.0,38985.0,-0.16634603052456073,-0.9510565162951536,0.30901699437494723,0,0.0,0.0
Mushroom,vegetable,2082,12,9,chaitra,35730,140.0,250.0,205.23,kg,kg,False,7332867.9,True,35730,0,0.0067170445004198,10,True,0,0,0,0,0,0,0,0,0,0,240,0,0,0,0,0,24430,0,0,0,0,4110,6950,0,0,0,0,0,0,0,0,0,0,0,0,134.44,122.71,147.83666666666667,33.873789769279355,70.0,70.0,96.66666666666667,46.18802153517006,180.0,180.0,193.33333333333334,23.094010767585008,110.0,0.5359840179311017,32500.0,32500.0,0.09938461538461539,-0.5877852522924732,0.8090169943749473,240,0.006717044500419815,0.0
Mushroom,vegetable,2083,1,10,baishakh,31135,180.0,250.0,219.35,kg,kg,False,6829462.25,True,31135,0,0.0,10,True,0,0,0,0,0,0,0,0,0,0,0,0,0,0,0,0,24035,0,0,0,0,3580,3520,0,0,0,0,0,0,0,0,0,0,0,0,205.23,134.44,154.12666666666667,44.64371437653159,140.0,70.0,93.33333333333333,40.414518843273804,250.0,180.0,203.33333333333334,40.41451884327379,70.0,0.31912468657396853,35730.0,35730.0,-0.12860341449762105,-2.4492935982947064e-16,1.0,0,0.0,0.0
Okara,vegetable,2082,4,1,shrawan,245919,30.0,90.0,53.4,kg,kg,False,13132074.6,True,245919,0,0.0,10,True,0,0,0,0,6525,0,3580,83055,420,6535,0,0,0,0,0,0,70275,0,0,0,0,73329,0,0,0,0,0,0,0,0,0,0,0,0,2200,,,,,,,,,,,,,60.0,1.1235955056179776,,,,0.5877852522924731,0.8090169943749475,0,0.0,0.0
Okara,vegetable,2082,5,2,bhadra,179543,30.0,90.0,62.36,kg,kg,False,11196301.48,True,179543,0,0.0141470288454576,10,True,0,0,0,0,4900,0,0,49045,680,13035,2540,0,0,0,0,0,49315,0,0,0,0,57018,0,0,0,0,0,0,0,0,0,0,0,0,3010,53.4,,53.4,,30.0,,30.0,,90.0,,90.0,,60.0,0.9621552277100706,245919.0,245919.0,-0.26991001101988865,0.9510565162951535,0.30901699437494745,2540,0.014147028845457633,0.0
Okara,vegetable,2082,6,3,ashwin,131840,80.0,200.0,145.94,kg,kg,False,19240729.6,True,131840,0,0.0754702669902912,10,True,0,0,0,0,10460,0,0,40850,1870,4160,9950,0,0,0,0,0,31285,0,0,0,0,31855,0,0,0,0,0,0,0,0,0,0,0,0,1410,62.36,53.4,57.879999999999995,6.335676759431469,30.0,30.0,30.0,0.0,90.0,90.0,90.0,0.0,120.0,0.8222557215293956,179543.0,179543.0,-0.2656912271712069,0.9510565162951536,-0.30901699437494734,9950,0.07547026699029126,0.0
Okara,vegetable,2082,7,4,kartik,141405,100.0,200.0,135.53,kg,kg,False,19164619.65,True,141405,0,0.2807538630175736,10,True,0,0,0,0,15590,0,0,41224,622,690,39700,0,0,0,0,0,13259,0,0,0,0,30240,0,0,0,0,0,0,0,0,0,0,0,0,80,145.94,62.36,87.23333333333333,51.03846523293322,80.0,30.0,46.666666666666664,28.867513459481287,200.0,90.0,126.66666666666667,63.50852961085884,100.0,0.7378440197742198,131840.0,131840.0,0.07255006067961164,0.5877852522924732,-0.8090169943749473,39700,0.28075386301757366,0.0
Okara,vegetable,2082,8,5,mangsir,95225,130.0,180.0,148.85,kg,kg,False,14174241.25,True,95225,0,0.5934891047519034,10,True,0,0,0,0,8315,0,0,12600,0,0,56515,0,0,0,0,0,5670,0,0,0,0,12125,0,0,0,0,0,0,0,0,0,0,0,0,0,135.53,145.94,114.61,45.54820413583833,100.0,80.0,70.0,36.055512754639885,200.0,200.0,163.33333333333334,63.50852961085884,50.0,0.3359086328518643,141405.0,141405.0,-0.32657968247233127,1.2246467991473532e-16,-1.0,56515,0.5934891047519034,0.0
Okara,vegetable,2082,9,6,poush,65735,130.0,160.0,149.55,kg,kg,False,9830669.25,True,65735,0,0.9504069369437894,10,True,0,0,0,0,0,0,0,1140,0,0,62475,0,0,0,0,0,160,0,0,0,0,1960,0,0,0,0,0,0,0,0,0,0,0,0,0,148.85,135.53,143.43999999999997,7.00307789475452,130.0,100.0,103.33333333333333,25.166114784235827,180.0,200.0,193.33333333333334,11.54700538379252,30.0,0.20060180541624872,95225.0,95225.0,-0.30968758204253083,-0.587785252292473,-0.8090169943749475,62475,0.9504069369437894,0.0
Okara,vegetable,2082,10,7,magh,53830,100.0,180.0,147.0,kg,kg,False,7913010.0,True,53830,0,1.0,10,True,0,0,0,0,0,0,0,0,0,0,53830,0,0,0,0,0,0,0,0,0,0,0,0,0,0,0,0,0,0,0,0,0,0,0,0,149.55,148.85,144.64333333333335,7.900135019943188,130.0,130.0,120.0,17.320508075688767,160.0,180.0,180.0,20.000000000000004,80.0,0.54421768707483,65735.0,65735.0,-0.18110595573134555,-0.9510565162951535,-0.30901699437494756,53830,1.0,0.0
Okara,vegetable,2082,11,8,falgun,45755,100.0,150.0,142.78,kg,kg,False,6532898.9,True,45755,0,1.0,10,True,0,0,0,0,0,0,0,0,0,0,45755,0,0,0,0,0,0,0,0,0,0,0,0,0,0,0,0,0,0,0,0,0,0,0,0,147.0,149.55,148.46666666666667,1.3175102782645123,100.0,130.0,120.0,17.320508075688767,180.0,160.0,173.33333333333334,11.547005383792518,50.0,0.35018910211514215,53830.0,53830.0,-0.15000928850083597,-0.9510565162951536,0.30901699437494723,45755,1.0,0.0
Okara,vegetable,2082,12,9,chaitra,150580,120.0,180.0,143.86,kg,kg,False,21662438.8,True,150580,0,0.5037787222738743,10,True,0,0,0,0,20645,0,0,4190,0,0,75859,0,0,0,0,0,0,0,0,0,0,49886,0,0,0,0,0,0,0,0,0,0,0,0,0,142.78,147.0,146.44333333333333,3.4191568161364914,100.0,100.0,110.0,17.320508075688767,150.0,180.0,163.33333333333334,15.275252316519474,60.0,0.41707215348255244,45755.0,45755.0,2.2910064473827996,-0.5877852522924732,0.8090169943749473,75859,0.5037787222738743,0.0
Okara,vegetable,2083,1,10,baishakh,159795,40.0,140.0,85.22,kg,kg,False,13617729.9,True,159795,0,0.0827622891830157,10,True,0,0,0,0,40375,0,0,39535,3340,0,13225,0,0,0,0,0,5400,0,0,0,0,57920,0,0,0,0,0,0,0,0,0,0,0,0,0,143.86,142.78,144.54666666666665,2.192198287868259,120.0,100.0,106.66666666666667,11.547005383792504,180.0,150.0,170.0,17.320508075688778,100.0,1.1734334663224595,150580.0,150580.0,0.061196706069863195,-2.4492935982947064e-16,1.0,13225,0.08276228918301574,0.0
Onion_Dry,vegetable,2082,4,1,shrawan,686475,40.0,60.0,46.5,kg,kg,False,31921087.5,True,686475,0,1.0,10,True,0,0,0,0,0,0,0,0,0,0,686475,0,0,0,0,0,0,0,0,0,0,0,0,0,0,0,0,0,0,0,0,0,0,0,0,,,,,,,,,,,,,20.0,0.43010752688172044,,,,0.5877852522924731,0.8090169943749475,686475,1.0,0.0
Onion_Dry,vegetable,2082,5,2,bhadra,424575,40.0,60.0,47.33,kg,kg,False,20095134.75,True,424575,0,0.0,10,True,0,0,0,0,0,0,0,0,0,0,0,424575,0,0,0,0,0,0,0,0,0,0,0,0,0,0,0,0,0,0,0,0,0,0,0,46.5,,46.5,,40.0,,40.0,,60.0,,60.0,,20.0,0.42256496936403976,686475.0,686475.0,-0.3815142576204523,0.9510565162951535,0.30901699437494745,0,0.0,0.0
Onion_Dry,vegetable,2082,6,3,ashwin,212130,35.0,50.0,42.5,kg,kg,False,9015525.0,True,212130,0,1.0,10,True,0,0,0,0,0,0,0,0,0,0,212130,0,0,0,0,0,0,0,0,0,0,0,0,0,0,0,0,0,0,0,0,0,0,0,0,47.33,46.5,46.915,0.5868986283848332,40.0,40.0,40.0,0.0,60.0,60.0,60.0,0.0,15.0,0.35294117647058826,424575.0,424575.0,-0.5003709591944886,0.9510565162951536,-0.30901699437494734,212130,1.0,0.0
Onion_Dry,vegetable,2082,7,4,kartik,389695,35.0,50.0,43.68,kg,kg,False,17021877.6,True,389695,0,1.0,10,True,0,0,0,0,0,0,0,0,0,0,389695,0,0,0,0,0,0,0,0,0,0,0,0,0,0,0,0,0,0,0,0,0,0,0,0,42.5,47.33,45.44333333333333,2.5825633261032217,35.0,40.0,38.333333333333336,2.88675134594813,50.0,60.0,56.666666666666664,5.773502691896256,15.0,0.3434065934065934,212130.0,212130.0,0.8370574647621741,0.5877852522924732,-0.8090169943749473,389695,1.0,0.0
Onion_Dry,vegetable,2082,8,5,mangsir,243160,30.0,60.0,41.97,kg,kg,False,10205425.2,True,243160,0,1.0,10,True,0,0,0,0,0,0,0,0,0,0,243160,0,0,0,0,0,0,0,0,0,0,0,0,0,0,0,0,0,0,0,0,0,0,0,0,43.68,42.5,44.50333333333333,2.5180614236617314,35.0,35.0,36.666666666666664,2.88675134594813,50.0,50.0,53.333333333333336,5.773502691896256,30.0,0.7147962830593281,389695.0,389695.0,-0.3760248399389266,1.2246467991473532e-16,-1.0,243160,1.0,0.0
Onion_Dry,vegetable,2082,9,6,poush,319991,40.0,70.0,51.7,kg,kg,False,16543534.7,False,747355,-427364,1.0,10,True,0,0,0,0,0,0,0,0,0,0,747355,0,0,0,0,0,0,0,0,0,0,0,0,0,0,0,0,0,0,0,0,0,0,0,0,41.97,43.68,42.71666666666667,0.8753475500241995,30.0,35.0,33.333333333333336,2.88675134594813,60.0,50.0,53.333333333333336,5.773502691896256,30.0,0.5802707930367504,243160.0,243160.0,0.31596890936009214,-0.587785252292473,-0.8090169943749475,747355,1.0,0.0
Onion_Dry,vegetable,2082,10,7,magh,198835,38.0,70.0,50.83,kg,kg,False,10106783.05,True,198835,0,1.0,10,True,0,0,0,0,0,0,0,0,0,0,198835,0,0,0,0,0,0,0,0,0,0,0,0,0,0,0,0,0,0,0,0,0,0,0,0,51.7,41.97,45.78333333333333,5.194827555687807,40.0,30.0,35.0,5.000000000000001,70.0,60.0,60.0,10.0,32.0,0.629549478654338,319991.0,747355.0,-0.37862314877605935,-0.9510565162951535,-0.30901699437494756,198835,1.0,0.0
Onion_Dry,vegetable,2082,11,8,falgun,189400,38.0,60.0,49.68,kg,kg,False,9409392.0,False,189190,210,1.0,10,True,0,0,0,0,0,0,0,0,0,0,189190,0,0,0,0,0,0,0,0,0,0,0,0,0,0,0,0,0,0,0,0,0,0,0,0,50.83,51.7,48.166666666666664,5.38407218871862,38.0,40.0,36.0,5.291502622129181,70.0,70.0,66.66666666666667,5.7735026918962555,22.0,0.4428341384863124,198835.0,198835.0,-0.04745140443080947,-0.9510565162951536,0.30901699437494723,189190,1.0,0.0
Onion_Dry,vegetable,2082,12,9,chaitra,488705,30.0,60.0,39.05,kg,kg,False,19083930.25,True,488705,0,1.0,10,True,0,0,0,0,0,0,0,0,0,0,488705,0,0,0,0,0,0,0,0,0,0,0,0,0,0,0,0,0,0,0,0,0,0,0,0,49.68,50.83,50.73666666666666,1.0132291613121227,38.0,38.0,38.666666666666664,1.1547005383792541,60.0,70.0,66.66666666666667,5.7735026918962555,30.0,0.7682458386683739,189400.0,189190.0,1.5802798310454065,-0.5877852522924732,0.8090169943749473,488705,1.0,0.0
Onion_Dry,vegetable,2083,1,10,baishakh,286880,40.0,50.0,45.0,kg,kg,False,12909600.0,True,286880,0,1.0,10,True,0,0,0,0,0,0,0,0,0,0,286880,0,0,0,0,0,0,0,0,0,0,0,0,0,0,0,0,0,0,0,0,0,0,0,0,39.05,49.68,46.52,6.49471323462399,30.0,38.0,35.333333333333336,4.618802153517008,60.0,60.0,63.333333333333336,5.773502691896257,10.0,0.2222222222222222,488705.0,488705.0,-0.41297920013095835,-2.4492935982947064e-16,1.0,286880,1.0,0.0
Onion_Green,vegetable,2082,4,1,shrawan,11966,150.0,250.0,185.0,mutha,mutha,False,2213710.0,True,11966,0,0.0,10,True,0,0,0,0,140,0,0,0,0,2760,0,0,3680,0,0,0,5386,0,0,0,0,0,0,0,0,0,0,0,0,0,0,0,0,0,0,,,,,,,,,,,,,100.0,0.5405405405405406,,,,0.5877852522924731,0.8090169943749475,0,0.0,0.3075380244024737
Onion_Green,vegetable,2082,5,2,bhadra,8890,80.0,250.0,155.0,mutha,mutha,False,1377950.0,True,8890,0,0.0,10,True,0,0,0,0,0,0,0,0,0,3460,0,0,2070,0,0,0,3360,0,0,0,0,0,0,0,0,0,0,0,0,0,0,0,0,0,0,185.0,,185.0,,150.0,,150.0,,250.0,,250.0,,170.0,1.096774193548387,11966.0,11966.0,-0.25706167474511116,0.9510565162951535,0.30901699437494745,0,0.0,0.23284589426321708
Onion_Green,vegetable,2082,6,3,ashwin,6600,200.0,400.0,304.69,mutha,mutha,False,2010954.0,True,6600,0,0.0,10,True,0,0,0,0,0,0,0,110,0,1640,0,0,2390,0,0,0,2460,0,0,0,0,0,0,0,0,0,0,0,0,0,0,0,0,0,0,155.0,185.0,170.0,21.213203435596427,80.0,150.0,115.0,49.49747468305833,250.0,250.0,250.0,0.0,200.0,0.6564048705241393,8890.0,8890.0,-0.2575928008998875,0.9510565162951536,-0.30901699437494734,0,0.0,0.3621212121212121
Onion_Green,vegetable,2082,7,4,kartik,9125,200.0,400.0,286.84,mutha,mutha,False,2617415.0,True,9125,0,0.0,10,True,0,0,0,0,1005,0,0,160,0,2060,0,0,2300,0,0,0,3600,0,0,0,0,0,0,0,0,0,0,0,0,0,0,0,0,0,0,304.69,155.0,214.89666666666668,79.19679307480406,200.0,80.0,143.33333333333334,60.27713773341708,400.0,250.0,300.0,86.60254037844386,200.0,0.6972528238739367,6600.0,6600.0,0.38257575757575757,0.5877852522924732,-0.8090169943749473,0,0.0,0.25205479452054796
Onion_Green,vegetable,2082,8,5,mangsir,10450,150.0,350.0,202.63,mutha,mutha,False,2117483.5,True,10450,0,0.0,10,True,0,0,0,0,2490,0,0,0,0,940,0,0,2890,0,0,0,4130,0,0,0,0,0,0,0,0,0,0,0,0,0,0,0,0,0,0,286.84,304.69,248.84333333333333,81.75930548465618,200.0,200.0,160.0,69.2820323027551,400.0,400.0,350.0,86.60254037844386,200.0,0.9870206780832058,9125.0,9125.0,0.14520547945205478,1.2246467991473532e-16,-1.0,0,0.0,0.276555023923445
Onion_Green,vegetable,2082,9,6,poush,16938,100.0,200.0,150.0,mutha,mutha,False,2540700.0,True,16938,0,0.0,10,True,0,0,0,0,5610,0,0,210,0,0,0,0,3120,0,0,0,6070,0,0,0,0,0,0,0,0,0,0,0,0,0,1928,0,0,0,0,202.63,286.84,264.71999999999997,54.50717108784859,150.0,200.0,183.33333333333334,28.867513459481295,350.0,400.0,383.3333333333333,28.86751345948128,100.0,0.6666666666666666,10450.0,10450.0,0.6208612440191388,-0.587785252292473,-0.8090169943749475,0,0.0,0.18420120439249027
Onion_Green,vegetable,2082,10,7,magh,14030,50.0,150.0,107.29,mutha,mutha,False,1505278.7,True,14030,0,0.0,10,True,0,0,0,0,3670,0,0,0,0,0,0,0,2110,0,0,0,3940,0,0,0,0,3790,0,0,0,0,0,0,0,0,520,0,0,0,0,150.0,202.63,213.15666666666667,69.02466539819896,100.0,150.0,150.0,50.00000000000001,200.0,350.0,316.6666666666667,104.08329997330665,100.0,0.9320533134495292,16938.0,16938.0,-0.1716849687094108,-0.9510565162951535,-0.30901699437494756,0,0.0,0.150392017106201
Onion_Green,vegetable,2082,11,8,falgun,7050,50.0,150.0,94.44,mutha,mutha,False,665802.0,False,7260,-210,0.0,10,True,0,0,0,0,700,0,0,0,0,0,0,0,1980,0,0,0,4330,0,0,0,0,250,0,0,0,0,0,0,0,0,0,0,0,0,0,107.29,150.0,153.30666666666667,47.75593610571699,50.0,100.0,100.0,50.00000000000001,150.0,200.0,233.33333333333334,104.08329997330665,100.0,1.058873358746294,14030.0,14030.0,-0.49750534568781185,-0.9510565162951536,0.30901699437494723,0,0.0,0.2727272727272727
Onion_Green,vegetable,2082,12,9,chaitra,9310,30.0,60.0,47.27,mutha,mutha,False,440083.7,True,9310,0,0.0,10,True,0,0,0,0,0,0,0,0,0,0,0,0,3480,0,0,0,5830,0,0,0,0,0,0,0,0,0,0,0,0,0,0,0,0,0,0,94.44,107.29,117.24333333333334,29.08659542355073,50.0,50.0,66.66666666666667,28.867513459481298,150.0,150.0,166.66666666666666,28.86751345948138,30.0,0.6346519991537973,7050.0,7260.0,0.32056737588652484,-0.5877852522924732,0.8090169943749473,0,0.0,0.37379162191192267
Onion_Green,vegetable,2083,1,10,baishakh,6637,30.0,60.0,39.78,mutha,mutha,False,264019.86,True,6637,0,0.0,10,True,0,0,0,0,0,0,0,0,0,0,0,0,2822,0,0,0,3815,0,0,0,0,0,0,0,0,0,0,0,0,0,0,0,0,0,0,47.27,94.44,83.0,31.603090038791898,30.0,50.0,43.333333333333336,11.547005383792548,60.0,150.0,120.0,51.96152422706637,30.0,0.7541478129713424,9310.0,9310.0,-0.2871106337271751,-2.4492935982947064e-16,1.0,0,0.0,0.4251921048666566
Orange,fruit,2082,4,1,shrawan,12480,280.0,300.0,275.0,kg,kg,False,3432000.0,True,12480,0,1.0,10,True,0,0,0,0,0,10940,0,0,0,0,1540,0,0,0,0,0,0,0,0,0,0,0,0,0,0,0,0,0,0,0,0,0,0,0,0,,,,,,,,,,,,,20.0,0.07272727272727272,,,,0.5877852522924731,0.8090169943749475,12480,1.0,0.0
Orange,fruit,2082,5,2,bhadra,5670,140.0,350.0,242.54,kg,kg,False,1375201.8,True,5670,0,1.0,10,True,0,0,0,0,0,3860,0,0,0,0,1810,0,0,0,0,0,0,0,0,0,0,0,0,0,0,0,0,0,0,0,0,0,0,0,0,275.0,,275.0,,280.0,,280.0,,300.0,,300.0,,210.0,0.8658365630411479,12480.0,12480.0,-0.5456730769230769,0.9510565162951535,0.30901699437494745,5670,1.0,0.0
Orange,fruit,2082,6,3,ashwin,118570,,,125.0,kg,kg,False,14821250.0,True,118570,0,1.0,10,True,0,0,0,0,0,4490,0,0,0,0,114080,0,0,0,0,0,0,0,0,0,0,0,0,0,0,0,0,0,0,0,0,0,0,0,0,242.54,275.0,258.77,22.95268611731533,140.0,280.0,210.0,98.99494936611666,350.0,300.0,325.0,35.35533905932738,,,5670.0,5670.0,19.911816578483243,0.9510565162951536,-0.30901699437494734,118570,1.0,0.0
Orange,fruit,2082,7,4,kartik,323385,80.0,120.0,101.35,kg,kg,False,32775069.75,True,323385,0,0.063252779195077,10,True,0,0,0,0,0,0,0,0,0,0,20455,0,0,0,0,4900,0,0,0,0,0,0,0,0,0,0,0,0,0,0,0,0,0,107805,190225,125.0,242.54,214.17999999999998,78.91905473331519,,140.0,210.0,98.99494936611666,,350.0,325.0,35.35533905932738,40.0,0.3946719289590528,118570.0,118570.0,1.7273762334485958,0.5877852522924732,-0.8090169943749473,20455,0.06325277919507707,0.0
Orange,fruit,2082,8,5,mangsir,506350,70.0,120.0,93.71,kg,kg,False,47450058.5,True,506350,0,0.0,10,True,0,0,12200,0,0,0,0,0,0,0,0,0,0,0,0,39820,1580,0,0,0,75930,0,0,0,0,0,0,0,0,0,0,0,0,246690,130130,101.35,125.0,156.29666666666665,75.61921074259722,80.0,,110.0,42.42640687119285,120.0,,235.0,162.63455967290594,50.0,0.5335609860207022,323385.0,323385.0,0.5657807257603167,1.2246467991473532e-16,-1.0,0,0.0,0.0
Orange,fruit,2082,9,6,poush,436190,60.0,150.0,92.5,kg,kg,False,40347575.0,False,436110,80,0.0255325491275137,10,True,0,0,0,0,0,0,0,0,0,0,11135,0,0,0,0,2875,0,0,0,0,194160,0,0,0,0,19600,0,0,0,0,0,0,0,204800,3540,93.71,101.35,106.68666666666667,16.313369772469702,70.0,80.0,75.0,7.0710678118654755,120.0,120.0,120.0,0.0,90.0,0.972972972972973,506350.0,506350.0,-0.13856028438826898,-0.587785252292473,-0.8090169943749475,11135,0.0255325491275137,0.0
Orange,fruit,2082,10,7,magh,261850,70.0,220.0,170.43,kg,kg,False,44627095.5,True,261850,0,0.2335306473171663,10,True,24680,0,0,0,0,28750,0,0,0,0,32400,0,0,0,0,0,0,0,0,0,39340,0,0,0,0,63260,0,0,0,38520,0,0,0,34900,0,92.5,93.71,95.85333333333334,4.798544918340109,60.0,70.0,70.0,10.0,150.0,120.0,130.0,17.320508075688775,150.0,0.880126738250308,436190.0,436110.0,-0.399688209266604,-0.9510565162951535,-0.30901699437494756,61150,0.23353064731716633,0.0
Orange,fruit,2082,11,8,falgun,201585,150.0,220.0,185.0,kg,kg,False,37293225.0,True,201585,0,0.9458789096410944,10,True,0,0,0,0,0,0,0,0,0,0,190675,0,0,0,0,0,0,0,0,0,0,0,0,0,0,5800,0,0,0,5110,0,0,0,0,0,170.43,92.5,118.88,44.6477087877978,70.0,60.0,66.66666666666667,5.773502691896256,220.0,150.0,163.33333333333334,51.31601439446884,70.0,0.3783783783783784,261850.0,261850.0,-0.2301508497231239,-0.9510565162951536,0.30901699437494723,190675,0.9458789096410943,0.0
Orange,fruit,2082,12,9,chaitra,338495,140.0,220.0,164.55,kg,kg,False,55699352.25,True,338495,0,1.0,10,True,0,0,0,0,0,350,0,0,0,0,338145,0,0,0,0,0,0,0,0,0,0,0,0,0,0,0,0,0,0,0,0,0,0,0,0,185.0,170.43,149.31000000000003,49.73533251120372,150.0,70.0,93.33333333333333,49.32882862316247,220.0,220.0,196.66666666666666,40.4145188432738,80.0,0.48617441507140685,201585.0,201585.0,0.6791675967953965,-0.5877852522924732,0.8090169943749473,338495,1.0,0.0
Orange,fruit,2083,1,10,baishakh,107750,140.0,300.0,209.57,kg,kg,False,22581167.5,True,107750,0,1.0,10,True,0,0,0,0,0,36040,0,0,0,0,71710,0,0,0,0,0,0,0,0,0,0,0,0,0,0,0,0,0,0,0,0,0,0,0,0,164.55,185.0,173.32666666666668,10.528230303965273,140.0,150.0,120.0,43.58898943540674,220.0,220.0,220.0,0.0,160.0,0.7634680536336308,338495.0,338495.0,-0.6816791976247802,-2.4492935982947064e-16,1.0,107750,1.0,0.0
Orange_Sweet,fruit,2082,4,1,shrawan,8110,100.0,120.0,110.0,kg,kg,False,892100.0,True,8110,0,1.0,10,True,0,0,0,0,0,2610,0,0,0,0,5500,0,0,0,0,0,0,0,0,0,0,0,0,0,0,0,0,0,0,0,0,0,0,0,0,,,,,,,,,,,,,20.0,0.18181818181818182,,,,0.5877852522924731,0.8090169943749475,8110,1.0,0.0
Orange_Sweet,fruit,2082,5,2,bhadra,6170,100.0,120.0,110.0,kg,kg,False,678700.0,True,6170,0,1.0,10,True,0,0,0,0,0,3600,0,0,0,0,2570,0,0,0,0,0,0,0,0,0,0,0,0,0,0,0,0,0,0,0,0,0,0,0,0,110.0,,110.0,,100.0,,100.0,,120.0,,120.0,,20.0,0.18181818181818182,8110.0,8110.0,-0.23921085080147966,0.9510565162951535,0.30901699437494745,6170,1.0,0.0
Orange_Sweet,fruit,2082,6,3,ashwin,2440,100.0,120.0,110.0,kg,kg,False,268400.0,True,2440,0,1.0,10,True,0,0,0,0,0,0,0,0,0,0,2440,0,0,0,0,0,0,0,0,0,0,0,0,0,0,0,0,0,0,0,0,0,0,0,0,110.0,110.0,110.0,0.0,100.0,100.0,100.0,0.0,120.0,120.0,120.0,0.0,20.0,0.18181818181818182,6170.0,6170.0,-0.6045380875202593,0.9510565162951536,-0.30901699437494734,2440,1.0,0.0
Orange_Sweet,fruit,2082,7,4,kartik,24680,100.0,120.0,110.0,kg,kg,False,2714800.0,True,24680,0,0.6405996758508914,10,True,0,0,0,0,0,0,0,0,0,0,15810,0,0,0,0,1190,0,0,0,0,0,0,0,0,0,0,0,0,0,0,0,0,0,0,7680,110.0,110.0,110.0,0.0,100.0,100.0,100.0,0.0,120.0,120.0,120.0,0.0,20.0,0.18181818181818182,2440.0,2440.0,9.114754098360656,0.5877852522924732,-0.8090169943749473,15810,0.6405996758508914,0.0
Orange_Sweet,fruit,2082,8,5,mangsir,3850,100.0,120.0,110.0,kg,kg,False,423500.0,True,3850,0,0.0,10,True,0,0,0,0,0,0,0,0,0,0,0,0,0,0,0,3850,0,0,0,0,0,0,0,0,0,0,0,0,0,0,0,0,0,0,0,110.0,110.0,110.0,0.0,100.0,100.0,100.0,0.0,120.0,120.0,120.0,0.0,20.0,0.18181818181818182,24680.0,24680.0,-0.8440032414910859,1.2246467991473532e-16,-1.0,0,0.0,0.0
Orange_Sweet,fruit,2082,9,6,poush,2870,100.0,120.0,110.0,kg,kg,False,315700.0,True,2870,0,0.3902439024390244,10,True,520,0,0,0,0,0,0,0,0,0,1120,0,0,0,0,0,0,0,0,0,1230,0,0,0,0,0,0,0,0,0,0,0,0,0,0,110.0,110.0,110.0,0.0,100.0,100.0,100.0,0.0,120.0,120.0,120.0,0.0,20.0,0.18181818181818182,3850.0,3850.0,-0.2545454545454545,-0.587785252292473,-0.8090169943749475,1120,0.3902439024390244,0.0
Orange_Sweet,fruit,2082,10,7,magh,1770,100.0,120.0,110.0,kg,kg,False,194700.0,True,1770,0,1.0,10,True,0,0,0,0,0,0,0,0,0,0,1770,0,0,0,0,0,0,0,0,0,0,0,0,0,0,0,0,0,0,0,0,0,0,0,0,110.0,110.0,110.0,0.0,100.0,100.0,100.0,0.0,120.0,120.0,120.0,0.0,20.0,0.18181818181818182,2870.0,2870.0,-0.3832752613240418,-0.9510565162951535,-0.30901699437494756,1770,1.0,0.0
Orange_Sweet,fruit,2082,11,8,falgun,0,100.0,120.0,110.0,kg,kg,False,0.0,True,0,0,,10,True,0,0,0,0,0,0,0,0,0,0,0,0,0,0,0,0,0,0,0,0,0,0,0,0,0,0,0,0,0,0,0,0,0,0,0,110.0,110.0,110.0,0.0,100.0,100.0,100.0,0.0,120.0,120.0,120.0,0.0,20.0,0.18181818181818182,1770.0,1770.0,-1.0,-0.9510565162951536,0.30901699437494723,0,0.0,0.0
Orange_Sweet,fruit,2082,12,9,chaitra,540,100.0,120.0,110.0,kg,kg,False,59400.0,True,540,0,1.0,10,True,0,0,0,0,0,0,0,0,0,0,540,0,0,0,0,0,0,0,0,0,0,0,0,0,0,0,0,0,0,0,0,0,0,0,0,110.0,110.0,110.0,0.0,100.0,100.0,100.0,0.0,120.0,120.0,120.0,0.0,20.0,0.18181818181818182,0.0,0.0,,-0.5877852522924732,0.8090169943749473,540,1.0,0.0
Orange_Sweet,fruit,2083,1,10,baishakh,0,100.0,120.0,110.0,kg,kg,False,0.0,True,0,0,,10,True,0,0,0,0,0,0,0,0,0,0,0,0,0,0,0,0,0,0,0,0,0,0,0,0,0,0,0,0,0,0,0,0,0,0,0,110.0,110.0,110.0,0.0,100.0,100.0,100.0,0.0,120.0,120.0,120.0,0.0,20.0,0.18181818181818182,540.0,540.0,-1.0,-2.4492935982947064e-16,1.0,0,0.0,0.0
Papaya,fruit,2082,4,1,shrawan,175710,80.0,120.0,104.4,kg,kg,False,18344124.0,False,188960,-13250,0.9955546147332768,10,True,0,0,0,0,0,0,0,0,0,0,188120,0,0,0,0,0,840,0,0,0,0,0,0,0,0,0,0,0,0,0,0,0,0,0,0,,,,,,,,,,,,,40.0,0.38314176245210724,,,,0.5877852522924731,0.8090169943749475,188120,0.9955546147332769,0.0
Papaya,fruit,2082,5,2,bhadra,144770,60.0,120.0,86.11,kg,kg,False,12466144.7,True,144770,0,0.9965807833114596,10,True,0,0,0,0,0,0,0,0,0,0,144275,0,0,0,0,0,495,0,0,0,0,0,0,0,0,0,0,0,0,0,0,0,0,0,0,104.4,,104.4,,80.0,,80.0,,120.0,,120.0,,60.0,0.6967831842991522,175710.0,188960.0,-0.17608559558363213,0.9510565162951535,0.30901699437494745,144275,0.9965807833114596,0.0
Papaya,fruit,2082,6,3,ashwin,118905,80.0,100.0,90.0,kg,kg,False,10701450.0,True,118905,0,0.9720364997266724,10,True,0,0,0,0,0,0,0,0,0,0,115580,0,0,0,0,0,1905,0,0,0,0,540,0,0,0,0,0,0,0,0,0,0,0,0,880,86.11,104.4,95.255,12.932983027901953,60.0,80.0,70.0,14.142135623730951,120.0,120.0,120.0,0.0,20.0,0.2222222222222222,144770.0,144770.0,-0.1786627063618153,0.9510565162951536,-0.30901699437494734,115580,0.9720364997266725,0.0
Papaya,fruit,2082,7,4,kartik,93728,80.0,100.0,90.0,kg,kg,False,8435520.0,True,93728,0,0.9281111300785252,10,True,0,0,0,0,0,0,0,0,180,0,86990,0,0,0,0,0,2365,0,0,0,0,3283,0,0,0,0,0,0,0,0,0,0,0,0,910,90.0,86.11,93.50333333333333,9.635145734929665,80.0,60.0,73.33333333333333,11.547005383792516,100.0,120.0,113.33333333333333,11.547005383792513,20.0,0.2222222222222222,118905.0,118905.0,-0.21174046507716243,0.5877852522924732,-0.8090169943749473,86990,0.9281111300785251,0.0
Papaya,fruit,2082,8,5,mangsir,104344,,,95.0,kg,kg,False,9912680.0,True,104344,0,0.8587460706892586,10,True,0,0,0,0,0,0,0,0,210,0,89605,0,0,0,0,0,10815,0,0,0,0,3034,0,0,0,0,0,0,0,0,0,0,0,0,680,90.0,90.0,88.70333333333333,2.2458925471476094,80.0,80.0,73.33333333333333,11.547005383792516,100.0,100.0,106.66666666666667,11.547005383792513,,,93728.0,93728.0,0.11326391259815637,1.2246467991473532e-16,-1.0,89605,0.8587460706892586,0.0
Papaya,fruit,2082,9,6,poush,94840,,,95.66,kg,kg,False,9072394.4,True,94840,0,0.9450653732602278,10,True,0,0,0,0,0,0,0,0,0,0,89630,0,0,0,0,0,2260,0,0,0,0,2040,0,0,0,0,0,0,0,0,0,0,0,0,910,95.0,90.0,91.66666666666667,2.8867513459480993,,80.0,80.0,0.0,,100.0,100.0,0.0,,,104344.0,104344.0,-0.0910833397224565,-0.587785252292473,-0.8090169943749475,89630,0.9450653732602278,0.0
Papaya,fruit,2082,10,7,magh,125853,,,105.0,kg,kg,False,13214565.0,True,125853,0,0.969146543983854,10,True,0,0,0,0,0,0,0,0,0,0,121970,0,0,0,0,0,1403,0,0,0,0,2480,0,0,0,0,0,0,0,0,0,0,0,0,0,95.66,95.0,93.55333333333333,3.094920569793861,,,80.0,,,,100.0,,,,94840.0,94840.0,0.3270033741037537,-0.9510565162951535,-0.30901699437494756,121970,0.9691465439838541,0.0
Papaya,fruit,2082,11,8,falgun,143625,,,98.99,kg,kg,False,14217438.75,True,143625,0,0.9855874673629242,10,True,0,0,0,0,0,0,0,0,0,0,141555,0,0,0,0,0,2070,0,0,0,0,0,0,0,0,0,0,0,0,0,0,0,0,0,0,105.0,95.66,98.55333333333333,5.592721460374482,,,,,,,,,,,125853.0,125853.0,0.1412123668088961,-0.9510565162951536,0.30901699437494723,141555,0.9855874673629242,0.0
Papaya,fruit,2082,12,9,chaitra,240240,,,95.0,kg,kg,False,22822800.0,True,240240,0,0.9891774891774892,10,True,0,0,0,0,0,0,0,0,0,0,237640,0,0,0,0,0,2340,0,0,0,0,210,0,0,0,0,0,0,0,0,0,0,0,0,50,98.99,105.0,99.88333333333333,4.733649050503566,,,,,,,,,,,143625.0,143625.0,0.6726892950391645,-0.5877852522924732,0.8090169943749473,237640,0.9891774891774892,0.0
Papaya,fruit,2083,1,10,baishakh,202235,100.0,100.0,100.0,kg,kg,False,20223500.0,True,202235,0,0.935841966029619,10,True,0,0,0,0,0,0,0,0,0,0,189260,0,0,0,0,0,12975,0,0,0,0,0,0,0,0,0,0,0,0,0,0,0,0,0,0,95.0,98.99,99.66333333333334,5.033888490355472,,,,,,,,,0.0,0.0,240240.0,240240.0,-0.1581959706959707,-2.4492935982947064e-16,1.0,189260,0.935841966029619,0.0
Peanuts,fruit,2082,9,6,poush,4530,,,210.0,kg,kg,False,951300.0,True,4530,0,1.0,2,False,0,0,0,0,0,0,0,0,0,0,4530,0,0,0,0,0,0,0,0,0,0,0,0,0,0,0,0,0,0,0,0,0,0,0,0,,,,,,,,,,,,,,,,,,-0.587785252292473,-0.8090169943749475,4530,1.0,0.0
Peanuts,fruit,2082,10,7,magh,4490,,,220.0,kg,kg,False,987800.0,True,4490,0,1.0,2,False,0,0,0,0,0,0,0,0,0,0,4490,0,0,0,0,0,0,0,0,0,0,0,0,0,0,0,0,0,0,0,0,0,0,0,0,210.0,,210.0,,,,,,,,,,,,4530.0,4530.0,-0.008830022075055188,-0.9510565162951535,-0.30901699437494756,4490,1.0,0.0
Pear,fruit,2082,4,1,shrawan,141105,50.0,60.0,55.0,kg,kg,False,7760775.0,True,141105,0,0.2266751709719712,9,False,0,0,0,0,0,27935,0,28320,17365,5800,4050,0,0,0,0,0,0,0,0,0,0,31665,0,0,0,0,0,0,0,0,0,0,0,0,25970,,,,,,,,,,,,,10.0,0.18181818181818182,,,,0.5877852522924731,0.8090169943749475,31985,0.22667517097197123,0.0
Pear,fruit,2082,5,2,bhadra,20670,50.0,60.0,55.0,kg,kg,False,1136850.0,True,20670,0,0.8142235123367199,9,False,0,0,0,0,0,16830,0,0,580,0,0,0,0,0,0,0,0,0,0,0,0,3260,0,0,0,0,0,0,0,0,0,0,0,0,0,55.0,,55.0,,50.0,,50.0,,60.0,,60.0,,10.0,0.18181818181818182,141105.0,141105.0,-0.8535133411289465,0.9510565162951535,0.30901699437494745,16830,0.8142235123367199,0.0
Pear,fruit,2082,6,3,ashwin,12624,50.0,60.0,55.0,kg,kg,False,694320.0,True,12624,0,1.0,9,False,0,0,0,0,0,12624,0,0,0,0,0,0,0,0,0,0,0,0,0,0,0,0,0,0,0,0,0,0,0,0,0,0,0,0,0,55.0,55.0,55.0,0.0,50.0,50.0,50.0,0.0,60.0,60.0,60.0,0.0,10.0,0.18181818181818182,20670.0,20670.0,-0.3892597968069666,0.9510565162951536,-0.30901699437494734,12624,1.0,0.0
Pear,fruit,2082,7,4,kartik,15165,200.0,210.0,205.0,kg,kg,False,3108825.0,True,15165,0,1.0,9,False,0,0,0,0,0,11805,0,0,0,0,3360,0,0,0,0,0,0,0,0,0,0,0,0,0,0,0,0,0,0,0,0,0,0,0,0,55.0,55.0,55.0,0.0,50.0,50.0,50.0,0.0,60.0,60.0,60.0,0.0,10.0,0.04878048780487805,12624.0,12624.0,0.20128326996197718,0.5877852522924732,-0.8090169943749473,15165,1.0,0.0
Pear,fruit,2082,9,6,poush,18090,,,205.0,kg,kg,False,3708450.0,True,18090,0,1.0,9,False,0,0,0,0,0,18090,0,0,0,0,0,0,0,0,0,0,0,0,0,0,0,0,0,0,0,0,0,0,0,0,0,0,0,0,0,205.0,55.0,105.0,86.60254037844386,200.0,50.0,100.0,86.60254037844386,210.0,60.0,110.0,86.60254037844386,,,15165.0,15165.0,0.19287833827893175,-0.587785252292473,-0.8090169943749475,18090,1.0,0.0
Pear,fruit,2082,10,7,magh,14455,200.0,210.0,205.0,kg,kg,False,2963275.0,True,14455,0,1.0,9,False,0,0,0,0,0,12375,0,0,0,0,2080,0,0,0,0,0,0,0,0,0,0,0,0,0,0,0,0,0,0,0,0,0,0,0,0,205.0,205.0,155.0,86.60254037844386,,200.0,125.0,106.06601717798213,,210.0,135.0,106.06601717798213,10.0,0.04878048780487805,18090.0,18090.0,-0.20093974571586512,-0.9510565162951535,-0.30901699437494756,14455,1.0,0.0
Pear,fruit,2082,11,8,falgun,10640,200.0,210.0,205.0,kg,kg,False,2181200.0,True,10640,0,1.0,9,False,0,0,0,0,0,8560,0,0,0,0,2080,0,0,0,0,0,0,0,0,0,0,0,0,0,0,0,0,0,0,0,0,0,0,0,0,205.0,205.0,205.0,0.0,200.0,,200.0,0.0,210.0,,210.0,0.0,10.0,0.04878048780487805,14455.0,14455.0,-0.2639225181598063,-0.9510565162951536,0.30901699437494723,10640,1.0,0.0
Pear,fruit,2082,12,9,chaitra,30770,200.0,210.0,205.0,kg,kg,False,6307850.0,True,30770,0,1.0,9,False,0,0,0,0,0,30230,0,0,0,0,540,0,0,0,0,0,0,0,0,0,0,0,0,0,0,0,0,0,0,0,0,0,0,0,0,205.0,205.0,205.0,0.0,200.0,200.0,200.0,0.0,210.0,210.0,210.0,0.0,10.0,0.04878048780487805,10640.0,10640.0,1.8919172932330828,-0.5877852522924732,0.8090169943749473,30770,1.0,0.0
Pear,fruit,2083,1,10,baishakh,25520,200.0,210.0,205.0,kg,kg,False,5231600.0,True,25520,0,1.0,9,False,0,0,0,0,0,23070,0,0,0,0,2450,0,0,0,0,0,0,0,0,0,0,0,0,0,0,0,0,0,0,0,0,0,0,0,0,205.0,205.0,205.0,0.0,200.0,200.0,200.0,0.0,210.0,210.0,210.0,0.0,10.0,0.04878048780487805,30770.0,30770.0,-0.17062073448163795,-2.4492935982947064e-16,1.0,25520,1.0,0.0
Pear_China,fruit,2082,4,1,shrawan,0,40.0,210.0,138.02,kg,kg,False,0.0,True,0,0,,3,False,0,0,0,0,0,0,0,0,0,0,0,0,0,0,0,0,0,0,0,0,0,0,0,0,0,0,0,0,0,0,0,0,0,0,0,,,,,,,,,,,,,170.0,1.2317055499203013,,,,0.5877852522924731,0.8090169943749475,0,0.0,0.0
Pear_China,fruit,2082,6,3,ashwin,0,200.0,210.0,205.0,kg,kg,False,0.0,True,0,0,,3,False,0,0,0,0,0,0,0,0,0,0,0,0,0,0,0,0,0,0,0,0,0,0,0,0,0,0,0,0,0,0,0,0,0,0,0,138.02,,138.02,,40.0,,40.0,,210.0,,210.0,,10.0,0.04878048780487805,0.0,0.0,,0.9510565162951536,-0.30901699437494734,0,0.0,0.0
Pear_China,fruit,2082,8,5,mangsir,12600,200.0,210.0,205.0,kg,kg,False,2583000.0,True,12600,0,1.0,3,False,0,0,0,0,0,12600,0,0,0,0,0,0,0,0,0,0,0,0,0,0,0,0,0,0,0,0,0,0,0,0,0,0,0,0,0,205.0,138.02,171.51,47.362012203874954,200.0,40.0,120.0,113.13708498984761,210.0,210.0,210.0,0.0,10.0,0.04878048780487805,0.0,0.0,,1.2246467991473532e-16,-1.0,12600,1.0,0.0
Pine_Apple,fruit,2082,4,1,shrawan,156655,130.0,150.0,140.0,kg,kg,False,21931700.0,True,156655,0,1.0,10,True,0,0,0,0,0,0,0,0,0,0,156655,0,0,0,0,0,0,0,0,0,0,0,0,0,0,0,0,0,0,0,0,0,0,0,0,,,,,,,,,,,,,20.0,0.14285714285714285,,,,0.5877852522924731,0.8090169943749475,156655,1.0,0.0
Pine_Apple,fruit,2082,5,2,bhadra,79175,130.0,200.0,165.28,kg,kg,False,13086044.0,True,79175,0,1.0,10,True,0,0,0,0,0,0,0,0,0,0,79175,0,0,0,0,0,0,0,0,0,0,0,0,0,0,0,0,0,0,0,0,0,0,0,0,140.0,,140.0,,130.0,,130.0,,150.0,,150.0,,70.0,0.4235237173281704,156655.0,156655.0,-0.494590022661262,0.9510565162951535,0.30901699437494745,79175,1.0,0.0
Pine_Apple,fruit,2082,6,3,ashwin,60295,150.0,180.0,165.0,kg,kg,False,9948675.0,True,60295,0,1.0,10,True,0,0,0,0,0,0,0,0,0,0,60295,0,0,0,0,0,0,0,0,0,0,0,0,0,0,0,0,0,0,0,0,0,0,0,0,165.28,140.0,152.64,17.87565942839593,130.0,130.0,130.0,0.0,200.0,150.0,175.0,35.35533905932738,30.0,0.18181818181818182,79175.0,79175.0,-0.23845910956741395,0.9510565162951536,-0.30901699437494734,60295,1.0,0.0
Pine_Apple,fruit,2082,7,4,kartik,28765,150.0,180.0,165.0,kg,kg,False,4746225.0,True,28765,0,1.0,10,True,0,0,0,0,0,0,0,0,0,0,28765,0,0,0,0,0,0,0,0,0,0,0,0,0,0,0,0,0,0,0,0,0,0,0,0,165.0,165.28,156.76,14.515260934616379,150.0,130.0,136.66666666666666,11.54700538379252,180.0,200.0,176.66666666666666,25.166114784235834,30.0,0.18181818181818182,60295.0,60295.0,-0.5229289327473257,0.5877852522924732,-0.8090169943749473,28765,1.0,0.0
Pine_Apple,fruit,2082,8,5,mangsir,46540,150.0,180.0,165.0,kg,kg,False,7679100.0,True,46540,0,1.0,10,True,0,0,0,0,0,0,0,0,0,0,46540,0,0,0,0,0,0,0,0,0,0,0,0,0,0,0,0,0,0,0,0,0,0,0,0,165.0,165.0,165.09333333333333,0.16165807537475413,150.0,150.0,143.33333333333334,11.54700538379252,180.0,180.0,186.66666666666666,11.547005383792524,30.0,0.18181818181818182,28765.0,28765.0,0.6179384668868416,1.2246467991473532e-16,-1.0,46540,1.0,0.0
Pine_Apple,fruit,2082,9,6,poush,74115,150.0,180.0,165.0,kg,kg,False,12228975.0,True,74115,0,0.984888349187074,10,True,0,0,0,0,0,0,0,0,0,0,72995,0,0,0,0,0,1120,0,0,0,0,0,0,0,0,0,0,0,0,0,0,0,0,0,0,165.0,165.0,165.0,0.0,150.0,150.0,150.0,0.0,180.0,180.0,180.0,0.0,30.0,0.18181818181818182,46540.0,46540.0,0.5925010743446497,-0.587785252292473,-0.8090169943749475,72995,0.9848883491870741,0.0
Pine_Apple,fruit,2082,10,7,magh,47180,130.0,180.0,145.0,kg,kg,False,6841100.0,True,47180,0,1.0,10,True,0,0,0,0,0,0,0,0,0,0,47180,0,0,0,0,0,0,0,0,0,0,0,0,0,0,0,0,0,0,0,0,0,0,0,0,165.0,165.0,165.0,0.0,150.0,150.0,150.0,0.0,180.0,180.0,180.0,0.0,50.0,0.3448275862068966,74115.0,74115.0,-0.36342170950549824,-0.9510565162951535,-0.30901699437494756,47180,1.0,0.0
Pine_Apple,fruit,2082,11,8,falgun,28640,130.0,150.0,140.0,kg,kg,False,4009600.0,True,28640,0,1.0,10,True,0,0,0,0,0,0,0,0,0,0,28640,0,0,0,0,0,0,0,0,0,0,0,0,0,0,0,0,0,0,0,0,0,0,0,0,145.0,165.0,158.33333333333334,11.547005383792543,130.0,150.0,143.33333333333334,11.54700538379252,180.0,180.0,180.0,0.0,20.0,0.14285714285714285,47180.0,47180.0,-0.39296311996608735,-0.9510565162951536,0.30901699437494723,28640,1.0,0.0
Pine_Apple,fruit,2082,12,9,chaitra,49600,130.0,200.0,165.91,kg,kg,False,8229136.0,True,49600,0,1.0,10,True,0,0,0,0,0,0,0,0,0,0,49600,0,0,0,0,0,0,0,0,0,0,0,0,0,0,0,0,0,0,0,0,0,0,0,0,140.0,145.0,150.0,13.22875655532298,130.0,130.0,136.66666666666666,11.54700538379252,150.0,180.0,170.0,17.320508075688775,70.0,0.42191549635344466,28640.0,28640.0,0.7318435754189944,-0.5877852522924732,0.8090169943749473,49600,1.0,0.0
Pine_Apple,fruit,2083,1,10,baishakh,52180,150.0,250.0,188.91,kg,kg,False,9857323.8,True,52180,0,1.0,10,True,0,0,0,0,0,0,0,0,0,0,52180,0,0,0,0,0,0,0,0,0,0,0,0,0,0,0,0,0,0,0,0,0,0,0,0,165.91,140.0,150.30333333333334,13.745036679955927,130.0,130.0,130.0,0.0,200.0,150.0,176.66666666666666,25.166114784235837,100.0,0.5293526017680377,49600.0,49600.0,0.052016129032258066,-2.4492935982947064e-16,1.0,52180,1.0,0.0
Pointed_Gourd,vegetable,2082,4,1,shrawan,41810,50.0,100.0,70.6,kg,kg,False,2951786.0,True,41810,0,0.3641473331738818,9,False,0,0,0,0,5445,0,0,0,0,0,15225,0,0,0,0,0,0,0,0,0,0,0,0,0,0,0,0,0,0,0,21140,0,0,0,0,,,,,,,,,,,,,50.0,0.708215297450425,,,,0.5877852522924731,0.8090169943749475,15225,0.36414733317388187,0.0
Pointed_Gourd,vegetable,2082,5,2,bhadra,26230,50.0,100.0,76.04,kg,kg,False,1994529.2,True,26230,0,0.4064048799085017,9,False,0,0,0,0,4905,0,0,0,0,0,10660,0,0,0,0,0,0,0,0,0,0,0,0,0,0,0,0,0,0,0,10665,0,0,0,0,70.6,,70.6,,50.0,,50.0,,100.0,,100.0,,50.0,0.6575486586007364,41810.0,41810.0,-0.37263812485051423,0.9510565162951535,0.30901699437494745,10660,0.4064048799085017,0.0
Pointed_Gourd,vegetable,2082,6,3,ashwin,16035,120.0,200.0,145.31,kg,kg,False,2330045.85,True,16035,0,0.4855004677268475,9,False,0,0,0,0,8250,0,0,0,0,0,7785,0,0,0,0,0,0,0,0,0,0,0,0,0,0,0,0,0,0,0,0,0,0,0,0,76.04,70.6,73.32,3.846660889654832,50.0,50.0,50.0,0.0,100.0,100.0,100.0,0.0,80.0,0.550547106186773,26230.0,26230.0,-0.38867708730461303,0.9510565162951536,-0.30901699437494734,7785,0.4855004677268475,0.0
Pointed_Gourd,vegetable,2082,7,4,kartik,34645,100.0,150.0,135.53,kg,kg,False,4695436.85,True,34645,0,0.7803434839082118,9,False,0,0,0,0,7610,0,0,0,0,0,27035,0,0,0,0,0,0,0,0,0,0,0,0,0,0,0,0,0,0,0,0,0,0,0,0,145.31,76.04,97.31666666666666,41.65235207444273,120.0,50.0,73.33333333333333,40.414518843273804,200.0,100.0,133.33333333333334,57.735026918962575,50.0,0.3689220098871099,16035.0,16035.0,1.160586217648893,0.5877852522924732,-0.8090169943749473,27035,0.7803434839082118,0.0
Pointed_Gourd,vegetable,2082,8,5,mangsir,38180,100.0,140.0,112.11,kg,kg,False,4280359.8,True,38180,0,0.8279203771608172,9,False,0,0,0,0,6570,0,0,0,0,0,31610,0,0,0,0,0,0,0,0,0,0,0,0,0,0,0,0,0,0,0,0,0,0,0,0,135.53,145.31,118.96,37.490090690741205,100.0,120.0,90.0,36.0555127546399,150.0,200.0,150.0,49.99999999999999,40.0,0.3567924360003568,34645.0,34645.0,0.10203492567470053,1.2246467991473532e-16,-1.0,31610,0.8279203771608172,0.0
Pointed_Gourd,vegetable,2082,9,6,poush,21805,120.0,140.0,130.0,kg,kg,False,2834650.0,True,21805,0,0.8991057096996102,9,False,0,0,0,0,2200,0,0,0,0,0,19605,0,0,0,0,0,0,0,0,0,0,0,0,0,0,0,0,0,0,0,0,0,0,0,0,112.11,135.53,130.98333333333332,17.060601786963268,100.0,100.0,106.66666666666667,11.547005383792527,140.0,150.0,163.33333333333334,32.14550253664318,20.0,0.15384615384615385,38180.0,38180.0,-0.428889470927187,-0.587785252292473,-0.8090169943749475,19605,0.8991057096996102,0.0
Pointed_Gourd,vegetable,2082,11,8,falgun,2310,,,215.0,kg,kg,False,496650.0,True,2310,0,1.0,9,False,0,0,0,0,0,0,0,0,0,0,2310,0,0,0,0,0,0,0,0,0,0,0,0,0,0,0,0,0,0,0,0,0,0,0,0,130.0,112.11,125.88,12.241523597984061,120.0,100.0,106.66666666666667,11.547005383792527,140.0,140.0,143.33333333333334,5.77350269189626,,,21805.0,21805.0,-0.8940609951845907,-0.9510565162951536,0.30901699437494723,2310,1.0,0.0
Pointed_Gourd,vegetable,2082,12,9,chaitra,58770,100.0,200.0,151.67,kg,kg,False,8913645.9,True,58770,0,0.7118427769270036,9,False,0,0,0,0,16935,0,0,0,0,0,41835,0,0,0,0,0,0,0,0,0,0,0,0,0,0,0,0,0,0,0,0,0,0,0,0,215.0,130.0,152.37,54.97181732488023,,120.0,110.0,14.142135623730967,,140.0,140.0,0.0,100.0,0.659326168655634,2310.0,2310.0,24.441558441558442,-0.5877852522924732,0.8090169943749473,41835,0.7118427769270036,0.0
Pointed_Gourd,vegetable,2083,1,10,baishakh,59958,100.0,150.0,119.55,kg,kg,False,7167978.9,True,59958,0,0.622402348310484,9,False,0,0,0,0,21500,0,0,0,0,0,37318,0,0,0,0,0,0,0,0,0,0,0,0,0,0,0,0,0,0,0,1140,0,0,0,0,151.67,215.0,165.55666666666664,44.168763094899276,100.0,,110.0,14.142135623730967,200.0,,170.0,42.42640687119285,50.0,0.41823504809703055,58770.0,58770.0,0.02021439509954058,-2.4492935982947064e-16,1.0,37318,0.622402348310484,0.0
Pomegranate,fruit,2082,4,1,shrawan,192885,250.0,350.0,300.0,kg,kg,False,57865500.0,True,192885,0,1.0,10,True,0,0,0,0,0,540,0,0,0,0,192345,0,0,0,0,0,0,0,0,0,0,0,0,0,0,0,0,0,0,0,0,0,0,0,0,,,,,,,,,,,,,100.0,0.3333333333333333,,,,0.5877852522924731,0.8090169943749475,192885,1.0,0.0
Pomegranate,fruit,2082,5,2,bhadra,157665,,,285.49,kg,kg,False,45011780.85,True,157665,0,1.0,10,True,0,0,0,0,0,0,0,0,0,0,157665,0,0,0,0,0,0,0,0,0,0,0,0,0,0,0,0,0,0,0,0,0,0,0,0,300.0,,300.0,,250.0,,250.0,,350.0,,350.0,,,,192885.0,192885.0,-0.18259584726650596,0.9510565162951535,0.30901699437494745,157665,1.0,0.0
Pomegranate,fruit,2082,6,3,ashwin,145970,250.0,350.0,300.0,kg,kg,False,43791000.0,True,145970,0,1.0,10,True,0,0,0,0,0,0,0,0,0,0,145970,0,0,0,0,0,0,0,0,0,0,0,0,0,0,0,0,0,0,0,0,0,0,0,0,285.49,300.0,292.745,10.260119395016797,,250.0,250.0,,,350.0,350.0,,100.0,0.3333333333333333,157665.0,157665.0,-0.07417625979132972,0.9510565162951536,-0.30901699437494734,145970,1.0,0.0
Pomegranate,fruit,2082,7,4,kartik,130400,250.0,350.0,300.0,kg,kg,False,39120000.0,True,130400,0,1.0,10,True,0,0,0,0,0,0,0,0,0,0,130400,0,0,0,0,0,0,0,0,0,0,0,0,0,0,0,0,0,0,0,0,0,0,0,0,300.0,285.49,295.16333333333336,8.37735240594146,250.0,,250.0,0.0,350.0,,350.0,0.0,100.0,0.3333333333333333,145970.0,145970.0,-0.1066657532369665,0.5877852522924732,-0.8090169943749473,130400,1.0,0.0
Pomegranate,fruit,2082,8,5,mangsir,169530,250.0,350.0,300.0,kg,kg,False,50859000.0,True,169530,0,1.0,10,True,0,0,0,0,0,0,0,0,0,0,169530,0,0,0,0,0,0,0,0,0,0,0,0,0,0,0,0,0,0,0,0,0,0,0,0,300.0,300.0,295.16333333333336,8.37735240594146,250.0,250.0,250.0,0.0,350.0,350.0,350.0,0.0,100.0,0.3333333333333333,130400.0,130400.0,0.30007668711656443,1.2246467991473532e-16,-1.0,169530,1.0,0.0
Pomegranate,fruit,2082,9,6,poush,121565,250.0,350.0,309.09,kg,kg,False,37574525.85,True,121565,0,1.0,10,True,0,0,0,0,0,0,0,0,0,0,121565,0,0,0,0,0,0,0,0,0,0,0,0,0,0,0,0,0,0,0,0,0,0,0,0,300.0,300.0,300.0,0.0,250.0,250.0,250.0,0.0,350.0,350.0,350.0,0.0,100.0,0.32353036332459806,169530.0,169530.0,-0.2829292750545626,-0.587785252292473,-0.8090169943749475,121565,1.0,0.0
Pomegranate,fruit,2082,10,7,magh,112495,300.0,350.0,325.0,kg,kg,False,36560875.0,True,112495,0,1.0,10,True,0,0,0,0,0,0,0,0,0,0,112495,0,0,0,0,0,0,0,0,0,0,0,0,0,0,0,0,0,0,0,0,0,0,0,0,309.09,300.0,303.03,5.248113946933672,250.0,250.0,250.0,0.0,350.0,350.0,350.0,0.0,50.0,0.15384615384615385,121565.0,121565.0,-0.0746102907909349,-0.9510565162951535,-0.30901699437494756,112495,1.0,0.0
Pomegranate,fruit,2082,11,8,falgun,96250,300.0,350.0,325.0,kg,kg,False,31281250.0,True,96250,0,1.0,10,True,0,0,0,0,0,0,0,0,0,0,96250,0,0,0,0,0,0,0,0,0,0,0,0,0,0,0,0,0,0,0,0,0,0,0,0,325.0,309.09,311.3633333333333,12.654091564918199,300.0,250.0,266.6666666666667,28.86751345948128,350.0,350.0,350.0,0.0,50.0,0.15384615384615385,112495.0,112495.0,-0.144406418063025,-0.9510565162951536,0.30901699437494723,96250,1.0,0.0
Pomegranate,fruit,2082,12,9,chaitra,124900,300.0,350.0,325.0,kg,kg,False,40592500.0,True,124900,0,1.0,10,True,0,0,0,0,0,0,0,0,0,0,124900,0,0,0,0,0,0,0,0,0,0,0,0,0,0,0,0,0,0,0,0,0,0,0,0,325.0,325.0,319.69666666666666,9.185642782807019,300.0,300.0,283.3333333333333,28.86751345948128,350.0,350.0,350.0,0.0,50.0,0.15384615384615385,96250.0,96250.0,0.2976623376623377,-0.5877852522924732,0.8090169943749473,124900,1.0,0.0
Pomegranate,fruit,2083,1,10,baishakh,126440,300.0,350.0,325.0,kg,kg,False,41093000.0,True,126440,0,1.0,10,True,0,0,0,0,0,0,0,0,0,0,126440,0,0,0,0,0,0,0,0,0,0,0,0,0,0,0,0,0,0,0,0,0,0,0,0,325.0,325.0,325.0,0.0,300.0,300.0,300.0,0.0,350.0,350.0,350.0,0.0,50.0,0.15384615384615385,124900.0,124900.0,0.01232986389111289,-2.4492935982947064e-16,1.0,126440,1.0,0.0
Potato,vegetable,2082,9,6,poush,295330,,,32.84,kg,kg,False,9698637.2,True,295330,0,0.8037449632614364,1,False,0,0,0,0,0,0,0,0,0,0,237370,0,2250,0,0,0,15285,0,0,0,0,36340,0,4085,0,0,0,0,0,0,0,0,0,0,0,,,,,,,,,,,,,,,,,,-0.587785252292473,-0.8090169943749475,237370,0.8037449632614364,0.007618596146683371
Potato_Blue,vegetable,2082,4,1,shrawan,0,40.0,50.0,45.0,kg,kg,False,0.0,True,0,0,,6,False,0,0,0,0,0,0,0,0,0,0,0,0,0,0,0,0,0,0,0,0,0,0,0,0,0,0,0,0,0,0,0,0,0,0,0,,,,,,,,,,,,,10.0,0.2222222222222222,,,,0.5877852522924731,0.8090169943749475,0,0.0,0.0
Potato_Blue,vegetable,2082,6,3,ashwin,0,40.0,50.0,45.0,kg,kg,False,0.0,True,0,0,,6,False,0,0,0,0,0,0,0,0,0,0,0,0,0,0,0,0,0,0,0,0,0,0,0,0,0,0,0,0,0,0,0,0,0,0,0,45.0,,45.0,,40.0,,40.0,,50.0,,50.0,,10.0,0.2222222222222222,0.0,0.0,,0.9510565162951536,-0.30901699437494734,0,0.0,0.0
Potato_Blue,vegetable,2082,7,4,kartik,0,40.0,50.0,45.0,kg,kg,False,0.0,True,0,0,,6,False,0,0,0,0,0,0,0,0,0,0,0,0,0,0,0,0,0,0,0,0,0,0,0,0,0,0,0,0,0,0,0,0,0,0,0,45.0,45.0,45.0,0.0,40.0,40.0,40.0,0.0,50.0,50.0,50.0,0.0,10.0,0.2222222222222222,0.0,0.0,,0.5877852522924732,-0.8090169943749473,0,0.0,0.0
Potato_Blue,vegetable,2082,10,7,magh,0,40.0,50.0,45.0,kg,kg,False,0.0,True,0,0,,6,False,0,0,0,0,0,0,0,0,0,0,0,0,0,0,0,0,0,0,0,0,0,0,0,0,0,0,0,0,0,0,0,0,0,0,0,45.0,45.0,45.0,0.0,40.0,40.0,40.0,0.0,50.0,50.0,50.0,0.0,10.0,0.2222222222222222,0.0,0.0,,-0.9510565162951535,-0.30901699437494756,0,0.0,0.0
Potato_Blue,vegetable,2082,11,8,falgun,0,40.0,50.0,45.0,kg,kg,False,0.0,True,0,0,,6,False,0,0,0,0,0,0,0,0,0,0,0,0,0,0,0,0,0,0,0,0,0,0,0,0,0,0,0,0,0,0,0,0,0,0,0,45.0,45.0,45.0,0.0,40.0,40.0,40.0,0.0,50.0,50.0,50.0,0.0,10.0,0.2222222222222222,0.0,0.0,,-0.9510565162951536,0.30901699437494723,0,0.0,0.0
Potato_Blue,vegetable,2082,12,9,chaitra,0,40.0,50.0,43.47,kg,kg,False,0.0,True,0,0,,6,False,0,0,0,0,0,0,0,0,0,0,0,0,0,0,0,0,0,0,0,0,0,0,0,0,0,0,0,0,0,0,0,0,0,0,0,45.0,45.0,45.0,0.0,40.0,40.0,40.0,0.0,50.0,50.0,50.0,0.0,10.0,0.23004370830457788,0.0,0.0,,-0.5877852522924732,0.8090169943749473,0,0.0,0.0
Potato_R,vegetable,2082,4,1,shrawan,914370,32.0,45.0,37.72,kg,kg,False,34490036.4,True,914370,0,0.4342443430996205,9,False,1140,0,0,93480,0,0,0,0,0,0,303580,0,85360,0,0,0,0,0,0,54815,0,11160,0,57830,0,0,305130,1875,0,0,0,0,0,0,0,,,,,,,,,,,,,13.0,0.3446447507953341,,,,0.5877852522924731,0.8090169943749475,397060,0.4342443430996205,0.0933538939379026
Potato_R,vegetable,2082,5,2,bhadra,824685,32.0,45.0,37.95,kg,kg,False,31296795.75,True,824685,0,0.7010494916240746,9,False,0,0,0,66320,0,0,0,0,0,0,511825,0,17970,0,0,0,0,0,0,25740,0,4580,0,169300,0,0,28950,0,0,0,0,0,0,0,0,37.72,,37.72,,32.0,,32.0,,45.0,,45.0,,13.0,0.3425559947299077,914370.0,914370.0,-0.09808392663801306,0.9510565162951535,0.30901699437494745,578145,0.7010494916240746,0.021790138052711034
Potato_R,vegetable,2082,6,3,ashwin,362905,35.0,40.0,37.5,kg,kg,False,13608937.5,True,362905,0,0.729943098055965,9,False,0,0,0,44500,0,0,0,0,0,0,220400,0,0,0,0,0,0,0,0,53695,0,0,0,44310,0,0,0,0,0,0,0,0,0,0,0,37.95,37.72,37.835,0.16263455967290874,32.0,32.0,32.0,0.0,45.0,45.0,45.0,0.0,5.0,0.13333333333333333,824685.0,824685.0,-0.5599471313289317,0.9510565162951536,-0.30901699437494734,264900,0.729943098055965,0.0
Potato_R,vegetable,2082,7,4,kartik,547465,35.0,50.0,44.21,kg,kg,False,24203427.65,True,547465,0,0.7263660690637758,9,False,0,0,0,0,0,0,0,0,0,0,397660,0,63260,0,0,0,0,13325,0,0,0,0,0,73220,0,0,0,0,0,0,0,0,0,0,0,37.5,37.95,37.723333333333336,0.2250185177565046,35.0,32.0,33.0,1.7320508075688772,40.0,45.0,43.333333333333336,2.88675134594813,15.0,0.33928975344944584,362905.0,362905.0,0.5085628470260812,0.5877852522924732,-0.8090169943749473,397660,0.7263660690637758,0.11555076580238006
Potato_R,vegetable,2082,8,5,mangsir,346925,35.0,50.0,41.84,kg,kg,False,14515342.0,True,346925,0,0.7045326799740578,9,False,0,0,0,0,1875,0,0,0,0,0,244420,0,5210,0,0,0,0,0,0,20400,0,0,0,75020,0,0,0,0,0,0,0,0,0,0,0,44.21,37.5,39.88666666666666,3.750871009956662,35.0,35.0,34.0,1.7320508075688772,50.0,40.0,45.0,5.000000000000001,15.0,0.35850860420650094,547465.0,547465.0,-0.3663065218781109,1.2246467991473532e-16,-1.0,244420,0.7045326799740578,0.015017655112776536
Potato_R,vegetable,2082,10,7,magh,293665,30.0,40.0,35.0,kg,kg,False,10278275.0,True,293665,0,0.4714555701224184,9,False,0,0,0,0,0,0,0,0,0,0,138450,0,0,0,0,0,37555,0,0,0,0,87220,0,30440,0,0,0,0,0,0,0,0,0,0,0,41.84,44.21,41.18333333333334,3.4028566430770053,35.0,35.0,35.0,0.0,50.0,50.0,46.666666666666664,5.773502691896258,10.0,0.2857142857142857,346925.0,346925.0,-0.15352021330258703,-0.9510565162951535,-0.30901699437494756,138450,0.4714555701224184,0.0
Potato_R,vegetable,2082,11,8,falgun,237025,30.0,40.0,35.0,kg,kg,False,8295875.0,True,237025,0,0.4797806138592975,9,False,0,0,0,0,0,0,0,0,0,0,113720,0,0,0,0,0,62635,0,0,0,0,36100,0,24570,0,0,0,0,0,0,0,0,0,0,0,35.0,41.84,40.35,4.78237388751653,30.0,35.0,33.333333333333336,2.88675134594813,40.0,50.0,46.666666666666664,5.773502691896258,10.0,0.2857142857142857,293665.0,293665.0,-0.19287283128735122,-0.9510565162951536,0.30901699437494723,113720,0.47978061385929754,0.0
Potato_R,vegetable,2082,12,9,chaitra,390720,30.0,40.0,33.3,kg,kg,False,13010976.0,True,390720,0,0.6504402129402129,9,False,0,0,0,0,0,0,0,0,0,0,254140,0,0,0,0,0,68750,0,0,0,0,0,0,67830,0,0,0,0,0,0,0,0,0,0,0,35.0,35.0,37.28,3.9490758412570375,30.0,30.0,31.666666666666668,2.8867513459481304,40.0,40.0,43.333333333333336,5.773502691896258,10.0,0.3003003003003003,237025.0,237025.0,0.6484337095243118,-0.5877852522924732,0.8090169943749473,254140,0.6504402129402129,0.0
Potato_R,vegetable,2083,1,10,baishakh,314617,30.0,35.0,32.5,kg,kg,False,10225052.5,True,314617,0,0.4598829688160525,9,False,0,0,0,0,0,0,5080,0,0,0,144687,0,7190,15400,0,0,43540,0,0,0,0,0,0,80890,0,0,17830,0,0,0,0,0,0,0,0,33.3,35.0,34.43333333333333,0.9814954576223446,30.0,30.0,30.0,0.0,40.0,40.0,40.0,0.0,5.0,0.15384615384615385,390720.0,390720.0,-0.1947763104013104,-2.4492935982947064e-16,1.0,144687,0.4598829688160525,0.02285318339441289
Potato_W,vegetable,2082,4,1,shrawan,0,30.0,45.0,36.08,kg,kg,False,0.0,True,0,0,,7,False,0,0,0,0,0,0,0,0,0,0,0,0,0,0,0,0,0,0,0,0,0,0,0,0,0,0,0,0,0,0,0,0,0,0,0,,,,,,,,,,,,,15.0,0.4157427937915743,,,,0.5877852522924731,0.8090169943749475,0,0.0,0.0
Potato_W,vegetable,2082,6,3,ashwin,0,35.0,40.0,37.5,kg,kg,False,0.0,True,0,0,,7,False,0,0,0,0,0,0,0,0,0,0,0,0,0,0,0,0,0,0,0,0,0,0,0,0,0,0,0,0,0,0,0,0,0,0,0,36.08,,36.08,,30.0,,30.0,,45.0,,45.0,,5.0,0.13333333333333333,0.0,0.0,,0.9510565162951536,-0.30901699437494734,0,0.0,0.0
Potato_W,vegetable,2082,7,4,kartik,0,35.0,50.0,44.21,kg,kg,False,0.0,True,0,0,,7,False,0,0,0,0,0,0,0,0,0,0,0,0,0,0,0,0,0,0,0,0,0,0,0,0,0,0,0,0,0,0,0,0,0,0,0,37.5,36.08,36.79,1.0040916292848987,35.0,30.0,32.5,3.5355339059327378,40.0,45.0,42.5,3.5355339059327378,15.0,0.33928975344944584,0.0,0.0,,0.5877852522924732,-0.8090169943749473,0,0.0,0.0
Potato_W,vegetable,2082,8,5,mangsir,0,30.0,50.0,40.79,kg,kg,False,0.0,True,0,0,,7,False,0,0,0,0,0,0,0,0,0,0,0,0,0,0,0,0,0,0,0,0,0,0,0,0,0,0,0,0,0,0,0,0,0,0,0,44.21,37.5,39.26333333333333,4.3423764614935605,35.0,35.0,33.333333333333336,2.886751345948128,50.0,40.0,45.0,5.0,20.0,0.49031625398381956,0.0,0.0,,1.2246467991473532e-16,-1.0,0,0.0,0.0
Potato_W,vegetable,2082,10,7,magh,0,30.0,35.0,32.5,kg,kg,False,0.0,True,0,0,,7,False,0,0,0,0,0,0,0,0,0,0,0,0,0,0,0,0,0,0,0,0,0,0,0,0,0,0,0,0,0,0,0,0,0,0,0,40.79,44.21,40.833333333333336,3.3552098791779503,30.0,35.0,33.333333333333336,2.886751345948128,50.0,50.0,46.666666666666664,5.773502691896258,5.0,0.15384615384615385,0.0,0.0,,-0.9510565162951535,-0.30901699437494756,0,0.0,0.0
Potato_W,vegetable,2082,11,8,falgun,0,30.0,35.0,32.5,kg,kg,False,0.0,True,0,0,,7,False,0,0,0,0,0,0,0,0,0,0,0,0,0,0,0,0,0,0,0,0,0,0,0,0,0,0,0,0,0,0,0,0,0,0,0,32.5,40.79,39.166666666666664,6.021414562487231,30.0,30.0,31.666666666666668,2.886751345948129,35.0,50.0,45.0,8.660254037844387,5.0,0.15384615384615385,0.0,0.0,,-0.9510565162951536,0.30901699437494723,0,0.0,0.0
Potato_W,vegetable,2082,12,9,chaitra,0,25.0,35.0,30.8,kg,kg,False,0.0,True,0,0,,7,False,0,0,0,0,0,0,0,0,0,0,0,0,0,0,0,0,0,0,0,0,0,0,0,0,0,0,0,0,0,0,0,0,0,0,0,32.5,32.5,35.26333333333333,4.786233731581989,30.0,30.0,30.0,0.0,35.0,35.0,40.0,8.660254037844387,10.0,0.3246753246753247,0.0,0.0,,-0.5877852522924732,0.8090169943749473,0,0.0,0.0
Pumpkin,vegetable,2082,4,1,shrawan,58417,50.0,60.0,55.0,kg,kg,False,3212935.0,True,58417,0,0.5769724566478935,10,True,1540,0,0,0,0,0,0,1875,3400,0,33705,0,0,0,0,0,7460,0,0,0,0,5670,0,0,0,0,0,0,0,0,0,0,0,0,4767,,,,,,,,,,,,,10.0,0.18181818181818182,,,,0.5877852522924731,0.8090169943749475,33705,0.5769724566478935,0.0
Pumpkin,vegetable,2082,5,2,bhadra,35465,40.0,60.0,49.52,kg,kg,False,1756226.8,True,35465,0,0.7831665021852531,10,True,0,0,0,0,0,0,0,0,2210,0,27775,0,0,0,0,0,3270,0,0,0,0,0,0,0,0,0,0,0,0,0,0,0,0,2210,0,55.0,,55.0,,50.0,,50.0,,60.0,,60.0,,20.0,0.40387722132471726,58417.0,58417.0,-0.3928993272506291,0.9510565162951535,0.30901699437494745,27775,0.7831665021852531,0.0
Pumpkin,vegetable,2082,6,3,ashwin,46130,50.0,80.0,63.75,kg,kg,False,2940787.5,True,46130,0,0.7153696076306092,10,True,0,0,0,0,0,0,0,1875,0,2875,33000,0,0,0,0,0,6140,0,0,0,0,0,0,0,0,0,0,0,0,0,0,0,0,0,2240,49.52,55.0,52.260000000000005,3.8749451609022807,40.0,50.0,45.0,7.0710678118654755,60.0,60.0,60.0,0.0,30.0,0.47058823529411764,35465.0,35465.0,0.30071901875088114,0.9510565162951536,-0.30901699437494734,33000,0.7153696076306092,0.0
Pumpkin,vegetable,2082,7,4,kartik,67450,50.0,60.0,55.0,kg,kg,False,3709750.0,True,67450,0,0.6180133432171979,10,True,3690,0,0,0,0,0,0,2240,1120,0,41685,0,0,0,0,0,4400,0,0,0,0,3120,0,0,0,7655,0,0,0,0,0,0,0,0,3540,63.75,49.52,56.09,7.177346306261107,50.0,40.0,46.666666666666664,5.773502691896258,80.0,60.0,66.66666666666667,11.547005383792513,10.0,0.18181818181818182,46130.0,46130.0,0.4621721222631693,0.5877852522924732,-0.8090169943749473,41685,0.6180133432171979,0.0
Pumpkin,vegetable,2082,8,5,mangsir,86355,50.0,60.0,55.0,kg,kg,False,4749525.0,True,86355,0,0.5984598459845984,10,True,8340,0,0,0,0,0,0,9440,5650,2450,51680,0,0,0,0,0,5155,0,0,0,0,0,0,0,0,0,0,0,0,0,0,0,0,0,3640,55.0,63.75,56.09,7.177346306261107,50.0,50.0,46.666666666666664,5.773502691896258,60.0,80.0,66.66666666666667,11.547005383792513,10.0,0.18181818181818182,67450.0,67450.0,0.2802816901408451,1.2246467991473532e-16,-1.0,51680,0.5984598459845984,0.0
Pumpkin,vegetable,2082,9,6,poush,124127,50.0,60.0,55.0,kg,kg,False,6826985.0,False,123007,1120,0.3851406830505581,10,True,25200,0,0,0,0,0,0,8350,20865,0,47375,0,0,0,0,1150,5962,0,0,0,0,14105,0,0,0,0,0,0,0,0,0,0,0,0,0,55.0,55.0,57.916666666666664,5.051814855409222,50.0,50.0,50.0,0.0,60.0,60.0,66.66666666666667,11.547005383792513,10.0,0.18181818181818182,86355.0,86355.0,0.4374037403740374,-0.587785252292473,-0.8090169943749475,47375,0.3851406830505581,0.0
Pumpkin,vegetable,2082,10,7,magh,58085,50.0,60.0,55.0,kg,kg,False,3194675.0,True,58085,0,0.5341310148919687,10,True,18170,0,0,0,0,0,0,1140,4000,0,31025,0,0,0,0,0,3750,0,0,0,0,0,0,0,0,0,0,0,0,0,0,0,0,0,0,55.0,55.0,55.0,0.0,50.0,50.0,50.0,0.0,60.0,60.0,60.0,0.0,10.0,0.18181818181818182,124127.0,123007.0,-0.5320518501212468,-0.9510565162951535,-0.30901699437494756,31025,0.5341310148919687,0.0
Pumpkin,vegetable,2082,11,8,falgun,54065,50.0,60.0,55.0,kg,kg,False,2973575.0,True,54065,0,0.6594839544992139,10,True,16170,0,0,0,0,0,0,2240,0,0,35655,0,0,0,0,0,0,0,0,0,0,0,0,0,0,0,0,0,0,0,0,0,0,0,0,55.0,55.0,55.0,0.0,50.0,50.0,50.0,0.0,60.0,60.0,60.0,0.0,10.0,0.18181818181818182,58085.0,58085.0,-0.06920891796505121,-0.9510565162951536,0.30901699437494723,35655,0.6594839544992139,0.0
Pumpkin,vegetable,2082,12,9,chaitra,93265,50.0,60.0,55.0,kg,kg,False,5129575.0,True,93265,0,0.627084115155739,10,True,24645,0,0,0,0,0,0,2240,0,0,58485,0,0,0,0,0,0,0,0,0,0,3985,0,0,0,0,0,0,0,0,0,0,0,0,3910,55.0,55.0,55.0,0.0,50.0,50.0,50.0,0.0,60.0,60.0,60.0,0.0,10.0,0.18181818181818182,54065.0,54065.0,0.7250531767317119,-0.5877852522924732,0.8090169943749473,58485,0.627084115155739,0.0
Pumpkin,vegetable,2083,1,10,baishakh,69155,30.0,60.0,54.13,kg,kg,False,3743360.15,True,69155,0,0.7233027257609718,10,True,10150,0,0,0,0,0,0,0,2270,0,50020,0,0,0,0,1150,0,0,0,0,0,3875,0,0,0,0,0,0,0,0,0,0,0,0,1690,55.0,55.0,55.0,0.0,50.0,50.0,50.0,0.0,60.0,60.0,60.0,0.0,30.0,0.5542213190467393,93265.0,93265.0,-0.25851069533050985,-2.4492935982947064e-16,1.0,50020,0.7233027257609718,0.0
Pumpkin_Green,vegetable,2082,4,1,shrawan,194504,60.0,70.0,65.0,kg,kg,False,12642760.0,True,194504,0,0.0280199893061325,10,True,3790,0,0,0,0,0,0,51493,5560,0,5450,0,0,0,0,0,72545,0,0,0,0,48421,0,0,0,0,0,0,0,0,0,0,0,0,7245,,,,,,,,,,,,,10.0,0.15384615384615385,,,,0.5877852522924731,0.8090169943749475,5450,0.02801998930613252,0.0
Pumpkin_Green,vegetable,2082,5,2,bhadra,151853,60.0,70.0,65.0,kg,kg,False,9870445.0,True,151853,0,0.0557117738865876,10,True,0,0,0,0,0,0,0,28630,8440,6320,8460,0,0,0,0,1680,52752,0,0,0,0,34591,0,0,1580,0,0,0,0,0,0,0,0,540,8860,65.0,,65.0,,60.0,,60.0,,70.0,,70.0,,10.0,0.15384615384615385,194504.0,194504.0,-0.21928083741208407,0.9510565162951535,0.30901699437494745,8460,0.055711773886587684,0.0
Pumpkin_Green,vegetable,2082,6,3,ashwin,104065,50.0,80.0,66.25,kg,kg,False,6894306.25,False,107145,-3080,0.0,10,True,0,0,0,0,0,0,0,23085,2250,18675,0,0,0,0,0,6160,36880,0,0,0,0,16200,0,0,1875,0,0,0,0,0,0,0,0,0,2020,65.0,65.0,65.0,0.0,60.0,60.0,60.0,0.0,70.0,70.0,70.0,0.0,30.0,0.4528301886792453,151853.0,151853.0,-0.31469908398253577,0.9510565162951536,-0.30901699437494734,0,0.0,0.0
Pumpkin_Green,vegetable,2082,7,4,kartik,128770,50.0,100.0,69.74,kg,kg,False,8980419.8,True,128770,0,0.0223266288731847,10,True,2240,0,0,0,0,0,0,31280,0,8960,2875,0,0,0,0,1150,34875,0,0,0,0,47390,0,0,0,0,0,0,0,0,0,0,0,0,0,66.25,65.0,65.41666666666667,0.7216878364870302,50.0,60.0,56.666666666666664,5.773502691896256,80.0,70.0,73.33333333333333,5.77350269189626,50.0,0.7169486664754804,104065.0,107145.0,0.23739970210925865,0.5877852522924732,-0.8090169943749473,2875,0.022326628873184748,0.0
Pumpkin_Green,vegetable,2082,8,5,mangsir,147119,70.0,120.0,86.84,kg,kg,False,12775813.96,True,147119,0,0.0,10,True,8020,0,0,0,0,0,0,26334,1140,1540,0,0,0,0,0,540,41085,0,0,0,0,68460,0,0,0,0,0,0,0,0,0,0,0,0,0,69.74,66.25,66.99666666666667,2.4566304836774506,50.0,50.0,53.333333333333336,5.773502691896256,100.0,80.0,83.33333333333333,15.27525231651947,50.0,0.5757715338553662,128770.0,128770.0,0.142494369806632,1.2246467991473532e-16,-1.0,0,0.0,0.0
Pumpkin_Green,vegetable,2082,9,6,poush,83165,70.0,90.0,80.0,kg,kg,False,6653200.0,True,83165,0,0.0,10,True,0,0,0,0,0,0,0,2580,0,0,0,0,0,0,0,0,22670,0,0,0,0,57915,0,0,0,0,0,0,0,0,0,0,0,0,0,86.84,69.74,74.27666666666666,11.019212010544733,70.0,50.0,56.666666666666664,11.547005383792516,120.0,100.0,100.0,20.000000000000004,20.0,0.25,147119.0,147119.0,-0.4347093169475051,-0.587785252292473,-0.8090169943749475,0,0.0,0.0
Pumpkin_Green,vegetable,2082,10,7,magh,62275,30.0,90.0,57.29,kg,kg,False,3567734.75,True,62275,0,0.0,10,True,1150,0,0,0,0,0,0,0,0,0,0,0,0,0,0,0,16790,0,0,0,0,44335,0,0,0,0,0,0,0,0,0,0,0,0,0,80.0,86.84,78.86,8.606811256208648,70.0,70.0,63.333333333333336,11.547005383792516,90.0,120.0,103.33333333333333,15.275252316519468,60.0,1.0473031942747426,83165.0,83165.0,-0.251187398545061,-0.9510565162951535,-0.30901699437494756,0,0.0,0.0
Pumpkin_Green,vegetable,2082,11,8,falgun,70795,30.0,60.0,45.56,kg,kg,False,3225420.2,True,70795,0,0.0,10,True,0,0,0,0,0,0,0,0,0,0,0,0,0,0,0,0,25180,0,0,0,0,45615,0,0,0,0,0,0,0,0,0,0,0,0,0,57.29,80.0,74.71,15.468959241009072,30.0,70.0,56.666666666666664,23.09401076758503,90.0,90.0,100.0,17.320508075688775,30.0,0.6584723441615452,62275.0,62275.0,0.13681252509032518,-0.9510565162951536,0.30901699437494723,0,0.0,0.0
Pumpkin_Green,vegetable,2082,12,9,chaitra,137205,30.0,70.0,60.45,kg,kg,False,8294042.25,True,137205,0,0.0216828832768485,10,True,0,0,0,0,0,0,0,6920,0,2540,2975,0,0,0,0,0,56040,0,0,0,0,68730,0,0,0,0,0,0,0,0,0,0,0,0,0,45.56,57.29,60.95000000000001,17.50928610766299,30.0,30.0,43.333333333333336,23.09401076758503,60.0,90.0,80.0,17.320508075688775,40.0,0.661703887510339,70795.0,70795.0,0.9380605974998234,-0.5877852522924732,0.8090169943749473,2975,0.021682883276848513,0.0
Pumpkin_Green,vegetable,2083,1,10,baishakh,149795,40.0,70.0,52.39,kg,kg,False,7847760.05,True,149795,0,0.0498013952401615,10,True,4115,0,0,0,0,0,0,29410,2090,0,7460,0,3580,0,0,0,58605,0,0,0,0,43415,0,0,0,0,0,0,0,0,0,0,0,0,1120,60.45,45.56,54.43333333333334,7.845280959489831,30.0,30.0,30.0,0.0,70.0,60.0,73.33333333333333,15.27525231651947,30.0,0.5726283641916396,137205.0,137205.0,0.09176050435479756,-2.4492935982947064e-16,1.0,7460,0.049801395240161556,0.02389932908308021
Pumpkin_Leaf,vegetable,2082,4,1,shrawan,6190,30.0,50.0,39.4,mutha,mutha,False,243886.0,True,6190,0,0.0,7,False,0,0,0,0,0,0,0,0,0,0,0,0,0,0,0,0,6190,0,0,0,0,0,0,0,0,0,0,0,0,0,0,0,0,0,0,,,,,,,,,,,,,20.0,0.5076142131979695,,,,0.5877852522924731,0.8090169943749475,0,0.0,0.0
Pumpkin_Leaf,vegetable,2082,5,2,bhadra,2470,30.0,70.0,48.69,mutha,mutha,False,120264.3,True,2470,0,0.0,7,False,0,0,0,0,0,0,0,0,0,0,0,0,0,0,0,0,2470,0,0,0,0,0,0,0,0,0,0,0,0,0,0,0,0,0,0,39.4,,39.4,,30.0,,30.0,,50.0,,50.0,,40.0,0.8215239268843706,6190.0,6190.0,-0.6009693053311793,0.9510565162951535,0.30901699437494745,0,0.0,0.0
Pumpkin_Leaf,vegetable,2082,6,3,ashwin,530,60.0,100.0,86.88,mutha,mutha,False,46046.4,True,530,0,0.0,7,False,0,0,0,0,0,0,0,0,0,0,0,0,0,0,0,0,530,0,0,0,0,0,0,0,0,0,0,0,0,0,0,0,0,0,0,48.69,39.4,44.045,6.5690219972230235,30.0,30.0,30.0,0.0,70.0,50.0,60.0,14.142135623730951,40.0,0.46040515653775327,2470.0,2470.0,-0.7854251012145749,0.9510565162951536,-0.30901699437494734,0,0.0,0.0
Pumpkin_Leaf,vegetable,2082,7,4,kartik,0,60.0,100.0,71.43,mutha,mutha,False,0.0,True,0,0,,7,False,0,0,0,0,0,0,0,0,0,0,0,0,0,0,0,0,0,0,0,0,0,0,0,0,0,0,0,0,0,0,0,0,0,0,0,86.88,48.69,58.32333333333333,25.16323574847506,60.0,30.0,40.0,17.320508075688775,100.0,70.0,73.33333333333333,25.166114784235834,40.0,0.5599888002239954,530.0,530.0,-1.0,0.5877852522924732,-0.8090169943749473,0,0.0,0.0
Pumpkin_Leaf,vegetable,2082,11,8,falgun,25,,,95.0,mutha,mutha,False,2375.0,True,25,0,0.0,7,False,0,0,0,0,0,0,0,0,0,0,0,0,0,0,0,0,25,0,0,0,0,0,0,0,0,0,0,0,0,0,0,0,0,0,0,71.43,86.88,69.0,19.210614253583874,60.0,60.0,50.0,17.320508075688775,100.0,100.0,90.0,17.320508075688778,,,0.0,0.0,,-0.9510565162951536,0.30901699437494723,0,0.0,0.0
Pumpkin_Leaf,vegetable,2082,12,9,chaitra,806,,,75.0,mutha,mutha,False,60450.0,True,806,0,0.0186104218362282,7,False,0,0,0,0,0,0,0,0,0,0,15,0,0,0,0,0,791,0,0,0,0,0,0,0,0,0,0,0,0,0,0,0,0,0,0,95.0,71.43,84.43666666666667,11.973455363149482,,60.0,60.0,0.0,,100.0,100.0,0.0,,,25.0,25.0,31.24,-0.5877852522924732,0.8090169943749473,15,0.018610421836228287,0.0
Pumpkin_Leaf,vegetable,2083,1,10,baishakh,2568,60.0,80.0,70.0,mutha,mutha,False,179760.0,True,2568,0,0.0934579439252336,7,False,0,0,0,0,0,0,0,0,0,0,240,0,0,0,0,0,1983,0,0,0,0,345,0,0,0,0,0,0,0,0,0,0,0,0,0,75.0,95.0,80.47666666666667,12.703607099297946,,,60.0,,,,100.0,,20.0,0.2857142857142857,806.0,806.0,2.1861042183622827,-2.4492935982947064e-16,1.0,240,0.09345794392523364,0.0
Radish_Red,vegetable,2082,4,1,shrawan,3905,100.0,150.0,117.0,kg,kg,False,456885.0,True,3905,0,0.0,10,True,0,0,0,0,0,0,0,0,0,1060,0,0,240,0,0,0,2605,0,0,0,0,0,0,0,0,0,0,0,0,0,0,0,0,0,0,,,,,,,,,,,,,50.0,0.42735042735042733,,,,0.5877852522924731,0.8090169943749475,0,0.0,0.06145966709346991
Radish_Red,vegetable,2082,5,2,bhadra,1105,100.0,150.0,112.78,kg,kg,False,124621.9,True,1105,0,0.0,10,True,0,0,0,0,0,0,0,0,0,750,0,0,150,0,0,0,205,0,0,0,0,0,0,0,0,0,0,0,0,0,0,0,0,0,0,117.0,,117.0,,100.0,,100.0,,150.0,,150.0,,50.0,0.44334101791097713,3905.0,3905.0,-0.7170294494238156,0.9510565162951535,0.30901699437494745,0,0.0,0.13574660633484162
Radish_Red,vegetable,2082,6,3,ashwin,0,80.0,150.0,124.06,kg,kg,False,0.0,True,0,0,,10,True,0,0,0,0,0,0,0,0,0,0,0,0,0,0,0,0,0,0,0,0,0,0,0,0,0,0,0,0,0,0,0,0,0,0,0,112.78,117.0,114.89,2.98399061660723,100.0,100.0,100.0,0.0,150.0,150.0,150.0,0.0,70.0,0.5642431081734645,1105.0,1105.0,-1.0,0.9510565162951536,-0.30901699437494734,0,0.0,0.0
Radish_Red,vegetable,2082,7,4,kartik,3290,100.0,150.0,114.21,kg,kg,False,375750.9,True,3290,0,0.0,10,True,0,0,0,0,0,0,0,0,0,210,0,0,480,0,0,0,2060,0,0,0,0,540,0,0,0,0,0,0,0,0,0,0,0,0,0,124.06,112.78,117.94666666666667,5.699274807669246,80.0,100.0,93.33333333333333,11.547005383792513,150.0,150.0,150.0,0.0,50.0,0.43779003589878296,0.0,0.0,,0.5877852522924732,-0.8090169943749473,0,0.0,0.1458966565349544
Radish_Red,vegetable,2082,8,5,mangsir,7640,100.0,120.0,110.0,kg,kg,False,840400.0,True,7640,0,0.0,10,True,0,0,0,0,0,0,0,0,0,0,0,0,1290,0,0,0,2500,0,0,0,0,3850,0,0,0,0,0,0,0,0,0,0,0,0,0,114.21,124.06,117.01666666666667,6.141468336915317,100.0,80.0,93.33333333333333,11.547005383792513,150.0,150.0,150.0,0.0,20.0,0.18181818181818182,3290.0,3290.0,1.3221884498480243,1.2246467991473532e-16,-1.0,0,0.0,0.168848167539267
Radish_Red,vegetable,2082,9,6,poush,10250,80.0,100.0,90.0,kg,kg,False,922500.0,True,10250,0,0.0,10,True,0,0,0,0,0,0,0,0,0,0,0,0,0,0,0,0,6260,0,0,0,0,3990,0,0,0,0,0,0,0,0,0,0,0,0,0,110.0,114.21,116.08999999999999,7.216072338883537,100.0,100.0,93.33333333333333,11.547005383792513,120.0,150.0,140.0,17.320508075688775,20.0,0.2222222222222222,7640.0,7640.0,0.3416230366492147,-0.587785252292473,-0.8090169943749475,0,0.0,0.0
Radish_Red,vegetable,2082,10,7,magh,5250,60.0,120.0,91.14,kg,kg,False,478485.0,True,5250,0,0.0,10,True,0,0,0,0,0,0,0,0,0,0,0,0,210,0,0,0,2890,0,0,0,0,2150,0,0,0,0,0,0,0,0,0,0,0,0,0,90.0,110.0,104.73666666666666,12.934760660071522,80.0,100.0,93.33333333333333,11.547005383792513,100.0,120.0,123.33333333333333,25.16611478423583,60.0,0.6583278472679395,10250.0,10250.0,-0.4878048780487805,-0.9510565162951535,-0.30901699437494756,0,0.0,0.04
Radish_Red,vegetable,2082,11,8,falgun,10830,60.0,120.0,92.22,kg,kg,False,998742.6,True,10830,0,0.0,10,True,0,0,0,0,0,0,0,0,0,0,0,0,120,0,0,0,8400,0,0,0,0,2310,0,0,0,0,0,0,0,0,0,0,0,0,0,91.14,90.0,97.04666666666667,11.232387695113372,60.0,80.0,80.0,20.0,120.0,100.0,113.33333333333333,11.547005383792508,60.0,0.6506180871828237,5250.0,5250.0,1.062857142857143,-0.9510565162951536,0.30901699437494723,0,0.0,0.0110803324099723
Radish_Red,vegetable,2082,12,9,chaitra,2518,80.0,100.0,90.0,kg,kg,False,226620.0,True,2518,0,0.0,10,True,0,0,0,0,0,0,0,0,0,0,0,0,0,0,0,0,2168,0,0,0,0,350,0,0,0,0,0,0,0,0,0,0,0,0,0,92.22,91.14,91.12,1.1101351269107833,60.0,60.0,66.66666666666667,11.547005383792515,120.0,120.0,113.33333333333333,11.547005383792508,20.0,0.2222222222222222,10830.0,10830.0,-0.7674976915974145,-0.5877852522924732,0.8090169943749473,0,0.0,0.0
Radish_Red,vegetable,2083,1,10,baishakh,2260,80.0,100.0,90.0,kg,kg,False,203400.0,True,2260,0,0.0,10,True,0,0,0,0,0,0,0,0,0,0,0,0,0,0,0,0,2260,0,0,0,0,0,0,0,0,0,0,0,0,0,0,0,0,0,0,90.0,92.22,91.12,1.1101351269107833,80.0,60.0,66.66666666666667,11.547005383792515,100.0,120.0,113.33333333333333,11.547005383792508,20.0,0.2222222222222222,2518.0,2518.0,-0.10246227164416204,-2.4492935982947064e-16,1.0,0,0.0,0.0
Radish_White,vegetable,2082,4,1,shrawan,187558,50.0,70.0,55.4,kg,kg,False,10390713.2,True,187558,0,0.0,10,True,0,0,0,0,0,0,0,0,0,177120,0,0,8750,0,0,0,1688,0,0,0,0,0,0,0,0,0,0,0,0,0,0,0,0,0,0,,,,,,,,,,,,,20.0,0.36101083032490977,,,,0.5877852522924731,0.8090169943749475,0,0.0,0.04665223557512876
Radish_White,vegetable,2082,5,2,bhadra,114650,30.0,70.0,50.83,kg,kg,False,5827659.5,True,114650,0,0.0,10,True,0,0,0,0,0,0,0,0,0,114650,0,0,0,0,0,0,0,0,0,0,0,0,0,0,0,0,0,0,0,0,0,0,0,0,0,55.4,,55.4,,50.0,,50.0,,70.0,,70.0,,40.0,0.7869368483179225,187558.0,187558.0,-0.38872242186417,0.9510565162951535,0.30901699437494745,0,0.0,0.0
Radish_White,vegetable,2082,6,3,ashwin,96026,60.0,120.0,91.56,kg,kg,False,8792140.56,True,96026,0,0.0,10,True,0,0,0,0,0,0,0,0,0,90182,0,0,800,0,0,0,1394,0,0,0,0,0,0,3650,0,0,0,0,0,0,0,0,0,0,0,50.83,55.4,53.114999999999995,3.23147799002252,30.0,50.0,40.0,14.142135623730951,70.0,70.0,70.0,0.0,60.0,0.655307994757536,114650.0,114650.0,-0.16244221543829046,0.9510565162951536,-0.30901699437494734,0,0.0,0.008331076999979172
Radish_White,vegetable,2082,7,4,kartik,164370,60.0,120.0,84.74,kg,kg,False,13928713.8,True,164370,0,0.0,10,True,0,0,0,0,0,0,0,14410,0,115645,0,0,0,0,0,0,20300,0,0,0,0,10765,0,3250,0,0,0,0,0,0,0,0,0,0,0,91.56,50.83,65.92999999999999,22.313536250446727,60.0,30.0,46.666666666666664,15.275252316519468,120.0,70.0,86.66666666666667,28.867513459481287,60.0,0.7080481472740147,96026.0,96026.0,0.7117239081082207,0.5877852522924732,-0.8090169943749473,0,0.0,0.0
Radish_White,vegetable,2082,8,5,mangsir,230586,40.0,90.0,66.84,kg,kg,False,15412368.24,True,230586,0,0.0598041511626898,10,True,0,0,0,0,11335,0,0,38480,0,31675,13790,0,4520,0,0,0,40390,0,0,0,0,77891,0,12185,0,0,0,0,0,0,0,0,0,0,320,84.74,91.56,75.71,21.81487795060977,60.0,60.0,50.0,17.320508075688775,120.0,120.0,103.33333333333333,28.867513459481287,50.0,0.7480550568521843,164370.0,164370.0,0.402847234896879,1.2246467991473532e-16,-1.0,13790,0.05980415116268984,0.019602230837952
Radish_White,vegetable,2082,9,6,poush,329939,25.0,35.0,30.0,kg,kg,False,9898170.0,True,329939,0,0.0064860474208868,10,True,0,0,0,0,16635,0,0,13555,0,0,2140,0,0,0,0,0,80745,0,0,0,0,213624,0,3240,0,0,0,0,0,0,0,0,0,0,0,66.84,84.74,81.04666666666667,12.767150556538986,40.0,60.0,53.333333333333336,11.547005383792516,90.0,120.0,110.0,17.320508075688775,10.0,0.3333333333333333,230586.0,230586.0,0.4308717788590808,-0.587785252292473,-0.8090169943749475,2140,0.006486047420886891,0.0
Radish_White,vegetable,2082,10,7,magh,228884,20.0,35.0,26.36,kg,kg,False,6033382.24,True,228884,0,0.0,10,True,0,0,0,0,17460,0,0,0,0,0,0,0,0,0,0,0,74749,0,0,0,0,136675,0,0,0,0,0,0,0,0,0,0,0,0,0,30.0,66.84,60.526666666666664,27.910760171183682,25.0,40.0,41.666666666666664,17.559422921421234,35.0,90.0,81.66666666666667,43.10839052125854,15.0,0.5690440060698028,329939.0,329939.0,-0.3062838888400583,-0.9510565162951535,-0.30901699437494756,0,0.0,0.0
Radish_White,vegetable,2082,11,8,falgun,223585,,,26.81,kg,kg,False,5994313.85,True,223585,0,0.0,10,True,0,0,0,0,14970,0,0,0,0,0,0,0,18730,0,0,0,74755,0,0,0,0,115130,0,0,0,0,0,0,0,0,0,0,0,0,0,26.36,30.0,41.06666666666667,22.394439786101675,20.0,25.0,28.333333333333332,10.408329997330663,35.0,35.0,53.333333333333336,31.754264805429425,,,228884.0,228884.0,-0.023151465371105014,-0.9510565162951536,0.30901699437494723,0,0.0,0.08377127267034909
Radish_White,vegetable,2082,12,9,chaitra,340255,30.0,70.0,46.48,kg,kg,False,15815052.4,True,340255,0,0.0361199688468942,10,True,0,0,0,0,2240,0,0,0,0,29165,12290,0,149600,0,0,0,87885,0,0,0,0,59075,0,0,0,0,0,0,0,0,0,0,0,0,0,26.81,26.36,27.723333333333333,1.9844478661163423,,20.0,22.5,3.5355339059327338,,35.0,35.0,0.0,40.0,0.8605851979345955,223585.0,223585.0,0.521814969698325,-0.5877852522924732,0.8090169943749473,12290,0.036119968846894245,0.4396702473145141
Radish_White,vegetable,2083,1,10,baishakh,177618,30.0,50.0,42.28,kg,kg,False,7509689.04,True,177618,0,0.0,10,True,0,0,0,0,0,0,0,0,5540,90120,0,0,23620,0,0,0,49218,0,0,0,0,9120,0,0,0,0,0,0,0,0,0,0,0,0,0,46.48,26.81,33.21666666666666,11.488587090383815,30.0,,25.0,7.071067811865473,70.0,,52.5,24.748737341529193,20.0,0.47303689687795647,340255.0,340255.0,-0.4779856284257395,-2.4492935982947064e-16,1.0,0,0.0,0.1329820175883075
Rajma,vegetable,2082,5,2,bhadra,540,,,150.0,kg,kg,False,81000.0,True,540,0,0.0,9,False,0,0,0,0,0,0,0,540,0,0,0,0,0,0,0,0,0,0,0,0,0,0,0,0,0,0,0,0,0,0,0,0,0,0,0,,,,,,,,,,,,,,,,,,0.9510565162951535,0.30901699437494745,0,0.0,0.0
Rajma,vegetable,2082,6,3,ashwin,4620,280.0,300.0,290.0,kg,kg,False,1339800.0,True,4620,0,0.0,9,False,0,0,0,0,0,0,0,2830,120,0,0,0,0,0,0,0,0,0,0,0,0,1670,0,0,0,0,0,0,0,0,0,0,0,0,0,150.0,,150.0,,,,,,,,,,20.0,0.06896551724137931,540.0,540.0,7.555555555555555,0.9510565162951536,-0.30901699437494734,0,0.0,0.0
Rajma,vegetable,2082,7,4,kartik,32065,200.0,300.0,270.26,kg,kg,False,8665886.9,True,32065,0,0.0,9,False,0,0,0,0,0,0,0,21105,210,0,0,0,0,0,0,0,0,0,0,0,0,10750,0,0,0,0,0,0,0,0,0,0,0,0,0,290.0,150.0,220.0,98.99494936611666,280.0,,280.0,,300.0,,300.0,,100.0,0.3700140605343003,4620.0,4620.0,5.940476190476191,0.5877852522924732,-0.8090169943749473,0,0.0,0.0
Rajma,vegetable,2082,8,5,mangsir,42760,200.0,280.0,218.42,kg,kg,False,9339639.2,True,42760,0,0.0,9,False,0,0,0,0,0,0,0,25550,320,0,0,0,0,0,0,0,0,0,0,0,0,16890,0,0,0,0,0,0,0,0,0,0,0,0,0,270.26,290.0,236.75333333333333,75.77613432561292,200.0,280.0,240.0,56.568542494923804,300.0,300.0,300.0,0.0,80.0,0.366266825382291,32065.0,32065.0,0.33354124434741933,1.2246467991473532e-16,-1.0,0,0.0,0.0
Rajma,vegetable,2082,9,6,poush,28064,180.0,250.0,191.59,kg,kg,False,5376781.76,False,177754,-149690,0.0,9,False,0,0,0,0,0,0,0,11429,0,0,0,0,0,0,0,0,0,0,0,0,0,166325,0,0,0,0,0,0,0,0,0,0,0,0,0,218.42,270.26,259.56,36.970144711645375,200.0,200.0,226.66666666666666,46.18802153517006,280.0,300.0,293.3333333333333,11.547005383792508,70.0,0.36536353671903543,42760.0,42760.0,-0.34368568755846585,-0.587785252292473,-0.8090169943749475,0,0.0,0.0
Rajma,vegetable,2082,10,7,magh,29855,100.0,200.0,172.57,kg,kg,False,5152077.35,True,29855,0,0.0931167308658516,9,False,0,0,0,0,0,0,0,6540,0,0,2780,0,0,0,0,0,6450,0,0,0,0,14085,0,0,0,0,0,0,0,0,0,0,0,0,0,191.59,218.42,226.75666666666666,39.99208963449314,180.0,200.0,193.33333333333334,11.54700538379248,250.0,280.0,276.6666666666667,25.166114784235834,100.0,0.5794749956539376,28064.0,177754.0,0.06381841505131129,-0.9510565162951535,-0.30901699437494756,2780,0.09311673086585162,0.0
Rajma,vegetable,2082,11,8,falgun,26010,100.0,180.0,147.22,kg,kg,False,3829192.2,True,26010,0,0.279123414071511,9,False,0,0,0,0,0,0,0,2980,0,0,7260,0,0,0,0,0,0,0,0,0,0,15770,0,0,0,0,0,0,0,0,0,0,0,0,0,172.57,191.59,194.1933333333333,23.035594920325675,100.0,180.0,160.0,52.915026221291804,200.0,250.0,243.33333333333334,40.41451884327381,80.0,0.5434044287460943,29855.0,29855.0,-0.12878914754647464,-0.9510565162951536,0.30901699437494723,7260,0.279123414071511,0.0
Rajma,vegetable,2082,12,9,chaitra,54655,100.0,150.0,135.83,kg,kg,False,7423788.65,True,54655,0,0.3029914920867258,9,False,0,0,0,0,0,0,0,14630,0,0,16560,0,0,0,0,0,0,0,0,0,0,23465,0,0,0,0,0,0,0,0,0,0,0,0,0,147.22,172.57,170.46,22.260128031976823,100.0,100.0,126.66666666666667,46.18802153517005,180.0,200.0,210.0,36.055512754639906,50.0,0.36810719281454757,26010.0,26010.0,1.1013071895424837,-0.5877852522924732,0.8090169943749473,16560,0.3029914920867258,0.0
Rajma,vegetable,2083,1,10,baishakh,12025,,,124.6,kg,kg,False,1498315.0,True,12025,0,0.0,9,False,0,0,0,0,0,0,0,5530,0,0,0,0,420,0,0,0,0,0,0,0,0,6075,0,0,0,0,0,0,0,0,0,0,0,0,0,135.83,147.22,151.87333333333333,18.806834750519098,100.0,100.0,100.0,0.0,150.0,180.0,176.66666666666666,25.16611478423585,,,54655.0,54655.0,-0.7799835330710823,-2.4492935982947064e-16,1.0,0,0.0,0.03492723492723493
Red_Grapes,fruit,2082,4,1,shrawan,3770,260.0,500.0,334.8,kg,kg,False,1262196.0,True,3770,0,1.0,8,False,0,0,0,0,0,3770,0,0,0,0,0,0,0,0,0,0,0,0,0,0,0,0,0,0,0,0,0,0,0,0,0,0,0,0,0,,,,,,,,,,,,,240.0,0.7168458781362007,,,,0.5877852522924731,0.8090169943749475,3770,1.0,0.0
Red_Grapes,fruit,2082,5,2,bhadra,3200,260.0,500.0,295.0,kg,kg,False,944000.0,True,3200,0,1.0,8,False,0,0,0,0,0,3200,0,0,0,0,0,0,0,0,0,0,0,0,0,0,0,0,0,0,0,0,0,0,0,0,0,0,0,0,0,334.8,,334.8,,260.0,,260.0,,500.0,,500.0,,240.0,0.8135593220338984,3770.0,3770.0,-0.15119363395225463,0.9510565162951535,0.30901699437494745,3200,1.0,0.0
Red_Grapes,fruit,2082,6,3,ashwin,1870,400.0,500.0,450.0,kg,kg,False,841500.0,True,1870,0,1.0,8,False,0,0,0,0,0,1870,0,0,0,0,0,0,0,0,0,0,0,0,0,0,0,0,0,0,0,0,0,0,0,0,0,0,0,0,0,295.0,334.8,314.9,28.14284989122458,260.0,260.0,260.0,0.0,500.0,500.0,500.0,0.0,100.0,0.2222222222222222,3200.0,3200.0,-0.415625,0.9510565162951536,-0.30901699437494734,1870,1.0,0.0
Red_Grapes,fruit,2082,8,5,mangsir,0,400.0,500.0,450.0,kg,kg,False,0.0,True,0,0,,8,False,0,0,0,0,0,0,0,0,0,0,0,0,0,0,0,0,0,0,0,0,0,0,0,0,0,0,0,0,0,0,0,0,0,0,0,450.0,295.0,359.93333333333334,80.49853000728233,400.0,260.0,306.6666666666667,80.8290376865476,500.0,500.0,500.0,0.0,100.0,0.2222222222222222,1870.0,1870.0,-1.0,1.2246467991473532e-16,-1.0,0,0.0,0.0
Red_Grapes,fruit,2082,10,7,magh,0,300.0,500.0,446.11,kg,kg,False,0.0,True,0,0,,8,False,0,0,0,0,0,0,0,0,0,0,0,0,0,0,0,0,0,0,0,0,0,0,0,0,0,0,0,0,0,0,0,0,0,0,0,450.0,450.0,398.3333333333333,89.489291724392,400.0,400.0,353.3333333333333,80.8290376865476,500.0,500.0,500.0,0.0,200.0,0.44831992109569385,0.0,0.0,,-0.9510565162951535,-0.30901699437494756,0,0.0,0.0
Red_Grapes,fruit,2082,11,8,falgun,0,300.0,500.0,442.63,kg,kg,False,0.0,True,0,0,,8,False,0,0,0,0,0,0,0,0,0,0,0,0,0,0,0,0,0,0,0,0,0,0,0,0,0,0,0,0,0,0,0,0,0,0,0,446.11,450.0,448.7033333333334,2.245892547148033,300.0,400.0,366.6666666666667,57.73502691896259,500.0,500.0,500.0,0.0,200.0,0.45184465580733346,0.0,0.0,,-0.9510565162951536,0.30901699437494723,0,0.0,0.0
Red_Grapes,fruit,2082,12,9,chaitra,0,400.0,500.0,450.0,kg,kg,False,0.0,True,0,0,,8,False,0,0,0,0,0,0,0,0,0,0,0,0,0,0,0,0,0,0,0,0,0,0,0,0,0,0,0,0,0,0,0,0,0,0,0,442.63,446.11,446.24666666666667,3.6869002337105377,300.0,300.0,333.3333333333333,57.73502691896259,500.0,500.0,500.0,0.0,100.0,0.2222222222222222,0.0,0.0,,-0.5877852522924732,0.8090169943749473,0,0.0,0.0
Red_Grapes,fruit,2083,1,10,baishakh,0,400.0,500.0,450.0,kg,kg,False,0.0,True,0,0,,8,False,0,0,0,0,0,0,0,0,0,0,0,0,0,0,0,0,0,0,0,0,0,0,0,0,0,0,0,0,0,0,0,0,0,0,0,450.0,442.63,446.24666666666667,3.6869002337105377,400.0,300.0,333.3333333333333,57.73502691896259,500.0,500.0,500.0,0.0,100.0,0.2222222222222222,0.0,0.0,,-2.4492935982947064e-16,1.0,0,0.0,0.0
Sajiwan,vegetable,2082,4,1,shrawan,1055,250.0,280.0,265.0,kg,kg,False,279575.0,True,1055,0,0.3554502369668246,9,False,0,0,0,0,630,0,0,0,0,0,375,0,0,0,0,0,0,0,0,0,0,0,0,0,0,0,0,0,0,0,50,0,0,0,0,,,,,,,,,,,,,30.0,0.11320754716981132,,,,0.5877852522924731,0.8090169943749475,375,0.35545023696682465,0.0
Sajiwan,vegetable,2082,5,2,bhadra,440,200.0,280.0,232.5,kg,kg,False,102300.0,True,440,0,0.75,9,False,0,0,0,0,0,0,0,0,0,0,330,0,0,0,0,0,0,0,0,0,0,0,0,0,0,0,0,0,0,0,110,0,0,0,0,265.0,,265.0,,250.0,,250.0,,280.0,,280.0,,80.0,0.34408602150537637,1055.0,1055.0,-0.5829383886255924,0.9510565162951535,0.30901699437494745,330,0.75,0.0
Sajiwan,vegetable,2082,6,3,ashwin,0,250.0,280.0,265.0,kg,kg,False,0.0,True,0,0,,9,False,0,0,0,0,0,0,0,0,0,0,0,0,0,0,0,0,0,0,0,0,0,0,0,0,0,0,0,0,0,0,0,0,0,0,0,232.5,265.0,248.75,22.980970388562795,200.0,250.0,225.0,35.35533905932738,280.0,280.0,280.0,0.0,30.0,0.11320754716981132,440.0,440.0,-1.0,0.9510565162951536,-0.30901699437494734,0,0.0,0.0
Sajiwan,vegetable,2082,7,4,kartik,0,250.0,280.0,265.0,kg,kg,False,0.0,True,0,0,,9,False,0,0,0,0,0,0,0,0,0,0,0,0,0,0,0,0,0,0,0,0,0,0,0,0,0,0,0,0,0,0,0,0,0,0,0,265.0,232.5,254.16666666666666,18.76388374866284,250.0,200.0,233.33333333333334,28.867513459481287,280.0,280.0,280.0,0.0,30.0,0.11320754716981132,0.0,0.0,,0.5877852522924732,-0.8090169943749473,0,0.0,0.0
Sajiwan,vegetable,2082,8,5,mangsir,84,250.0,300.0,274.42,kg,kg,False,23051.28,True,84,0,0.0,9,False,0,0,0,0,0,0,0,0,0,0,0,0,0,0,0,0,0,0,0,0,0,0,0,0,0,0,0,0,0,0,84,0,0,0,0,265.0,265.0,254.16666666666666,18.76388374866284,250.0,250.0,233.33333333333334,28.867513459481287,280.0,280.0,280.0,0.0,50.0,0.18220246337730486,0.0,0.0,,1.2246467991473532e-16,-1.0,0,0.0,0.0
Sajiwan,vegetable,2082,10,7,magh,295,250.0,300.0,282.5,kg,kg,False,83337.5,True,295,0,1.0,9,False,0,0,0,0,0,0,0,0,0,0,295,0,0,0,0,0,0,0,0,0,0,0,0,0,0,0,0,0,0,0,0,0,0,0,0,274.42,265.0,268.14000000000004,5.438639535766313,250.0,250.0,250.0,0.0,300.0,280.0,286.6666666666667,11.547005383792508,50.0,0.17699115044247787,84.0,84.0,2.511904761904762,-0.9510565162951535,-0.30901699437494756,295,1.0,0.0
Sajiwan,vegetable,2082,11,8,falgun,1250,250.0,300.0,282.5,kg,kg,False,353125.0,True,1250,0,1.0,9,False,0,0,0,0,0,0,0,0,0,0,1250,0,0,0,0,0,0,0,0,0,0,0,0,0,0,0,0,0,0,0,0,0,0,0,0,282.5,274.42,273.97333333333336,8.758546302516994,250.0,250.0,250.0,0.0,300.0,300.0,293.3333333333333,11.547005383792508,50.0,0.17699115044247787,295.0,295.0,3.23728813559322,-0.9510565162951536,0.30901699437494723,1250,1.0,0.0
Sajiwan,vegetable,2082,12,9,chaitra,10520,200.0,300.0,256.15,kg,kg,False,2694698.0,True,10520,0,0.5152091254752852,9,False,0,0,0,0,3210,0,0,0,0,0,5420,0,0,0,0,0,0,0,0,0,0,0,0,0,0,0,0,0,0,0,1890,0,0,0,0,282.5,282.5,279.8066666666667,4.664990175052342,250.0,250.0,250.0,0.0,300.0,300.0,300.0,0.0,100.0,0.39039625219597895,1250.0,1250.0,7.416,-0.5877852522924732,0.8090169943749473,5420,0.5152091254752852,0.0
Sajiwan,vegetable,2083,1,10,baishakh,2928,200.0,300.0,250.0,kg,kg,False,732000.0,True,2928,0,0.2663934426229508,9,False,0,0,0,0,1200,0,0,0,0,0,780,0,0,0,0,0,0,0,0,0,0,0,0,0,0,0,0,0,0,0,948,0,0,0,0,256.15,282.5,273.71666666666664,15.213179593146657,200.0,250.0,233.33333333333334,28.867513459481287,300.0,300.0,300.0,0.0,100.0,0.4,10520.0,10520.0,-0.7216730038022814,-2.4492935982947064e-16,1.0,780,0.26639344262295084,0.0
Sarifa,fruit,2082,4,1,shrawan,0,250.0,250.0,250.0,kg,kg,False,0.0,True,0,0,,4,False,0,0,0,0,0,0,0,0,0,0,0,0,0,0,0,0,0,0,0,0,0,0,0,0,0,0,0,0,0,0,0,0,0,0,0,,,,,,,,,,,,,0.0,0.0,,,,0.5877852522924731,0.8090169943749475,0,0.0,0.0
Sarifa,fruit,2082,7,4,kartik,1390,,,315.0,kg,kg,False,437850.0,True,1390,0,1.0,4,False,0,0,0,0,0,0,0,0,0,0,1390,0,0,0,0,0,0,0,0,0,0,0,0,0,0,0,0,0,0,0,0,0,0,0,0,250.0,,250.0,,250.0,,250.0,,250.0,,250.0,,,,0.0,0.0,,0.5877852522924732,-0.8090169943749473,1390,1.0,0.0
Sarifa,fruit,2082,8,5,mangsir,1170,,,250.0,kg,kg,False,292500.0,True,1170,0,1.0,4,False,0,0,0,0,0,0,0,0,0,0,1170,0,0,0,0,0,0,0,0,0,0,0,0,0,0,0,0,0,0,0,0,0,0,0,0,315.0,250.0,282.5,45.96194077712559,,250.0,250.0,,,250.0,250.0,,,,1390.0,1390.0,-0.15827338129496402,1.2246467991473532e-16,-1.0,1170,1.0,0.0
Sarifa,fruit,2082,9,6,poush,350,,,325.0,kg,kg,False,113750.0,False,0,350,,4,False,0,0,0,0,0,0,0,0,0,0,0,0,0,0,0,0,0,0,0,0,0,0,0,0,0,0,0,0,0,0,0,0,0,0,0,250.0,315.0,271.6666666666667,37.52776749732568,,,250.0,,,,250.0,,,,1170.0,1170.0,-0.7008547008547008,-0.587785252292473,-0.8090169943749475,0,0.0,0.0
Smooth_Gourd,vegetable,2082,4,1,shrawan,243003,20.0,80.0,45.8,kg,kg,False,11129537.4,True,243003,0,0.0,10,True,0,0,0,0,0,0,0,84563,3010,2920,0,0,0,0,0,0,80035,0,0,0,0,63455,0,0,0,0,0,0,0,0,0,0,0,1160,7860,,,,,,,,,,,,,60.0,1.310043668122271,,,,0.5877852522924731,0.8090169943749475,0,0.0,0.0
Smooth_Gourd,vegetable,2082,5,2,bhadra,143847,20.0,120.0,54.66,kg,kg,False,7862677.02,True,143847,0,0.0,10,True,0,0,0,0,0,0,0,42873,3040,4530,0,0,0,0,0,0,45809,0,0,0,0,38770,0,0,0,0,0,0,0,0,0,0,0,2670,6155,45.8,,45.8,,20.0,,20.0,,80.0,,80.0,,100.0,1.8294914013904136,243003.0,243003.0,-0.4080443451315416,0.9510565162951535,0.30901699437494745,0,0.0,0.0
Smooth_Gourd,vegetable,2082,6,3,ashwin,97065,100.0,180.0,125.94,kg,kg,False,12224366.1,True,97065,0,0.0149384433111832,10,True,0,0,0,0,0,0,0,39855,3200,0,1450,0,0,0,0,0,31155,0,0,0,0,18615,0,0,0,0,0,0,0,0,0,0,0,340,2450,54.66,45.8,50.23,6.264966081312811,20.0,20.0,20.0,0.0,120.0,80.0,100.0,28.284271247461902,80.0,0.6352231221216452,143847.0,143847.0,-0.32522054683100793,0.9510565162951536,-0.30901699437494734,1450,0.014938443311183228,0.0
Smooth_Gourd,vegetable,2082,7,4,kartik,92590,100.0,160.0,127.11,kg,kg,False,11769114.9,True,92590,0,0.0,10,True,0,0,0,0,0,0,0,45855,660,0,0,0,0,0,0,0,17775,0,0,0,0,27740,0,0,0,0,0,0,0,0,0,0,0,0,560,125.94,54.66,75.46666666666665,43.93509910462628,100.0,20.0,46.666666666666664,46.18802153517006,180.0,120.0,126.66666666666667,50.33222956847166,60.0,0.47203209818267644,97065.0,97065.0,-0.04610312677072065,0.5877852522924732,-0.8090169943749473,0,0.0,0.0
Smooth_Gourd,vegetable,2082,8,5,mangsir,87923,130.0,160.0,145.53,kg,kg,False,12795434.19,True,87923,0,0.0,10,True,0,0,0,0,0,0,0,48060,210,0,0,0,0,0,0,0,7948,0,0,0,0,31705,0,0,0,0,0,0,0,0,0,0,0,0,0,127.11,125.94,102.57,41.4954009499848,100.0,100.0,73.33333333333333,46.18802153517005,160.0,180.0,153.33333333333334,30.550504633038926,30.0,0.2061430632859204,92590.0,92590.0,-0.05040501134031753,1.2246467991473532e-16,-1.0,0,0.0,0.0
Smooth_Gourd,vegetable,2082,9,6,poush,70505,130.0,160.0,145.68,kg,kg,False,10271168.4,True,70505,0,0.0,10,True,0,0,0,0,0,0,0,24215,0,0,0,0,0,0,0,0,1990,0,0,0,0,44300,0,0,0,0,0,0,0,0,0,0,0,0,0,145.53,127.11,132.86,10.988125408821952,130.0,100.0,110.0,17.320508075688725,160.0,160.0,166.66666666666666,11.547005383792479,30.0,0.20593080724876442,87923.0,87923.0,-0.19810516019699054,-0.587785252292473,-0.8090169943749475,0,0.0,0.0
Smooth_Gourd,vegetable,2082,10,7,magh,28110,100.0,180.0,146.57,kg,kg,False,4120082.7,True,28110,0,0.0,10,True,0,0,0,0,0,0,0,1380,0,0,0,0,0,0,0,0,0,0,0,0,0,26730,0,0,0,0,0,0,0,0,0,0,0,0,0,145.68,145.53,139.44000000000003,10.67835661513504,130.0,130.0,120.0,17.32050807568871,160.0,160.0,160.0,0.0,80.0,0.5458142866889542,70505.0,70505.0,-0.601304871994894,-0.9510565162951535,-0.30901699437494756,0,0.0,0.0
Smooth_Gourd,vegetable,2082,11,8,falgun,34630,100.0,180.0,141.39,kg,kg,False,4896335.7,True,34630,0,0.0,10,True,0,0,0,0,0,0,0,0,0,0,0,0,0,0,0,0,0,0,0,0,0,34630,0,0,0,0,0,0,0,0,0,0,0,0,0,146.57,145.68,145.92666666666665,0.5621684207877955,100.0,130.0,120.0,17.32050807568871,180.0,160.0,166.66666666666666,11.547005383792479,80.0,0.5658108777141241,28110.0,28110.0,0.23194592671647102,-0.9510565162951536,0.30901699437494723,0,0.0,0.0
Smooth_Gourd,vegetable,2082,12,9,chaitra,132895,80.0,180.0,128.86,kg,kg,False,17124849.7,True,132895,0,0.0732909439783287,10,True,0,0,0,0,14200,0,0,26910,0,0,9740,0,0,0,0,0,340,0,0,0,0,81705,0,0,0,0,0,0,0,0,0,0,0,0,0,141.39,146.57,144.54666666666665,2.7697352460715927,100.0,100.0,110.0,17.320508075688725,180.0,180.0,173.33333333333334,11.547005383792479,100.0,0.7760360080707744,34630.0,34630.0,2.8375685821542014,-0.5877852522924732,0.8090169943749473,9740,0.07329094397832876,0.0
Smooth_Gourd,vegetable,2083,1,10,baishakh,145570,40.0,140.0,78.26,kg,kg,False,11392308.2,True,145570,0,0.0078312839183897,10,True,0,0,0,0,11425,0,0,60050,3020,0,1140,0,0,0,0,0,13600,0,0,0,0,56335,0,0,0,0,0,0,0,0,0,0,0,0,0,128.86,141.39,138.93999999999997,9.105652090871835,80.0,100.0,93.33333333333333,11.547005383792483,180.0,180.0,180.0,0.0,100.0,1.277791975466394,132895.0,132895.0,0.09537604876029948,-2.4492935982947064e-16,1.0,1140,0.007831283918389779,0.0
Snake_Gourd,vegetable,2082,4,1,shrawan,97831,40.0,60.0,48.6,kg,kg,False,4754586.6,True,97831,0,0.0,9,False,0,0,0,0,0,0,0,42952,3856,180,0,0,0,0,0,0,8663,0,0,0,0,37580,0,0,0,0,0,0,0,0,0,0,0,0,4600,,,,,,,,,,,,,20.0,0.411522633744856,,,,0.5877852522924731,0.8090169943749475,0,0.0,0.0
Snake_Gourd,vegetable,2082,5,2,bhadra,58915,40.0,80.0,57.15,kg,kg,False,3366992.25,True,58915,0,0.0338623440549944,9,False,0,0,0,0,0,0,0,26320,1810,1170,1995,0,0,0,0,0,5275,0,0,0,0,18975,0,0,0,0,0,0,0,0,0,0,0,0,3370,48.6,,48.6,,40.0,,40.0,,60.0,,60.0,,40.0,0.699912510936133,97831.0,97831.0,-0.3977880222015517,0.9510565162951535,0.30901699437494745,1995,0.033862344054994484,0.0
Snake_Gourd,vegetable,2082,6,3,ashwin,35694,50.0,100.0,62.19,kg,kg,False,2219809.86,True,35694,0,0.0,9,False,0,0,0,0,0,0,0,18830,240,0,0,0,0,0,0,0,2594,0,0,0,0,13610,0,0,0,0,0,0,0,0,0,0,0,0,420,57.15,48.6,52.875,6.045762979144979,40.0,40.0,40.0,0.0,80.0,60.0,70.0,14.142135623730951,50.0,0.8039877793857534,58915.0,58915.0,-0.3941441059153017,0.9510565162951536,-0.30901699437494734,0,0.0,0.0
Snake_Gourd,vegetable,2082,7,4,kartik,39741,50.0,100.0,64.21,kg,kg,False,2551769.61,True,39741,0,0.0145944993835082,9,False,0,0,0,0,0,0,0,22701,280,0,580,0,0,0,0,0,3325,0,0,0,0,12855,0,0,0,0,0,0,0,0,0,0,0,0,0,62.19,57.15,55.98,6.870131003117771,50.0,40.0,43.333333333333336,5.773502691896256,100.0,80.0,80.0,20.0,50.0,0.7786949073353061,35694.0,35694.0,0.1133804000672382,0.5877852522924732,-0.8090169943749473,580,0.014594499383508215,0.0
Snake_Gourd,vegetable,2082,8,5,mangsir,6510,60.0,100.0,80.0,kg,kg,False,520800.0,True,6510,0,0.0,9,False,0,0,0,0,0,0,0,4070,0,0,0,0,0,0,0,0,440,0,0,0,0,2000,0,0,0,0,0,0,0,0,0,0,0,0,0,64.21,62.19,61.18333333333334,3.6360601388499285,50.0,50.0,46.666666666666664,5.773502691896256,100.0,100.0,93.33333333333333,11.547005383792516,40.0,0.5,39741.0,39741.0,-0.8361893258851061,1.2246467991473532e-16,-1.0,0,0.0,0.0
Snake_Gourd,vegetable,2082,9,6,poush,11990,,,120.0,kg,kg,False,1438800.0,False,68719,-56729,0.0,9,False,0,0,0,0,0,0,0,60129,0,0,0,0,0,0,0,0,0,0,0,0,0,8590,0,0,0,0,0,0,0,0,0,0,0,0,0,80.0,64.21,68.8,9.751928014500521,60.0,50.0,53.333333333333336,5.773502691896256,100.0,100.0,100.0,0.0,,,6510.0,6510.0,0.8417818740399385,-0.587785252292473,-0.8090169943749475,0,0.0,0.0
Snake_Gourd,vegetable,2082,10,7,magh,860,,,130.0,kg,kg,False,111800.0,True,860,0,0.0,9,False,0,0,0,0,0,0,0,0,0,0,0,0,0,0,0,0,0,0,0,0,0,860,0,0,0,0,0,0,0,0,0,0,0,0,0,120.0,80.0,88.07,28.7571678021324,,60.0,55.0,7.071067811865473,,100.0,100.0,0.0,,,11990.0,68719.0,-0.9282735613010842,-0.9510565162951535,-0.30901699437494756,0,0.0,0.0
Snake_Gourd,vegetable,2082,12,9,chaitra,6795,,,95.0,kg,kg,False,645525.0,True,6795,0,0.0,9,False,0,0,0,0,0,0,0,0,0,0,0,0,0,0,0,0,0,0,0,0,0,6795,0,0,0,0,0,0,0,0,0,0,0,0,0,130.0,120.0,110.0,26.457513110645916,,,60.0,,,,100.0,,,,860.0,860.0,6.901162790697675,-0.5877852522924732,0.8090169943749473,0,0.0,0.0
Snake_Gourd,vegetable,2083,1,10,baishakh,50610,,,90.0,kg,kg,False,4554900.0,True,50610,0,0.0,9,False,0,0,0,0,0,0,0,15590,1230,0,0,0,0,0,0,0,990,0,0,0,0,32800,0,0,0,0,0,0,0,0,0,0,0,0,0,95.0,130.0,115.0,18.02775637731996,,,,,,,,,,,6795.0,6795.0,6.448123620309051,-2.4492935982947064e-16,1.0,0,0.0,0.0
Soya_Bean_Green,vegetable,2082,4,1,shrawan,6340,180.0,250.0,207.8,kg,kg,False,1317452.0,True,6340,0,0.0,4,False,0,0,0,0,0,0,0,120,0,120,0,0,4970,0,0,0,990,0,0,0,0,140,0,0,0,0,0,0,0,0,0,0,0,0,0,,,,,,,,,,,,,70.0,0.3368623676612127,,,,0.5877852522924731,0.8090169943749475,0,0.0,0.7839116719242902
Soya_Bean_Green,vegetable,2082,5,2,bhadra,5747,180.0,250.0,212.61,kg,kg,False,1221869.67,True,5747,0,0.0,4,False,0,0,0,0,0,0,0,870,0,1610,0,0,1924,0,0,0,1133,0,0,0,0,210,0,0,0,0,0,0,0,0,0,0,0,0,0,207.8,,207.8,,180.0,,180.0,,250.0,,250.0,,70.0,0.329241333897747,6340.0,6340.0,-0.09353312302839117,0.9510565162951535,0.30901699437494745,0,0.0,0.3347833652340351
Soya_Bean_Green,vegetable,2082,6,3,ashwin,7285,100.0,200.0,143.75,kg,kg,False,1047218.75,True,7285,0,0.0,4,False,0,0,0,0,0,0,0,3970,0,440,0,0,830,0,0,0,2045,0,0,0,0,0,0,0,0,0,0,0,0,0,0,0,0,0,0,212.61,207.8,210.205,3.401183617507295,180.0,180.0,180.0,0.0,250.0,250.0,250.0,0.0,100.0,0.6956521739130435,5747.0,5747.0,0.26761788759352706,0.9510565162951536,-0.30901699437494734,0,0.0,0.11393273850377487
Soya_Bean_Green,vegetable,2082,7,4,kartik,1300,100.0,150.0,125.0,kg,kg,False,162500.0,True,1300,0,0.0,4,False,0,0,0,0,0,0,0,240,240,0,0,0,240,0,0,0,580,0,0,0,0,0,0,0,0,0,0,0,0,0,0,0,0,0,0,143.75,212.61,188.05333333333337,38.44311425123274,100.0,180.0,153.33333333333334,46.188021535170066,200.0,250.0,233.33333333333334,28.867513459481295,50.0,0.4,7285.0,7285.0,-0.821551132463967,0.5877852522924732,-0.8090169943749473,0,0.0,0.18461538461538463
Spinach_Leaf,vegetable,2082,4,1,shrawan,9239,60.0,140.0,90.2,mutha,mutha,False,833357.8,True,9239,0,0.0,10,True,0,0,0,0,0,0,0,0,0,0,0,0,1820,0,0,0,7419,0,0,0,0,0,0,0,0,0,0,0,0,0,0,0,0,0,0,,,,,,,,,,,,,80.0,0.8869179600886917,,,,0.5877852522924731,0.8090169943749475,0,0.0,0.19699101634376015
Spinach_Leaf,vegetable,2082,5,2,bhadra,5540,60.0,140.0,74.65,mutha,mutha,False,413561.0,True,5540,0,0.0,10,True,0,0,0,0,0,0,0,0,0,0,0,0,2240,0,0,0,3300,0,0,0,0,0,0,0,0,0,0,0,0,0,0,0,0,0,0,90.2,,90.2,,60.0,,60.0,,140.0,,140.0,,80.0,1.0716677829872738,9239.0,9239.0,-0.40036800519536747,0.9510565162951535,0.30901699437494745,0,0.0,0.4043321299638989
Spinach_Leaf,vegetable,2082,6,3,ashwin,6395,120.0,200.0,173.75,mutha,mutha,False,1111131.25,True,6395,0,0.0,10,True,0,0,0,0,0,0,0,0,0,0,0,0,1925,0,0,0,4470,0,0,0,0,0,0,0,0,0,0,0,0,0,0,0,0,0,0,74.65,90.2,82.42500000000001,10.995510447450817,60.0,60.0,60.0,0.0,140.0,140.0,140.0,0.0,80.0,0.460431654676259,5540.0,5540.0,0.15433212996389892,0.9510565162951536,-0.30901699437494734,0,0.0,0.30101641907740423
Spinach_Leaf,vegetable,2082,7,4,kartik,9550,100.0,200.0,113.68,mutha,mutha,False,1085644.0,True,9550,0,0.0,10,True,0,0,0,0,1110,0,0,0,0,0,0,0,2230,0,0,0,6210,0,0,0,0,0,0,0,0,0,0,0,0,0,0,0,0,0,0,173.75,74.65,112.86666666666667,53.29667750745193,120.0,60.0,80.0,34.64101615137755,200.0,140.0,160.0,34.64101615137755,100.0,0.8796622097114707,6395.0,6395.0,0.49335418295543393,0.5877852522924732,-0.8090169943749473,0,0.0,0.23350785340314137
Spinach_Leaf,vegetable,2082,8,5,mangsir,14170,80.0,120.0,107.89,mutha,mutha,False,1528801.3,True,14170,0,0.0,10,True,0,0,0,0,2960,0,0,0,0,0,0,0,2610,0,0,0,8600,0,0,0,0,0,0,0,0,0,0,0,0,0,0,0,0,0,0,113.68,173.75,120.69333333333334,49.9208637078059,100.0,120.0,93.33333333333333,30.550504633038933,200.0,200.0,180.0,34.64101615137755,40.0,0.3707479840578367,9550.0,9550.0,0.4837696335078534,1.2246467991473532e-16,-1.0,0,0.0,0.18419195483415668
Spinach_Leaf,vegetable,2082,9,6,poush,22312,60.0,100.0,77.5,mutha,mutha,False,1729180.0,True,22312,0,0.0,10,True,0,0,0,0,6900,0,0,0,0,0,0,0,4120,0,0,0,11292,0,0,0,0,0,0,0,0,0,0,0,0,0,0,0,0,0,0,107.89,113.68,131.77333333333334,36.46795076959127,80.0,100.0,100.0,20.000000000000004,120.0,200.0,173.33333333333334,46.188021535170066,40.0,0.5161290322580645,14170.0,14170.0,0.5745942131263232,-0.587785252292473,-0.8090169943749475,0,0.0,0.1846539978486913
Spinach_Leaf,vegetable,2082,10,7,magh,13880,20.0,70.0,49.57,mutha,mutha,False,688031.6,True,13880,0,0.0,10,True,0,0,0,0,4330,0,0,0,0,0,0,0,2890,0,0,0,6660,0,0,0,0,0,0,0,0,0,0,0,0,0,0,0,0,0,0,77.5,107.89,99.69,19.43394195730758,60.0,80.0,80.0,20.000000000000004,100.0,120.0,140.0,52.91502622129182,50.0,1.0086746015735324,22312.0,22312.0,-0.3779132305485837,-0.9510565162951535,-0.30901699437494756,0,0.0,0.20821325648414984
Spinach_Leaf,vegetable,2082,11,8,falgun,11237,20.0,60.0,40.56,mutha,mutha,False,455772.72,True,11237,0,0.0,10,True,0,0,0,0,1870,0,0,0,0,0,0,0,1650,0,0,0,7717,0,0,0,0,0,0,0,0,0,0,0,0,0,0,0,0,0,0,49.57,77.5,78.32000000000001,29.168645837611333,20.0,60.0,53.333333333333336,30.550504633038933,70.0,100.0,96.66666666666667,25.16611478423585,40.0,0.9861932938856015,13880.0,13880.0,-0.1904178674351585,-0.9510565162951536,0.30901699437494723,0,0.0,0.14683634421998754
Spinach_Leaf,vegetable,2082,12,9,chaitra,11790,20.0,60.0,47.5,mutha,mutha,False,560025.0,True,11790,0,0.0,10,True,0,0,0,0,0,0,0,0,0,0,0,0,3090,0,0,0,8700,0,0,0,0,0,0,0,0,0,0,0,0,0,0,0,0,0,0,40.56,49.57,55.876666666666665,19.260618716264947,20.0,20.0,33.333333333333336,23.094010767585026,60.0,70.0,76.66666666666667,20.816659994661357,40.0,0.8421052631578947,11237.0,11237.0,0.049212423244638245,-0.5877852522924732,0.8090169943749473,0,0.0,0.26208651399491095
Spinach_Leaf,vegetable,2083,1,10,baishakh,8310,50.0,80.0,60.87,mutha,mutha,False,505829.7,True,8310,0,0.0,10,True,0,0,0,0,0,0,0,0,0,0,0,0,2610,0,0,0,5700,0,0,0,0,0,0,0,0,0,0,0,0,0,0,0,0,0,0,47.5,40.56,45.876666666666665,4.7192619479465305,20.0,20.0,20.0,0.0,60.0,60.0,63.333333333333336,5.773502691896367,30.0,0.49285362247412523,11790.0,11790.0,-0.2951653944020356,-2.4492935982947064e-16,1.0,0,0.0,0.3140794223826715
Sponge_Gourd,vegetable,2082,4,1,shrawan,5105,80.0,100.0,86.25,kg,kg,False,440306.25,True,5105,0,0.0,5,False,0,0,0,0,0,0,0,0,0,0,0,0,0,0,0,0,0,0,0,0,0,0,0,0,0,0,0,0,0,0,5105,0,0,0,0,,,,,,,,,,,,,20.0,0.2318840579710145,,,,0.5877852522924731,0.8090169943749475,0,0.0,0.0
Sponge_Gourd,vegetable,2082,5,2,bhadra,4310,80.0,100.0,86.12,kg,kg,False,371177.2,True,4310,0,0.0,5,False,0,0,0,0,0,0,0,0,0,0,0,0,0,0,0,0,0,0,0,0,0,0,0,0,0,0,0,0,0,0,4310,0,0,0,0,86.25,,86.25,,80.0,,80.0,,100.0,,100.0,,20.0,0.2322340919647004,5105.0,5105.0,-0.15572967678746327,0.9510565162951535,0.30901699437494745,0,0.0,0.0
Sponge_Gourd,vegetable,2082,6,3,ashwin,0,80.0,90.0,85.0,kg,kg,False,0.0,True,0,0,,5,False,0,0,0,0,0,0,0,0,0,0,0,0,0,0,0,0,0,0,0,0,0,0,0,0,0,0,0,0,0,0,0,0,0,0,0,86.12,86.25,86.185,0.09192388155424797,80.0,80.0,80.0,0.0,100.0,100.0,100.0,0.0,10.0,0.11764705882352941,4310.0,4310.0,-1.0,0.9510565162951536,-0.30901699437494734,0,0.0,0.0
Sponge_Gourd,vegetable,2082,7,4,kartik,0,60.0,100.0,85.53,kg,kg,False,0.0,True,0,0,,5,False,0,0,0,0,0,0,0,0,0,0,0,0,0,0,0,0,0,0,0,0,0,0,0,0,0,0,0,0,0,0,0,0,0,0,0,85.0,86.12,85.79,0.6872408602520693,80.0,80.0,80.0,0.0,90.0,100.0,96.66666666666667,5.77350269189626,40.0,0.467672161814568,0.0,0.0,,0.5877852522924732,-0.8090169943749473,0,0.0,0.0
Sponge_Gourd,vegetable,2082,12,9,chaitra,150,,,128.86,kg,kg,False,19329.0,True,150,0,0.0,5,False,0,0,0,0,0,0,0,0,0,0,0,0,150,0,0,0,0,0,0,0,0,0,0,0,0,0,0,0,0,0,0,0,0,0,0,85.53,85.0,85.55,0.5602677931132638,60.0,80.0,73.33333333333333,11.547005383792513,100.0,90.0,96.66666666666667,5.77350269189626,,,0.0,0.0,,-0.5877852522924732,0.8090169943749473,0,0.0,1.0
Squash,vegetable,2082,4,1,shrawan,26255,40.0,60.0,52.2,kg,kg,False,1370511.0,True,26255,0,0.0,10,True,0,0,0,0,0,0,0,0,0,0,0,0,0,0,0,0,24685,0,0,1570,0,0,0,0,0,0,0,0,0,0,0,0,0,0,0,,,,,,,,,,,,,20.0,0.38314176245210724,,,,0.5877852522924731,0.8090169943749475,0,0.0,0.0
Squash,vegetable,2082,5,2,bhadra,10840,25.0,60.0,36.32,kg,kg,False,393708.8,True,10840,0,0.0,10,True,0,0,0,0,0,0,0,0,0,0,0,0,0,0,0,0,10840,0,0,0,0,0,0,0,0,0,0,0,0,0,0,0,0,0,0,52.2,,52.2,,40.0,,40.0,,60.0,,60.0,,35.0,0.9636563876651982,26255.0,26255.0,-0.5871262616644448,0.9510565162951535,0.30901699437494745,0,0.0,0.0
Squash,vegetable,2082,6,3,ashwin,2840,60.0,200.0,133.75,kg,kg,False,379850.0,True,2840,0,0.0,10,True,0,0,0,0,0,0,0,0,0,1120,0,0,120,0,0,0,1600,0,0,0,0,0,0,0,0,0,0,0,0,0,0,0,0,0,0,36.32,52.2,44.260000000000005,11.22885568524238,25.0,40.0,32.5,10.606601717798213,60.0,60.0,60.0,0.0,140.0,1.0467289719626167,10840.0,10840.0,-0.7380073800738007,0.9510565162951536,-0.30901699437494734,0,0.0,0.04225352112676056
Squash,vegetable,2082,7,4,kartik,43205,150.0,200.0,175.0,kg,kg,False,7560875.0,True,43205,0,0.0,10,True,0,0,0,0,0,0,0,0,0,0,0,0,0,0,0,0,4095,0,0,0,0,39110,0,0,0,0,0,0,0,0,0,0,0,0,0,133.75,36.32,74.09,52.27360997673682,60.0,25.0,41.666666666666664,17.559422921421234,200.0,60.0,106.66666666666667,80.82903768654761,50.0,0.2857142857142857,2840.0,2840.0,14.213028169014084,0.5877852522924732,-0.8090169943749473,0,0.0,0.0
Squash,vegetable,2082,8,5,mangsir,82730,70.0,120.0,86.0,kg,kg,False,7114780.0,True,82730,0,0.0307022845400701,10,True,0,0,0,0,0,0,0,0,0,1540,2540,0,0,0,0,0,24650,0,0,0,0,54000,0,0,0,0,0,0,0,0,0,0,0,0,0,175.0,133.75,115.02333333333333,71.2113167504529,150.0,60.0,78.33333333333333,64.48514040717701,200.0,200.0,153.33333333333334,80.82903768654761,50.0,0.5813953488372093,43205.0,43205.0,0.9148246730702465,1.2246467991473532e-16,-1.0,2540,0.030702284540070107,0.0
Squash,vegetable,2082,9,6,poush,101770,70.0,90.0,80.0,kg,kg,False,8141600.0,True,101770,0,0.0,10,True,0,0,0,0,0,0,0,0,0,0,0,0,0,0,0,0,31690,0,0,0,0,70080,0,0,0,0,0,0,0,0,0,0,0,0,0,86.0,175.0,131.58333333333334,44.5395423565772,70.0,150.0,93.33333333333333,49.328828623162465,120.0,200.0,173.33333333333334,46.188021535170066,20.0,0.25,82730.0,82730.0,0.23014625891454127,-0.587785252292473,-0.8090169943749475,0,0.0,0.0
Squash,vegetable,2082,10,7,magh,63940,20.0,90.0,53.5,kg,kg,False,3420790.0,True,63940,0,0.0,10,True,0,0,0,0,0,0,0,0,0,0,0,0,150,0,0,0,20010,0,0,0,0,43780,0,0,0,0,0,0,0,0,0,0,0,0,0,80.0,86.0,113.66666666666667,53.200877185750755,70.0,70.0,96.66666666666667,46.18802153517005,90.0,120.0,136.66666666666666,56.86240703077328,70.0,1.308411214953271,101770.0,101770.0,-0.3717205463299597,-0.9510565162951535,-0.30901699437494756,0,0.0,0.0023459493274945262
Squash,vegetable,2082,11,8,falgun,82770,20.0,60.0,38.19,kg,kg,False,3160986.3,True,82770,0,0.0,10,True,0,0,0,0,0,0,0,0,0,0,0,0,0,0,0,0,42030,0,0,0,0,40740,0,0,0,0,0,0,0,0,0,0,0,0,0,53.5,80.0,73.16666666666667,17.29402594346774,20.0,70.0,53.333333333333336,28.86751345948127,90.0,90.0,100.0,17.320508075688753,40.0,1.0473946059177797,63940.0,63940.0,0.29449483891147954,-0.9510565162951536,0.30901699437494723,0,0.0,0.0
Squash,vegetable,2082,12,9,chaitra,134775,20.0,80.0,60.91,kg,kg,False,8209145.25,True,134775,0,0.0,10,True,0,0,0,0,0,0,0,2240,0,1650,0,0,0,0,0,0,57245,0,0,0,0,73640,0,0,0,0,0,0,0,0,0,0,0,0,0,38.19,53.5,57.23,21.15310142745035,20.0,20.0,36.666666666666664,28.867513459481266,60.0,90.0,80.0,17.320508075688725,60.0,0.9850599244787391,82770.0,82770.0,0.628307357738311,-0.5877852522924732,0.8090169943749473,0,0.0,0.0
Squash,vegetable,2083,1,10,baishakh,98748,25.0,70.0,37.93,kg,kg,False,3745511.64,True,98748,0,0.0,10,True,0,0,0,0,0,0,0,2540,0,0,0,0,0,0,0,0,45410,0,0,0,0,50798,0,0,0,0,0,0,0,0,0,0,0,0,0,60.91,38.19,50.86666666666667,11.586648925955044,20.0,20.0,20.0,0.0,80.0,60.0,76.66666666666667,15.275252316519408,45.0,1.1863959926179806,134775.0,134775.0,-0.2673121869782972,-2.4492935982947064e-16,1.0,0,0.0,0.0
Strawberry,fruit,2082,4,1,shrawan,0,480.0,500.0,490.0,kg,kg,False,0.0,True,0,0,,6,False,0,0,0,0,0,0,0,0,0,0,0,0,0,0,0,0,0,0,0,0,0,0,0,0,0,0,0,0,0,0,0,0,0,0,0,,,,,,,,,,,,,20.0,0.04081632653061224,,,,0.5877852522924731,0.8090169943749475,0,0.0,0.0
Strawberry,fruit,2082,9,6,poush,1560,700.0,700.0,700.0,kg,kg,False,1092000.0,True,1560,0,1.0,6,False,0,0,0,0,0,0,0,0,0,0,1560,0,0,0,0,0,0,0,0,0,0,0,0,0,0,0,0,0,0,0,0,0,0,0,0,490.0,,490.0,,480.0,,480.0,,500.0,,500.0,,0.0,0.0,0.0,0.0,,-0.587785252292473,-0.8090169943749475,1560,1.0,0.0
Strawberry,fruit,2082,10,7,magh,1140,500.0,700.0,589.71,kg,kg,False,672269.4,True,1140,0,1.0,6,False,0,0,0,0,0,0,0,0,0,0,1140,0,0,0,0,0,0,0,0,0,0,0,0,0,0,0,0,0,0,0,0,0,0,0,0,700.0,490.0,595.0,148.49242404917499,700.0,480.0,590.0,155.56349186104046,700.0,500.0,600.0,141.4213562373095,200.0,0.33914975157280697,1560.0,1560.0,-0.2692307692307692,-0.9510565162951535,-0.30901699437494756,1140,1.0,0.0
Strawberry,fruit,2082,11,8,falgun,1770,500.0,600.0,550.0,kg,kg,False,973500.0,True,1770,0,1.0,6,False,0,0,0,0,0,0,0,0,0,0,1770,0,0,0,0,0,0,0,0,0,0,0,0,0,0,0,0,0,0,0,0,0,0,0,0,589.71,700.0,593.2366666666667,105.04440981476993,500.0,700.0,560.0,121.6552506059644,700.0,700.0,633.3333333333334,115.47005383792515,100.0,0.18181818181818182,1140.0,1140.0,0.5526315789473685,-0.9510565162951536,0.30901699437494723,1770,1.0,0.0
Strawberry,fruit,2082,12,9,chaitra,1810,500.0,600.0,550.0,kg,kg,False,995500.0,True,1810,0,1.0,6,False,0,0,0,0,0,0,0,0,0,0,1810,0,0,0,0,0,0,0,0,0,0,0,0,0,0,0,0,0,0,0,0,0,0,0,0,550.0,589.71,613.2366666666667,77.71826061700901,500.0,500.0,566.6666666666666,115.47005383792515,600.0,700.0,666.6666666666666,57.73502691896251,100.0,0.18181818181818182,1770.0,1770.0,0.022598870056497175,-0.5877852522924732,0.8090169943749473,1810,1.0,0.0
Strawberry,fruit,2083,1,10,baishakh,1110,500.0,600.0,550.0,kg,kg,False,610500.0,True,1110,0,1.0,6,False,0,0,0,0,0,0,0,0,0,0,1110,0,0,0,0,0,0,0,0,0,0,0,0,0,0,0,0,0,0,0,0,0,0,0,0,550.0,550.0,563.2366666666667,22.926579189520062,500.0,500.0,500.0,0.0,600.0,600.0,633.3333333333334,57.73502691896251,100.0,0.18181818181818182,1810.0,1810.0,-0.3867403314917127,-2.4492935982947064e-16,1.0,1110,1.0,0.0
Sugarcane,fruit,2082,4,1,shrawan,6750,160.0,220.0,190.0,nos,nos,False,4129650.0,True,6750,0,0.7659259259259259,10,True,0,0,0,0,0,0,0,0,540,0,5170,0,0,0,0,0,0,0,0,0,0,0,0,0,0,0,0,0,0,0,0,0,0,0,1040,,,,,,,,,,,,,60.0,0.3157894736842105,,,,0.5877852522924731,0.8090169943749475,5170,0.7659259259259259,0.0
Sugarcane,fruit,2082,5,2,bhadra,3160,160.0,220.0,190.0,nos,nos,False,1106221.2,True,3160,0,1.0,10,True,0,0,0,0,0,0,0,0,0,0,3160,0,0,0,0,0,0,0,0,0,0,0,0,0,0,0,0,0,0,0,0,0,0,0,0,190.0,,190.0,,160.0,,160.0,,220.0,,220.0,,60.0,0.3157894736842105,6750.0,6750.0,-0.5318518518518518,0.9510565162951535,0.30901699437494745,3160,1.0,0.0
Sugarcane,fruit,2082,6,3,ashwin,6990,160.0,170.0,165.0,nos,nos,False,11498550.0,True,6990,0,0.0,10,True,0,0,0,0,0,0,0,0,2730,0,0,0,0,0,0,0,0,0,0,0,0,0,0,0,0,0,0,0,0,0,0,0,0,0,4260,190.0,190.0,190.0,0.0,160.0,160.0,160.0,0.0,220.0,220.0,220.0,0.0,10.0,0.06060606060606061,3160.0,3160.0,1.2120253164556962,0.9510565162951536,-0.30901699437494734,0,0.0,0.0
Sugarcane,fruit,2082,7,4,kartik,4350,160.0,170.0,165.0,nos,nos,False,7155750.0,True,4350,0,0.1241379310344827,10,True,0,0,0,0,0,0,0,0,1120,0,540,0,0,0,0,0,0,0,0,0,0,0,0,0,0,0,0,0,0,0,0,0,0,0,2690,165.0,190.0,181.66666666666666,14.43375672974064,160.0,160.0,160.0,0.0,170.0,220.0,203.33333333333334,28.867513459481295,10.0,0.06060606060606061,6990.0,6990.0,-0.3776824034334764,0.5877852522924732,-0.8090169943749473,540,0.12413793103448276,0.0
Sugarcane,fruit,2082,8,5,mangsir,3870,160.0,170.0,165.0,nos,nos,False,6366150.0,True,3870,0,0.4341085271317829,10,True,0,0,0,0,0,0,0,0,0,0,1680,0,0,0,0,0,0,0,0,0,0,0,0,0,0,0,0,0,0,0,0,0,0,0,2190,165.0,165.0,173.33333333333334,14.43375672974064,160.0,160.0,160.0,0.0,170.0,170.0,186.66666666666666,28.867513459481295,10.0,0.06060606060606061,4350.0,4350.0,-0.1103448275862069,1.2246467991473532e-16,-1.0,1680,0.43410852713178294,0.0
Sugarcane,fruit,2082,9,6,poush,9950,160.0,170.0,165.0,nos,nos,False,16367750.0,True,9950,0,0.0,10,True,0,0,0,0,0,0,0,0,2690,0,0,0,0,0,0,0,0,0,0,0,0,0,0,0,0,0,0,0,0,0,0,0,0,0,7260,165.0,165.0,165.0,0.0,160.0,160.0,160.0,0.0,170.0,170.0,170.0,0.0,10.0,0.06060606060606061,3870.0,3870.0,1.5710594315245479,-0.587785252292473,-0.8090169943749475,0,0.0,0.0
Sugarcane,fruit,2082,10,7,magh,101810,160.0,170.0,165.0,nos,nos,False,167477450.0,True,101810,0,0.0313328749631666,10,True,0,0,0,0,0,0,0,0,96350,0,3190,0,0,0,0,0,0,0,0,0,0,0,0,0,0,0,0,0,0,0,0,0,0,0,2270,165.0,165.0,165.0,0.0,160.0,160.0,160.0,0.0,170.0,170.0,170.0,0.0,10.0,0.06060606060606061,9950.0,9950.0,9.2321608040201,-0.9510565162951535,-0.30901699437494756,3190,0.03133287496316668,0.0
Sugarcane,fruit,2082,11,8,falgun,97060,160.0,170.0,165.0,nos,nos,False,159663700.0,True,97060,0,0.0261693797650937,10,True,2060,0,0,0,0,0,0,0,90180,0,2540,0,0,0,0,0,0,0,0,0,0,0,0,0,0,0,0,0,0,0,0,0,2280,0,0,165.0,165.0,165.0,0.0,160.0,160.0,160.0,0.0,170.0,170.0,170.0,0.0,10.0,0.06060606060606061,101810.0,101810.0,-0.046655534819762305,-0.9510565162951536,0.30901699437494723,2540,0.026169379765093755,0.0
Sugarcane,fruit,2082,12,9,chaitra,26650,160.0,170.0,165.0,nos,nos,False,43839250.0,True,26650,0,0.0431519699812382,10,True,0,0,0,0,0,0,0,0,0,0,1150,0,0,0,0,0,0,0,0,0,0,0,0,0,0,0,0,0,0,0,0,0,25500,0,0,165.0,165.0,165.0,0.0,160.0,160.0,160.0,0.0,170.0,170.0,170.0,0.0,10.0,0.06060606060606061,97060.0,97060.0,-0.7254275705749021,-0.5877852522924732,0.8090169943749473,1150,0.043151969981238276,0.0
Sugarcane,fruit,2083,1,10,baishakh,8540,160.0,170.0,165.0,nos,nos,False,14048300.0,True,8540,0,0.0,10,True,0,0,0,0,0,0,0,0,0,0,0,0,0,0,0,0,0,0,0,0,0,0,0,0,0,0,0,0,0,0,0,0,8540,0,0,165.0,165.0,165.0,0.0,160.0,160.0,160.0,0.0,170.0,170.0,170.0,0.0,10.0,0.06060606060606061,26650.0,26650.0,-0.6795497185741088,-2.4492935982947064e-16,1.0,0,0.0,0.0
Sweet_Pepper,vegetable,2082,4,1,shrawan,139734,130.0,150.0,140.0,kg,kg,False,19562760.0,True,139734,0,0.0493795354029799,10,True,0,0,0,0,0,0,0,0,0,69444,6900,0,26060,0,0,0,265,0,0,0,0,37065,0,0,0,0,0,0,0,0,0,0,0,0,0,,,,,,,,,,,,,20.0,0.14285714285714285,,,,0.5877852522924731,0.8090169943749475,6900,0.04937953540297995,0.18649720182632717
Sweet_Pepper,vegetable,2082,5,2,bhadra,74632,80.0,200.0,139.17,kg,kg,False,10386535.44,True,74632,0,0.0,10,True,0,0,0,0,0,0,0,0,0,51120,0,0,8085,0,0,0,157,0,0,0,0,15270,0,0,0,0,0,0,0,0,0,0,0,0,0,140.0,,140.0,,130.0,,130.0,,150.0,,150.0,,120.0,0.8622547962923045,139734.0,139734.0,-0.4658994947543189,0.9510565162951535,0.30901699437494745,0,0.0,0.10833154678958087
Sweet_Pepper,vegetable,2082,6,3,ashwin,57015,130.0,250.0,157.5,kg,kg,False,8979862.5,True,57015,0,0.2287117425238972,10,True,0,0,0,0,0,0,0,0,0,36040,13040,0,0,0,0,0,30,0,0,0,0,7905,0,0,0,0,0,0,0,0,0,0,0,0,0,139.17,140.0,139.58499999999998,0.5868986283848332,80.0,130.0,105.0,35.35533905932738,200.0,150.0,175.0,35.35533905932738,120.0,0.7619047619047619,74632.0,74632.0,-0.2360515596526959,0.9510565162951536,-0.30901699437494734,13040,0.22871174252389723,0.0
Sweet_Pepper,vegetable,2082,7,4,kartik,69161,130.0,230.0,174.47,kg,kg,False,12066519.67,True,69161,0,0.7596911554199621,10,True,0,0,0,0,0,0,0,0,0,5300,52541,0,3450,0,0,0,270,0,0,0,0,7600,0,0,0,0,0,0,0,0,0,0,0,0,0,157.5,139.17,145.55666666666664,10.351552218548369,130.0,80.0,113.33333333333333,28.867513459481287,250.0,200.0,200.0,50.0,100.0,0.5731644408780879,57015.0,57015.0,0.21303165833552573,0.5877852522924732,-0.8090169943749473,52541,0.7596911554199621,0.04988360492184902
Sweet_Pepper,vegetable,2082,8,5,mangsir,93490,130.0,180.0,147.89,kg,kg,False,13826236.1,True,93490,0,0.6891646165365279,10,True,0,0,0,0,0,0,0,0,0,2680,64430,0,0,0,0,0,280,0,0,0,0,26100,0,0,0,0,0,0,0,0,0,0,0,0,0,174.47,157.5,157.04666666666665,17.65436584342055,130.0,130.0,113.33333333333333,28.867513459481287,230.0,250.0,226.66666666666666,25.166114784235834,50.0,0.338089120292109,69161.0,69161.0,0.35177339830251153,1.2246467991473532e-16,-1.0,64430,0.6891646165365279,0.0
Sweet_Pepper,vegetable,2082,9,6,poush,133005,100.0,150.0,132.05,kg,kg,False,17563310.25,True,133005,0,0.7595955039284238,10,True,0,0,0,0,0,0,0,0,0,0,101030,0,0,0,0,0,140,0,0,0,0,31835,0,0,0,0,0,0,0,0,0,0,0,0,0,147.89,174.47,159.95333333333335,13.45876046793813,130.0,130.0,130.0,0.0,180.0,230.0,220.0,36.0555127546399,50.0,0.3786444528587656,93490.0,93490.0,0.4226655257246764,-0.587785252292473,-0.8090169943749475,101030,0.7595955039284238,0.0
Sweet_Pepper,vegetable,2082,10,7,magh,87505,100.0,130.0,115.0,kg,kg,False,10063075.0,True,87505,0,0.7557853836923605,10,True,0,0,0,0,0,0,0,0,0,0,66135,0,0,0,0,0,740,0,0,0,0,20630,0,0,0,0,0,0,0,0,0,0,0,0,0,132.05,147.89,151.47,21.43540062606716,100.0,130.0,120.0,17.320508075688775,150.0,180.0,186.66666666666666,40.414518843273804,30.0,0.2608695652173913,133005.0,133005.0,-0.34209240254125783,-0.9510565162951535,-0.30901699437494756,66135,0.7557853836923605,0.0
Sweet_Pepper,vegetable,2082,11,8,falgun,81650,100.0,130.0,115.0,kg,kg,False,9389750.0,True,81650,0,0.6301898346601347,10,True,0,0,0,0,0,0,0,0,0,0,51455,0,0,0,0,0,580,0,0,0,0,29615,0,0,0,0,0,0,0,0,0,0,0,0,0,115.0,132.05,131.64666666666668,16.448709169212453,100.0,100.0,110.0,17.320508075688775,130.0,150.0,153.33333333333334,25.166114784235827,30.0,0.2608695652173913,87505.0,87505.0,-0.06691046225929947,-0.9510565162951536,0.30901699437494723,51455,0.6301898346601347,0.0
Sweet_Pepper,vegetable,2082,12,9,chaitra,153575,100.0,150.0,120.68,kg,kg,False,18533431.0,True,153575,0,0.7106299853491779,10,True,0,0,0,0,0,0,0,0,0,0,109135,0,0,0,0,0,1080,0,0,0,0,43360,0,0,0,0,0,0,0,0,0,0,0,0,0,115.0,115.0,120.68333333333334,9.843822089683181,100.0,100.0,100.0,0.0,130.0,130.0,136.66666666666666,11.547005383792508,50.0,0.41431885979449784,81650.0,81650.0,0.8808940600122473,-0.5877852522924732,0.8090169943749473,109135,0.7106299853491779,0.0
Sweet_Pepper,vegetable,2083,1,10,baishakh,148870,100.0,150.0,124.78,kg,kg,False,18575998.6,True,148870,0,0.5651239336333714,10,True,0,0,0,0,0,0,0,0,0,0,84130,0,18970,0,0,0,2650,0,0,0,0,43120,0,0,0,0,0,0,0,0,0,0,0,0,0,120.68,115.0,116.89333333333333,3.2793495289972676,100.0,100.0,100.0,0.0,150.0,130.0,136.66666666666666,11.547005383792508,50.0,0.4007052412245552,153575.0,153575.0,-0.030636496825655217,-2.4492935982947064e-16,1.0,84130,0.5651239336333714,0.12742661382414186
Sweet_Potato,vegetable,2082,6,3,ashwin,9725,120.0,140.0,130.0,kg,kg,False,1264250.0,True,9725,0,0.6452442159383034,8,False,0,0,0,0,0,0,0,0,0,3450,6275,0,0,0,0,0,0,0,0,0,0,0,0,0,0,0,0,0,0,0,0,0,0,0,0,,,,,,,,,,,,,20.0,0.15384615384615385,,,,0.9510565162951536,-0.30901699437494734,6275,0.6452442159383034,0.0
Sweet_Potato,vegetable,2082,7,4,kartik,53740,100.0,140.0,117.37,kg,kg,False,6307463.8,True,53740,0,0.9687383699292892,8,False,0,0,0,0,0,0,0,0,1680,0,52060,0,0,0,0,0,0,0,0,0,0,0,0,0,0,0,0,0,0,0,0,0,0,0,0,130.0,,130.0,,120.0,,120.0,,140.0,,140.0,,40.0,0.3408025900996847,9725.0,9725.0,4.5259640102827765,0.5877852522924732,-0.8090169943749473,52060,0.9687383699292892,0.0
Sweet_Potato,vegetable,2082,8,5,mangsir,35810,100.0,120.0,110.0,kg,kg,False,3939100.0,True,35810,0,1.0,8,False,0,0,0,0,0,0,0,0,0,0,35810,0,0,0,0,0,0,0,0,0,0,0,0,0,0,0,0,0,0,0,0,0,0,0,0,117.37,130.0,123.685,8.930758646386092,100.0,120.0,110.0,14.142135623730951,140.0,140.0,140.0,0.0,20.0,0.18181818181818182,53740.0,53740.0,-0.3336434685522888,1.2246467991473532e-16,-1.0,35810,1.0,0.0
Sweet_Potato,vegetable,2082,9,6,poush,192300,100.0,120.0,110.0,kg,kg,False,21153000.0,False,1549913,-1357613,0.4502188187336967,8,False,0,0,0,0,0,0,0,0,23555,0,697800,0,0,0,0,0,179414,0,0,0,0,649144,0,0,0,0,0,0,0,0,0,0,0,0,0,110.0,117.37,119.12333333333333,10.114624725284342,100.0,100.0,106.66666666666667,11.547005383792516,120.0,140.0,133.33333333333334,11.54700538379252,20.0,0.18181818181818182,35810.0,35810.0,4.370008377548171,-0.587785252292473,-0.8090169943749475,697800,0.4502188187336967,0.0
Sweet_Potato,vegetable,2082,10,7,magh,130405,100.0,120.0,103.71,kg,kg,False,13524302.55,True,130405,0,0.9981595797707143,8,False,0,0,0,0,0,0,0,0,240,0,130165,0,0,0,0,0,0,0,0,0,0,0,0,0,0,0,0,0,0,0,0,0,0,0,0,110.0,110.0,112.45666666666666,4.255071483927544,100.0,100.0,100.0,0.0,120.0,120.0,126.66666666666667,11.547005383792522,20.0,0.19284543438434096,192300.0,1549913.0,-0.321866874674987,-0.9510565162951535,-0.30901699437494756,130165,0.9981595797707143,0.0
Sweet_Potato,vegetable,2082,11,8,falgun,1540,100.0,120.0,110.0,kg,kg,False,169400.0,True,1540,0,1.0,8,False,0,0,0,0,0,0,0,0,0,0,1540,0,0,0,0,0,0,0,0,0,0,0,0,0,0,0,0,0,0,0,0,0,0,0,0,103.71,110.0,107.90333333333332,3.6315331932027486,100.0,100.0,100.0,0.0,120.0,120.0,120.0,0.0,20.0,0.18181818181818182,130405.0,130405.0,-0.9881906368620835,-0.9510565162951536,0.30901699437494723,1540,1.0,0.0
Sweet_Potato,vegetable,2082,12,9,chaitra,0,100.0,120.0,110.0,kg,kg,False,0.0,True,0,0,,8,False,0,0,0,0,0,0,0,0,0,0,0,0,0,0,0,0,0,0,0,0,0,0,0,0,0,0,0,0,0,0,0,0,0,0,0,110.0,103.71,107.90333333333332,3.6315331932027486,100.0,100.0,100.0,0.0,120.0,120.0,120.0,0.0,20.0,0.18181818181818182,1540.0,1540.0,-1.0,-0.5877852522924732,0.8090169943749473,0,0.0,0.0
Sweet_Potato,vegetable,2083,1,10,baishakh,38880,25.0,35.0,30.0,kg,kg,False,1166400.0,True,38880,0,0.8613683127572016,8,False,0,0,0,0,0,0,0,0,0,0,33490,0,3250,0,0,0,0,0,0,0,0,2140,0,0,0,0,0,0,0,0,0,0,0,0,0,110.0,110.0,107.90333333333332,3.6315331932027486,100.0,100.0,100.0,0.0,120.0,120.0,120.0,0.0,10.0,0.3333333333333333,0.0,0.0,,-2.4492935982947064e-16,1.0,33490,0.8613683127572016,0.08359053497942387
Sword_Bean,vegetable,2082,6,3,ashwin,206,100.0,180.0,125.94,kg,kg,False,25943.64,True,206,0,0.0,7,False,0,0,0,0,0,0,0,0,0,0,0,0,0,0,0,0,206,0,0,0,0,0,0,0,0,0,0,0,0,0,0,0,0,0,0,,,,,,,,,,,,,80.0,0.6352231221216452,,,,0.9510565162951536,-0.30901699437494734,0,0.0,0.0
Sword_Bean,vegetable,2082,8,5,mangsir,99545,130.0,160.0,145.0,kg,kg,False,14434025.0,True,99545,0,0.2316540258174695,7,False,0,0,0,0,0,0,0,10755,0,460,23060,0,0,0,0,0,11520,0,0,0,0,9645,0,0,0,0,0,0,0,0,44105,0,0,0,0,125.94,,125.94,,100.0,,100.0,,180.0,,180.0,,30.0,0.20689655172413793,206.0,206.0,482.2281553398058,1.2246467991473532e-16,-1.0,23060,0.2316540258174695,0.0
Sword_Bean,vegetable,2082,9,6,poush,127675,100.0,160.0,132.73,kg,kg,False,16946302.75,True,127675,0,0.2556099471313883,7,False,0,0,0,0,3250,0,0,7445,570,0,32635,0,0,0,0,0,18510,0,0,0,0,11090,0,0,0,0,0,0,0,0,54175,0,0,0,0,145.0,125.94,135.47,13.477455249415598,130.0,100.0,115.0,21.213203435596427,160.0,180.0,170.0,14.142135623730951,60.0,0.45204550591426207,99545.0,99545.0,0.28258576523180473,-0.587785252292473,-0.8090169943749475,32635,0.2556099471313883,0.0
Sword_Bean,vegetable,2082,10,7,magh,74630,100.0,150.0,134.29,kg,kg,False,10022062.7,True,74630,0,0.2992764303899236,7,False,0,0,0,0,0,0,0,3850,340,0,22335,0,0,0,0,0,8800,0,0,0,0,7630,0,0,0,0,0,0,0,0,31675,0,0,0,0,132.73,145.0,134.55666666666664,9.660405443527377,100.0,130.0,110.0,17.320508075688775,160.0,160.0,166.66666666666666,11.547005383792513,50.0,0.3723285427060839,127675.0,127675.0,-0.4154689641668298,-0.9510565162951535,-0.30901699437494756,22335,0.29927643038992363,0.0
Sword_Bean,vegetable,2082,11,8,falgun,57515,130.0,150.0,140.0,kg,kg,False,8052100.0,True,57515,0,0.3339998261323133,7,False,0,0,0,0,0,0,0,540,0,0,19210,0,0,0,0,0,6115,0,0,0,0,4920,0,0,0,0,0,0,0,0,26730,0,0,0,0,134.29,132.73,137.34,6.679453570465177,100.0,100.0,110.0,17.320508075688775,150.0,160.0,156.66666666666666,5.773502691896241,20.0,0.14285714285714285,74630.0,74630.0,-0.22933136808254054,-0.9510565162951536,0.30901699437494723,19210,0.3339998261323133,0.0
Sword_Bean,vegetable,2082,12,9,chaitra,82110,60.0,150.0,107.27,kg,kg,False,8807939.7,True,82110,0,0.165022530751431,7,False,0,0,0,0,2875,0,0,2740,0,0,13550,0,0,0,0,0,11585,0,0,0,0,2180,0,0,0,0,0,0,0,0,49180,0,0,0,0,140.0,134.29,135.67333333333332,3.827327178767631,130.0,100.0,110.0,17.320508075688775,150.0,150.0,153.33333333333334,5.773502691896241,90.0,0.8390043814673255,57515.0,57515.0,0.4276275754151091,-0.5877852522924732,0.8090169943749473,13550,0.165022530751431,0.0
Sword_Bean,vegetable,2083,1,10,baishakh,17829,140.0,160.0,150.0,kg,kg,False,2674350.0,True,17829,0,0.0,7,False,0,0,0,0,0,0,0,520,0,0,0,0,0,0,0,0,1850,0,0,0,0,0,0,0,0,0,0,0,0,0,15459,0,0,0,0,107.27,140.0,127.18666666666665,17.483027007167067,60.0,130.0,96.66666666666667,35.11884584284247,150.0,150.0,150.0,0.0,20.0,0.13333333333333333,82110.0,82110.0,-0.7828644501278772,-2.4492935982947064e-16,1.0,0,0.0,0.0
Tomato,vegetable,2082,6,3,ashwin,547530,,,84.86,kg,kg,False,46463395.8,True,547530,0,0.1591145690647087,1,False,0,0,0,0,0,0,0,61920,520,10455,87120,0,260526,0,0,0,75904,0,0,0,0,33720,0,12045,4780,0,0,0,0,0,0,0,0,540,0,,,,,,,,,,,,,,,,,,0.9510565162951536,-0.30901699437494734,87120,0.15911456906470878,0.47582050298613776
Tomato_Big,vegetable,2082,4,1,shrawan,0,50.0,70.0,59.0,kg,kg,False,0.0,True,0,0,,7,False,0,0,0,0,0,0,0,0,0,0,0,0,0,0,0,0,0,0,0,0,0,0,0,0,0,0,0,0,0,0,0,0,0,0,0,,,,,,,,,,,,,20.0,0.3389830508474576,,,,0.5877852522924731,0.8090169943749475,0,0.0,0.0
Tomato_Big,vegetable,2082,6,3,ashwin,0,65.0,110.0,84.06,kg,kg,False,0.0,True,0,0,,7,False,0,0,0,0,0,0,0,0,0,0,0,0,0,0,0,0,0,0,0,0,0,0,0,0,0,0,0,0,0,0,0,0,0,0,0,59.0,,59.0,,50.0,,50.0,,70.0,,70.0,,45.0,0.5353319057815845,0.0,0.0,,0.9510565162951536,-0.30901699437494734,0,0.0,0.0
Tomato_Big,vegetable,2082,7,4,kartik,0,50.0,80.0,67.63,kg,kg,False,0.0,True,0,0,,7,False,0,0,0,0,0,0,0,0,0,0,0,0,0,0,0,0,0,0,0,0,0,0,0,0,0,0,0,0,0,0,0,0,0,0,0,84.06,59.0,71.53,17.720095936534882,65.0,50.0,57.5,10.606601717798213,110.0,70.0,90.0,28.284271247461902,30.0,0.44359012272660064,0.0,0.0,,0.5877852522924732,-0.8090169943749473,0,0.0,0.0
Tomato_Big,vegetable,2082,10,7,magh,0,50.0,110.0,68.43,kg,kg,False,0.0,True,0,0,,7,False,0,0,0,0,0,0,0,0,0,0,0,0,0,0,0,0,0,0,0,0,0,0,0,0,0,0,0,0,0,0,0,0,0,0,0,67.63,84.06,70.23,12.730706971727848,50.0,65.0,55.0,8.660254037844387,80.0,110.0,86.66666666666667,20.81665999466133,60.0,0.8768084173608066,0.0,0.0,,-0.9510565162951535,-0.30901699437494756,0,0.0,0.0
Tomato_Big,vegetable,2082,11,8,falgun,0,60.0,70.0,65.0,kg,kg,False,0.0,True,0,0,,7,False,0,0,0,0,0,0,0,0,0,0,0,0,0,0,0,0,0,0,0,0,0,0,0,0,0,0,0,0,0,0,0,0,0,0,0,68.43,67.63,73.37333333333333,9.26356482858156,50.0,50.0,55.0,8.660254037844387,110.0,80.0,100.0,17.320508075688775,10.0,0.15384615384615385,0.0,0.0,,-0.9510565162951536,0.30901699437494723,0,0.0,0.0
Tomato_Big,vegetable,2082,12,9,chaitra,0,60.0,100.0,75.68,kg,kg,False,0.0,True,0,0,,7,False,0,0,0,0,0,0,0,0,0,0,0,0,0,0,0,0,0,0,0,0,0,0,0,0,0,0,0,0,0,0,0,0,0,0,0,65.0,68.43,67.02,1.7945194342775903,60.0,50.0,53.333333333333336,5.773502691896256,70.0,110.0,86.66666666666667,20.81665999466133,40.0,0.5285412262156448,0.0,0.0,,-0.5877852522924732,0.8090169943749473,0,0.0,0.0
Tomato_Big,vegetable,2083,1,10,baishakh,0,60.0,80.0,68.7,kg,kg,False,0.0,True,0,0,,7,False,0,0,0,0,0,0,0,0,0,0,0,0,0,0,0,0,0,0,0,0,0,0,0,0,0,0,0,0,0,0,0,0,0,0,0,75.68,65.0,69.70333333333333,5.452672127804251,60.0,60.0,56.666666666666664,5.773502691896256,100.0,70.0,93.33333333333333,20.81665999466133,20.0,0.29112081513828236,0.0,0.0,,-2.4492935982947064e-16,1.0,0,0.0,0.0
Tomato_Small,vegetable,2082,4,1,shrawan,1027751,35.0,65.0,50.82,kg,kg,False,52230305.82,True,1027751,0,0.0574896059454089,10,True,0,0,0,0,0,0,0,68450,0,0,59085,0,822011,0,0,0,21480,0,0,0,0,23240,0,33485,0,0,0,0,0,0,0,0,0,0,0,,,,,,,,,,,,,30.0,0.5903187721369539,,,,0.5877852522924731,0.8090169943749475,59085,0.05748960594540896,0.7998153249181952
Tomato_Small,vegetable,2082,5,2,bhadra,677920,34.0,104.0,69.65,kg,kg,False,47217128.0,True,677920,0,0.0282186688694831,10,True,0,0,0,0,0,0,0,22199,540,3380,19130,0,477986,0,0,0,80573,0,0,0,0,22092,0,41570,7230,0,0,0,0,0,0,0,0,3220,0,50.82,,50.82,,35.0,,35.0,,65.0,,65.0,,70.0,1.0050251256281406,1027751.0,1027751.0,-0.3403849765166855,0.9510565162951535,0.30901699437494745,19130,0.028218668869483123,0.7050772952560774
Tomato_Small,vegetable,2082,6,3,ashwin,0,57.0,113.0,83.18,kg,kg,False,0.0,True,0,0,,10,True,0,0,0,0,0,0,0,0,0,0,0,0,0,0,0,0,0,0,0,0,0,0,0,0,0,0,0,0,0,0,0,0,0,0,0,69.65,50.82,60.235,13.314820689742696,34.0,35.0,34.5,0.7071067811865476,104.0,65.0,84.5,27.577164466275352,56.0,0.6732387593171435,677920.0,677920.0,-1.0,0.9510565162951536,-0.30901699437494734,0,0.0,0.0
Tomato_Small,vegetable,2082,7,4,kartik,600823,35.0,96.0,61.97,kg,kg,False,37233001.31,True,600823,0,0.1809185067815313,10,True,0,0,0,0,0,0,0,232862,2230,0,108700,0,28456,0,0,0,97315,0,0,0,0,113740,0,8770,0,0,0,0,0,0,0,0,0,0,8750,83.18,69.65,67.88333333333334,16.25217626452942,57.0,34.0,42.0,13.0,113.0,104.0,94.0,25.514701644346147,61.0,0.9843472648055511,0.0,0.0,,0.5877852522924732,-0.8090169943749473,108700,0.18091850678153135,0.047361702198484415
Tomato_Small,vegetable,2082,8,5,mangsir,701200,57.0,122.0,91.55,kg,kg,False,64194860.0,True,701200,0,0.287093553907587,10,True,0,0,0,0,0,0,0,217120,3785,2480,201310,0,0,0,0,0,71715,0,0,0,0,177730,21100,0,0,0,0,0,0,0,0,0,0,5960,0,61.97,83.18,71.60000000000001,10.738617229420187,35.0,57.0,42.0,13.0,96.0,113.0,104.33333333333333,8.50490054811538,65.0,0.70999453850355,600823.0,600823.0,0.1670658413542757,1.2246467991473532e-16,-1.0,201310,0.287093553907587,0.0
Tomato_Small,vegetable,2082,9,6,poush,972510,70.0,130.0,98.36,kg,kg,False,95656083.6,False,972525,-15,0.4917200071977584,10,True,0,0,0,0,0,0,40265,106665,4790,0,478210,0,15,0,0,0,82860,0,0,0,0,247390,0,3390,0,0,0,0,0,0,0,0,0,8940,0,91.55,61.97,78.89999999999999,15.24738994057671,57.0,35.0,49.666666666666664,12.701705922171767,122.0,96.0,110.33333333333333,13.203534880225574,60.0,0.6100040666937779,701200.0,701200.0,0.38692241871078153,-0.587785252292473,-0.8090169943749475,478210,0.49172000719775844,1.542376802652888e-05
Tomato_Small,vegetable,2082,10,7,magh,731003,35.0,104.0,54.01,kg,kg,False,39481472.03,True,731003,0,0.356859000578657,10,True,0,0,0,0,0,0,26650,36780,1590,0,260865,0,0,0,0,0,43415,0,0,0,0,361703,0,0,0,0,0,0,0,0,0,0,0,0,0,98.36,91.55,83.96,19.34590654376268,70.0,57.0,54.0,17.69180601295413,130.0,122.0,116.0,17.776388834631177,69.0,1.277541196074801,972510.0,972525.0,-0.24833369322680487,-0.9510565162951535,-0.30901699437494756,260865,0.356859000578657,0.0
Tomato_Small,vegetable,2082,11,8,falgun,470206,35.0,78.0,51.14,kg,kg,False,24046334.84,True,470206,0,0.2075154294075362,10,True,0,0,0,0,0,0,16280,8640,520,1140,97575,0,0,0,0,0,63606,0,0,0,0,282445,0,0,0,0,0,0,0,0,0,0,0,0,0,54.01,98.36,81.30666666666666,23.883572457514248,35.0,70.0,54.0,17.69180601295413,104.0,130.0,118.66666666666667,13.316656236958787,43.0,0.8408290965975753,731003.0,731003.0,-0.3567659777046059,-0.9510565162951536,0.30901699437494723,97575,0.20751542940753628,0.0
Tomato_Small,vegetable,2082,12,9,chaitra,738431,26.0,130.0,68.5,kg,kg,False,50582523.5,True,738431,0,0.4762936550605269,10,True,0,0,0,0,0,0,15110,22800,0,0,351710,0,0,0,0,0,36245,0,0,0,0,278001,0,0,0,0,0,0,0,0,34565,0,0,0,0,51.14,54.01,67.83666666666667,26.472903757112356,35.0,35.0,46.666666666666664,20.207259421636902,78.0,104.0,104.0,26.0,104.0,1.5182481751824817,470206.0,470206.0,0.5704414660808241,-0.5877852522924732,0.8090169943749473,351710,0.47629365506052695,0.0
Tomato_Small,vegetable,2083,1,10,baishakh,679300,26.0,117.0,69.39,kg,kg,False,47136627.0,True,679300,0,0.2341969674665096,10,True,0,0,0,0,0,0,35760,44615,2370,0,159090,0,47136,0,0,0,24685,0,0,0,0,268807,72015,0,0,0,0,0,24822,0,0,0,0,0,0,68.5,51.14,57.88333333333333,9.305613001481078,26.0,35.0,32.0,5.196152422706627,130.0,78.0,104.0,26.0,91.0,1.3114281596771868,738431.0,738431.0,-0.08007654066527543,-2.4492935982947064e-16,1.0,159090,0.23419696746650964,0.06938907699102016
Turnip,vegetable,2082,4,1,shrawan,0,100.0,120.0,110.0,kg,kg,False,0.0,True,0,0,,9,False,0,0,0,0,0,0,0,0,0,0,0,0,0,0,0,0,0,0,0,0,0,0,0,0,0,0,0,0,0,0,0,0,0,0,0,,,,,,,,,,,,,20.0,0.18181818181818182,,,,0.5877852522924731,0.8090169943749475,0,0.0,0.0
Turnip,vegetable,2082,6,3,ashwin,120,100.0,120.0,110.0,kg,kg,False,13200.0,True,120,0,0.0,9,False,0,0,0,0,0,0,0,0,0,0,0,0,120,0,0,0,0,0,0,0,0,0,0,0,0,0,0,0,0,0,0,0,0,0,0,110.0,,110.0,,100.0,,100.0,,120.0,,120.0,,20.0,0.18181818181818182,0.0,0.0,,0.9510565162951536,-0.30901699437494734,0,0.0,1.0
Turnip,vegetable,2082,7,4,kartik,710,100.0,120.0,110.0,kg,kg,False,78100.0,True,710,0,0.0,9,False,0,0,0,0,0,0,240,0,0,0,0,0,340,0,0,0,130,0,0,0,0,0,0,0,0,0,0,0,0,0,0,0,0,0,0,110.0,110.0,110.0,0.0,100.0,100.0,100.0,0.0,120.0,120.0,120.0,0.0,20.0,0.18181818181818182,120.0,120.0,4.916666666666667,0.5877852522924732,-0.8090169943749473,0,0.0,0.4788732394366197
Turnip,vegetable,2082,8,5,mangsir,130,100.0,120.0,110.0,kg,kg,False,14300.0,True,130,0,0.0,9,False,0,0,0,0,0,0,0,0,0,0,0,0,130,0,0,0,0,0,0,0,0,0,0,0,0,0,0,0,0,0,0,0,0,0,0,110.0,110.0,110.0,0.0,100.0,100.0,100.0,0.0,120.0,120.0,120.0,0.0,20.0,0.18181818181818182,710.0,710.0,-0.8169014084507042,1.2246467991473532e-16,-1.0,0,0.0,1.0
Turnip,vegetable,2082,9,6,poush,980,100.0,120.0,110.0,kg,kg,False,107800.0,True,980,0,0.0,9,False,0,0,0,0,0,0,0,0,0,0,0,0,580,0,0,0,190,0,0,0,0,210,0,0,0,0,0,0,0,0,0,0,0,0,0,110.0,110.0,110.0,0.0,100.0,100.0,100.0,0.0,120.0,120.0,120.0,0.0,20.0,0.18181818181818182,130.0,130.0,6.538461538461538,-0.587785252292473,-0.8090169943749475,0,0.0,0.5918367346938775
Turnip,vegetable,2082,10,7,magh,536,100.0,120.0,110.0,kg,kg,False,58960.0,True,536,0,0.0,9,False,0,0,0,0,0,0,0,0,0,0,0,0,185,0,0,0,351,0,0,0,0,0,0,0,0,0,0,0,0,0,0,0,0,0,0,110.0,110.0,110.0,0.0,100.0,100.0,100.0,0.0,120.0,120.0,120.0,0.0,20.0,0.18181818181818182,980.0,980.0,-0.4530612244897959,-0.9510565162951535,-0.30901699437494756,0,0.0,0.3451492537313433
Turnip,vegetable,2082,11,8,falgun,345,100.0,120.0,110.0,kg,kg,False,37950.0,True,345,0,0.0,9,False,0,0,0,0,0,0,0,0,0,0,0,0,295,0,0,0,50,0,0,0,0,0,0,0,0,0,0,0,0,0,0,0,0,0,0,110.0,110.0,110.0,0.0,100.0,100.0,100.0,0.0,120.0,120.0,120.0,0.0,20.0,0.18181818181818182,536.0,536.0,-0.35634328358208955,-0.9510565162951536,0.30901699437494723,0,0.0,0.855072463768116
Turnip,vegetable,2082,12,9,chaitra,25,100.0,120.0,110.0,kg,kg,False,2750.0,True,25,0,0.0,9,False,0,0,0,0,0,0,0,0,0,0,0,0,25,0,0,0,0,0,0,0,0,0,0,0,0,0,0,0,0,0,0,0,0,0,0,110.0,110.0,110.0,0.0,100.0,100.0,100.0,0.0,120.0,120.0,120.0,0.0,20.0,0.18181818181818182,345.0,345.0,-0.927536231884058,-0.5877852522924732,0.8090169943749473,0,0.0,1.0
Turnip,vegetable,2083,1,10,baishakh,0,100.0,120.0,110.0,kg,kg,False,0.0,True,0,0,,9,False,0,0,0,0,0,0,0,0,0,0,0,0,0,0,0,0,0,0,0,0,0,0,0,0,0,0,0,0,0,0,0,0,0,0,0,110.0,110.0,110.0,0.0,100.0,100.0,100.0,0.0,120.0,120.0,120.0,0.0,20.0,0.18181818181818182,25.0,25.0,-1.0,-2.4492935982947064e-16,1.0,0,0.0,0.0
Walnut,fruit,2082,6,3,ashwin,1660,,,450.0,kg,kg,False,747000.0,True,1660,0,1.0,1,False,0,0,0,0,0,1660,0,0,0,0,0,0,0,0,0,0,0,0,0,0,0,0,0,0,0,0,0,0,0,0,0,0,0,0,0,,,,,,,,,,,,,,,,,,0.9510565162951536,-0.30901699437494734,1660,1.0,0.0
Watermelon,fruit,2082,4,1,shrawan,394825,60.0,80.0,73.0,kg,kg,False,28822225.0,True,394825,0,1.0,10,True,0,0,0,0,0,0,0,0,0,0,394825,0,0,0,0,0,0,0,0,0,0,0,0,0,0,0,0,0,0,0,0,0,0,0,0,,,,,,,,,,,,,20.0,0.273972602739726,,,,0.5877852522924731,0.8090169943749475,394825,1.0,0.0
Watermelon,fruit,2082,5,2,bhadra,85305,30.0,80.0,58.47,kg,kg,False,4987783.35,True,85305,0,1.0,10,True,0,0,0,0,0,0,0,0,0,0,85305,0,0,0,0,0,0,0,0,0,0,0,0,0,0,0,0,0,0,0,0,0,0,0,0,73.0,,73.0,,60.0,,60.0,,80.0,,80.0,,50.0,0.8551393877201984,394825.0,394825.0,-0.783942252896853,0.9510565162951535,0.30901699437494745,85305,1.0,0.0
Watermelon,fruit,2082,6,3,ashwin,65720,70.0,80.0,75.0,kg,kg,False,4929000.0,True,65720,0,1.0,10,True,0,0,0,0,0,0,0,0,0,0,65720,0,0,0,0,0,0,0,0,0,0,0,0,0,0,0,0,0,0,0,0,0,0,0,0,58.47,73.0,65.735,10.274261530640537,30.0,60.0,45.0,21.213203435596427,80.0,80.0,80.0,0.0,10.0,0.13333333333333333,85305.0,85305.0,-0.22958794912373248,0.9510565162951536,-0.30901699437494734,65720,1.0,0.0
Watermelon,fruit,2082,7,4,kartik,61420,60.0,80.0,72.37,kg,kg,False,4444965.4,True,61420,0,1.0,10,True,0,0,0,0,0,0,0,0,0,0,61420,0,0,0,0,0,0,0,0,0,0,0,0,0,0,0,0,0,0,0,0,0,0,0,0,75.0,58.47,68.82333333333334,9.021842014429943,70.0,30.0,53.333333333333336,20.816659994661325,80.0,80.0,80.0,0.0,20.0,0.2763576067431256,65720.0,65720.0,-0.06542909312233719,0.5877852522924732,-0.8090169943749473,61420,1.0,0.0
Watermelon,fruit,2082,8,5,mangsir,116630,60.0,80.0,67.11,kg,kg,False,7827039.3,True,116630,0,1.0,10,True,0,0,0,0,0,0,0,0,0,0,116630,0,0,0,0,0,0,0,0,0,0,0,0,0,0,0,0,0,0,0,0,0,0,0,0,72.37,75.0,68.61333333333333,8.88226510150048,60.0,70.0,53.333333333333336,20.816659994661325,80.0,80.0,80.0,0.0,20.0,0.29801817910892564,61420.0,61420.0,0.8988928687723868,1.2246467991473532e-16,-1.0,116630,1.0,0.0
Watermelon,fruit,2082,9,6,poush,138690,70.0,80.0,75.0,kg,kg,False,10401750.0,True,138690,0,1.0,10,True,0,0,0,0,0,0,0,0,0,0,138690,0,0,0,0,0,0,0,0,0,0,0,0,0,0,0,0,0,0,0,0,0,0,0,0,67.11,72.37,71.49333333333334,4.017391359244604,60.0,60.0,63.333333333333336,5.773502691896254,80.0,80.0,80.0,0.0,10.0,0.13333333333333333,116630.0,116630.0,0.18914515990739947,-0.587785252292473,-0.8090169943749475,138690,1.0,0.0
Watermelon,fruit,2082,10,7,magh,106775,70.0,80.0,75.0,kg,kg,False,8008125.0,True,106775,0,1.0,10,True,0,0,0,0,0,0,0,0,0,0,106775,0,0,0,0,0,0,0,0,0,0,0,0,0,0,0,0,0,0,0,0,0,0,0,0,75.0,67.11,71.49333333333334,4.017391359244604,70.0,60.0,63.333333333333336,5.773502691896254,80.0,80.0,80.0,0.0,10.0,0.13333333333333333,138690.0,138690.0,-0.23011752830052634,-0.9510565162951535,-0.30901699437494756,106775,1.0,0.0
Watermelon,fruit,2082,11,8,falgun,185185,70.0,80.0,75.0,kg,kg,False,13888875.0,True,185185,0,1.0,10,True,0,0,0,0,0,0,0,0,0,0,185185,0,0,0,0,0,0,0,0,0,0,0,0,0,0,0,0,0,0,0,0,0,0,0,0,75.0,75.0,72.37,4.555293623906132,70.0,70.0,66.66666666666667,5.773502691896252,80.0,80.0,80.0,0.0,10.0,0.13333333333333333,106775.0,106775.0,0.734347927885741,-0.9510565162951536,0.30901699437494723,185185,1.0,0.0
Watermelon,fruit,2082,12,9,chaitra,570310,40.0,80.0,53.18,kg,kg,False,30329085.8,True,570310,0,1.0,10,True,0,0,0,0,0,0,0,0,0,0,570310,0,0,0,0,0,0,0,0,0,0,0,0,0,0,0,0,0,0,0,0,0,0,0,0,75.0,75.0,75.0,0.0,70.0,70.0,70.0,0.0,80.0,80.0,80.0,0.0,40.0,0.752162467092892,185185.0,185185.0,2.07967707967708,-0.5877852522924732,0.8090169943749473,570310,1.0,0.0
Watermelon,fruit,2083,1,10,baishakh,1757370,35.0,50.0,41.63,kg,kg,False,73159313.1,True,1757370,0,0.7257435827401173,10,True,0,0,0,0,0,0,0,0,0,0,1275400,0,0,0,0,0,1005,0,0,0,0,320,44315,0,0,0,0,0,0,0,0,0,436330,0,0,53.18,75.0,67.72666666666666,12.597782873717625,40.0,70.0,60.0,17.32050807568877,80.0,80.0,80.0,0.0,15.0,0.36031707902954596,570310.0,570310.0,2.0814293980466765,-2.4492935982947064e-16,1.0,1275400,0.7257435827401173,0.0
Yam,vegetable,2082,6,3,ashwin,5760,,,121.5,kg,kg,False,699840.0,True,5760,0,0.0,8,False,0,0,0,0,0,0,0,610,0,0,0,0,0,0,0,0,4190,0,0,0,0,960,0,0,0,0,0,0,0,0,0,0,0,0,0,,,,,,,,,,,,,,,,,,0.9510565162951536,-0.30901699437494734,0,0.0,0.0
Yam,vegetable,2082,7,4,kartik,26007,,,120.5,kg,kg,False,3133843.5,True,26007,0,0.0,8,False,0,0,0,0,0,0,0,1280,1350,0,0,0,0,0,0,0,18685,0,0,0,0,4582,0,0,0,0,0,0,0,0,0,0,0,0,110,121.5,,121.5,,,,,,,,,,,,5760.0,5760.0,3.5151041666666667,0.5877852522924732,-0.8090169943749473,0,0.0,0.0
Yam,vegetable,2082,8,5,mangsir,61695,,,135.0,kg,kg,False,8328825.0,True,61695,0,0.0,8,False,0,0,0,0,0,0,0,3720,2680,470,0,0,0,0,0,0,31320,0,0,0,0,15135,7160,0,0,0,0,0,0,0,640,0,0,0,570,120.5,121.5,121.0,0.7071067811865476,,,,,,,,,,,26007.0,26007.0,1.3722459337870574,1.2246467991473532e-16,-1.0,0,0.0,0.0
Yam,vegetable,2082,9,6,poush,271255,,,115.66,kg,kg,False,31373353.3,True,271255,0,0.0626347901421172,8,False,0,0,0,0,0,0,2260,19390,30925,12665,16990,0,0,0,0,0,48595,0,0,0,0,50280,26390,0,0,0,0,0,0,0,50190,0,3540,0,10030,135.0,120.5,125.66666666666667,8.098353742170893,,,,,,,,,,,61695.0,61695.0,3.3967096199043683,-0.587785252292473,-0.8090169943749475,16990,0.0626347901421172,0.0
Yam,vegetable,2082,10,7,magh,36650,,,115.0,kg,kg,False,4214750.0,True,36650,0,0.0914051841746248,8,False,0,0,0,0,0,0,0,0,2560,0,3350,0,0,0,0,0,27910,0,0,0,0,2510,0,0,0,0,0,0,0,0,0,0,0,0,320,115.66,135.0,123.71999999999998,10.064054848817149,,,,,,,,,,,271255.0,271255.0,-0.8648872831837201,-0.9510565162951535,-0.30901699437494756,3350,0.09140518417462483,0.0
Yam,vegetable,2082,11,8,falgun,18820,,,145.0,kg,kg,False,2728900.0,True,18820,0,0.0,8,False,0,0,0,0,0,0,0,0,2250,0,0,0,0,0,0,0,14230,0,0,0,0,2340,0,0,0,0,0,0,0,0,0,0,0,0,0,115.0,115.66,121.88666666666666,11.361273402807157,,,,,,,,,,,36650.0,36650.0,-0.486493860845839,-0.9510565162951536,0.30901699437494723,0,0.0,0.0
Yam,vegetable,2082,12,9,chaitra,28310,100.0,120.0,110.0,kg,kg,False,3114100.0,True,28310,0,0.0,8,False,0,0,0,0,0,0,0,0,880,0,0,0,0,0,0,0,20620,0,0,0,0,3940,0,0,0,0,0,0,0,0,0,0,0,0,2870,145.0,115.0,125.21999999999998,17.13316082922237,,,,,,,,,20.0,0.18181818181818182,18820.0,18820.0,0.5042507970244421,-0.5877852522924732,0.8090169943749473,0,0.0,0.0
Yam,vegetable,2083,1,10,baishakh,1625,100.0,120.0,110.0,kg,kg,False,178750.0,True,1625,0,0.0,8,False,0,0,0,0,0,0,0,0,0,0,0,0,0,0,0,0,1625,0,0,0,0,0,0,0,0,0,0,0,0,0,0,0,0,0,0,110.0,145.0,123.33333333333333,18.929694486000912,100.0,,100.0,,120.0,,120.0,,20.0,0.18181818181818182,28310.0,28310.0,-0.942599788060756,-2.4492935982947064e-16,1.0,0,0.0,0.0
