Product_Name,Category,bs_year,bs_month,month_idx,month_name,Volume,Min_Price,Max_Price,Avg_Price,Unit,unit_canonical,unit_changed,Total_Amount,Volume_Equals,TOTAL_sources,reconciliation_gap,import_share,n_months_present,is_balanced,Baglung,Bara,Beni,Bhutan,Birgunj,China,Dang,Dhading,Gorkha,Hetauda,India,Jhapa,Kathmandu,Kevray,Lahan,Lamjung,Local,Marpha,Mugu,Mustang,Myagdi,Narayangadh,Nawalparasi,Nuwakot,Palpa,Parbat,Rolpa,Rukum,Rupandehi,Salyan,Sarlahi,Sindhuli,Sunsari,Syangja,Tanahu
Akabary_Chilly,vegetable,2082,9,6,poush,880,400.0,600.0,500.0,kg,kg,False,440000.0,True,880,0,0.0,5,False,0,0,0,0,0,0,0,0,240,0,0,0,0,0,0,0,0,0,0,0,0,640,0,0,0,0,0,0,0,0,0,0,0,0,0
Akabary_Chilly,vegetable,2082,10,7,magh,540,300.0,900.0,628.57,kg,kg,False,339427.8,True,540,0,0.0,5,False,0,0,0,0,0,0,0,0,540,0,0,0,0,0,0,0,0,0,0,0,0,0,0,0,0,0,0,0,0,0,0,0,0,0,0
Akabary_Chilly,vegetable,2082,11,8,falgun,0,300.0,800.0,555.56,kg,kg,False,0.0,True,0,0,,5,False,0,0,0,0,0,0,0,0,0,0,0,0,0,0,0,0,0,0,0,0,0,0,0,0,0,0,0,0,0,0,0,0,0,0,0
Akabary_Chilly,vegetable,2082,12,9,chaitra,5920,300.0,500.0,439.77,kg,kg,False,2603438.4,True,5920,0,0.8885135135135135,5,False,0,0,0,0,0,0,0,0,0,0,5260,0,0,0,0,0,0,0,0,0,0,660,0,0,0,0,0,0,0,0,0,0,0,0,0
Akabary_Chilly,vegetable,2083,1,10,baishakh,13770,400.0,500.0,450.0,kg,kg,False,6196500.0,True,13770,0,0.28830791575889614,5,False,0,0,0,0,0,0,0,0,0,0,3970,0,0,0,0,1230,0,0,0,0,0,8570,0,0,0,0,0,0,0,0,0,0,0,0,0
Amala,fruit,2082,5,2,bhadra,7190,,,120.0,kg,kg,False,862800.0,True,7190,0,1.0,9,False,0,0,0,0,0,0,0,0,0,0,7190,0,0,0,0,0,0,0,0,0,0,0,0,0,0,0,0,0,0,0,0,0,0,0,0
Amala,fruit,2082,6,3,ashwin,21565,100.0,120.0,111.25,kg,kg,False,2399106.25,True,21565,0,0.8710874101553443,9,False,0,0,0,0,0,0,0,2780,0,0,18785,0,0,0,0,0,0,0,0,0,0,0,0,0,0,0,0,0,0,0,0,0,0,0,0
Amala,fruit,2082,7,4,kartik,20415,100.0,120.0,110.0,kg,kg,False,2245650.0,True,20415,0,0.843252510409013,9,False,0,0,0,0,0,0,0,2510,510,0,17215,0,0,0,0,0,0,0,0,0,0,180,0,0,0,0,0,0,0,0,0,0,0,0,0
Amala,fruit,2082,8,5,mangsir,24940,100.0,120.0,110.0,kg,kg,False,2743400.0,True,24940,0,0.9085805934242182,9,False,0,0,0,0,0,0,0,1380,900,0,22660,0,0,0,0,0,0,0,0,0,0,0,0,0,0,0,0,0,0,0,0,0,0,0,0
Amala,fruit,2082,9,6,poush,29125,80.0,100.0,90.0,kg,kg,False,2621250.0,True,29125,0,0.9848927038626609,9,False,0,0,0,0,0,0,0,0,440,0,28685,0,0,0,0,0,0,0,0,0,0,0,0,0,0,0,0,0,0,0,0,0,0,0,0
Amala,fruit,2082,10,7,magh,15550,80.0,150.0,93.14,kg,kg,False,1448327.0,True,15550,0,0.9864951768488746,9,False,0,0,0,0,0,0,0,0,210,0,15340,0,0,0,0,0,0,0,0,0,0,0,0,0,0,0,0,0,0,0,0,0,0,0,0
Amala,fruit,2082,11,8,falgun,12730,80.0,150.0,96.11,kg,kg,False,1223480.3,True,12730,0,1.0,9,False,0,0,0,0,0,0,0,0,0,0,12730,0,0,0,0,0,0,0,0,0,0,0,0,0,0,0,0,0,0,0,0,0,0,0,0
Amala,fruit,2082,12,9,chaitra,5010,80.0,150.0,135.0,kg,kg,False,676350.0,True,5010,0,1.0,9,False,0,0,0,0,0,0,0,0,0,0,5010,0,0,0,0,0,0,0,0,0,0,0,0,0,0,0,0,0,0,0,0,0,0,0,0
Amala,fruit,2083,1,10,baishakh,0,140.0,150.0,145.0,kg,kg,False,0.0,True,0,0,,9,False,0,0,0,0,0,0,0,0,0,0,0,0,0,0,0,0,0,0,0,0,0,0,0,0,0,0,0,0,0,0,0,0,0,0,0
Apple,fruit,2082,4,1,shrawan,679675,130.0,330.0,192.4,kg,kg,False,130769470.0,True,679675,0,0.9747232133004745,10,True,0,0,0,0,0,303995,0,0,0,0,358500,0,0,0,0,0,0,0,17180,0,0,0,0,0,0,0,0,0,0,0,0,0,0,0,0
Apple,fruit,2082,5,2,bhadra,559832,130.0,330.0,289.86,kg,kg,False,162272903.5,False,531622,28210,0.9063620391932614,10,True,0,0,0,0,0,166030,0,0,0,0,315812,0,0,0,0,0,0,0,16180,33600,0,0,0,0,0,0,0,0,0,0,0,0,0,0,0
Apple,fruit,2082,6,3,ashwin,681942,130.0,330.0,237.81,kg,kg,False,161492490.4,False,679082,2860,0.32190516020156623,10,True,0,0,0,0,0,168330,0,0,0,0,50270,0,0,0,0,0,0,0,0,460482,0,0,0,0,0,0,0,0,0,0,0,0,0,0,0
Apple,fruit,2082,7,4,kartik,221694,180.0,330.0,255.0,kg,kg,False,56531970.0,True,221694,0,0.7927593890678142,10,True,0,0,0,0,0,175750,0,0,0,0,0,0,0,0,0,0,0,45944,0,0,0,0,0,0,0,0,0,0,0,0,0,0,0,0,0
Apple,fruit,2082,8,5,mangsir,228700,180.0,330.0,255.0,kg,kg,False,58318500.0,True,228700,0,1.0,10,True,0,0,0,0,0,226900,0,0,0,0,1800,0,0,0,0,0,0,0,0,0,0,0,0,0,0,0,0,0,0,0,0,0,0,0,0
Apple,fruit,2082,9,6,poush,226805,180.0,330.0,255.0,kg,kg,False,57835275.0,True,226805,0,1.0,10,True,0,0,0,0,0,220900,0,0,0,0,5905,0,0,0,0,0,0,0,0,0,0,0,0,0,0,0,0,0,0,0,0,0,0,0,0
Apple,fruit,2082,10,7,magh,185455,225.0,330.0,255.0,kg,kg,False,47291025.0,True,185455,0,1.0,10,True,0,0,0,0,0,185455,0,0,0,0,0,0,0,0,0,0,0,0,0,0,0,0,0,0,0,0,0,0,0,0,0,0,0,0,0
Apple,fruit,2082,11,8,falgun,221540,225.0,330.0,255.0,kg,kg,False,56492700.0,True,221540,0,1.0,10,True,0,0,0,0,0,221540,0,0,0,0,0,0,0,0,0,0,0,0,0,0,0,0,0,0,0,0,0,0,0,0,0,0,0,0,0
Apple,fruit,2082,12,9,chaitra,309170,225.0,330.0,255.0,kg,kg,False,78838350.0,True,309170,0,1.0,10,True,0,0,0,0,0,295920,0,0,0,0,13250,0,0,0,0,0,0,0,0,0,0,0,0,0,0,0,0,0,0,0,0,0,0,0,0
Apple,fruit,2083,1,10,baishakh,326790,225.0,350.0,266.3,kg,kg,False,87024177.0,True,326790,0,1.0,10,True,0,0,0,0,0,326790,0,0,0,0,0,0,0,0,0,0,0,0,0,0,0,0,0,0,0,0,0,0,0,0,0,0,0,0,0
Apple_Fuji,fruit,2082,4,1,shrawan,0,130.0,330.0,289.2,kg,kg,False,0.0,True,0,0,,7,False,0,0,0,0,0,0,0,0,0,0,0,0,0,0,0,0,0,0,0,0,0,0,0,0,0,0,0,0,0,0,0,0,0,0,0
Apple_Fuji,fruit,2082,6,3,ashwin,0,270.0,330.0,300.0,kg,kg,False,0.0,True,0,0,,7,False,0,0,0,0,0,0,0,0,0,0,0,0,0,0,0,0,0,0,0,0,0,0,0,0,0,0,0,0,0,0,0,0,0,0,0
Apple_Fuji,fruit,2082,8,5,mangsir,0,270.0,330.0,300.0,kg,kg,False,0.0,True,0,0,,7,False,0,0,0,0,0,0,0,0,0,0,0,0,0,0,0,0,0,0,0,0,0,0,0,0,0,0,0,0,0,0,0,0,0,0,0
Apple_Fuji,fruit,2082,10,7,magh,0,270.0,330.0,300.0,kg,kg,False,0.0,True,0,0,,7,False,0,0,0,0,0,0,0,0,0,0,0,0,0,0,0,0,0,0,0,0,0,0,0,0,0,0,0,0,0,0,0,0,0,0,0
Apple_Fuji,fruit,2082,11,8,falgun,0,270.0,330.0,300.0,kg,kg,False,0.0,True,0,0,,7,False,0,0,0,0,0,0,0,0,0,0,0,0,0,0,0,0,0,0,0,0,0,0,0,0,0,0,0,0,0,0,0,0,0,0,0
Apple_Fuji,fruit,2082,12,9,chaitra,0,270.0,330.0,300.0,kg,kg,False,0.0,True,0,0,,7,False,0,0,0,0,0,0,0,0,0,0,0,0,0,0,0,0,0,0,0,0,0,0,0,0,0,0,0,0,0,0,0,0,0,0,0
Apple_Fuji,fruit,2083,1,10,baishakh,0,270.0,330.0,300.0,kg,kg,False,0.0,True,0,0,,7,False,0,0,0,0,0,0,0,0,0,0,0,0,0,0,0,0,0,0,0,0,0,0,0,0,0,0,0,0,0,0,0,0,0,0,0
Arum,vegetable,2082,4,1,shrawan,6009,100.0,120.0,110.0,kg,kg,False,660990.0,True,6009,0,0.6322183391579298,10,True,0,0,0,0,150,0,0,0,0,0,3799,0,0,0,0,0,0,0,0,0,0,0,0,0,0,0,0,0,0,0,2060,0,0,0,0
Arum,vegetable,2082,5,2,bhadra,9385,100.0,120.0,110.0,kg,kg,False,1032350.0,True,9385,0,0.8955780500799148,10,True,0,0,0,0,210,0,0,0,0,0,8405,0,0,0,0,0,240,0,0,0,0,0,0,0,0,0,0,0,0,0,530,0,0,0,0
Arum,vegetable,2082,6,3,ashwin,10750,60.0,80.0,70.0,kg,kg,False,752500.0,True,10750,0,0.6753488372093023,10,True,0,0,0,0,210,0,0,0,0,0,7260,0,0,0,0,0,3280,0,0,0,0,0,0,0,0,0,0,0,0,0,0,0,0,0,0
Arum,vegetable,2082,7,4,kartik,42060,60.0,80.0,65.26,kg,kg,False,2744835.6,True,42060,0,0.1419400855920114,10,True,0,0,0,0,0,0,0,790,5790,0,5970,0,0,0,0,0,11630,0,0,0,0,15740,0,0,0,0,0,0,0,0,0,0,0,0,2140
Arum,vegetable,2082,8,5,mangsir,56424,60.0,80.0,73.95,kg,kg,False,4172554.8,True,56424,0,0.0,10,True,0,0,0,0,0,0,0,3780,6360,0,0,0,0,0,0,0,14580,0,0,0,0,12434,15120,2060,0,0,0,0,0,0,0,0,0,0,2090
Arum,vegetable,2082,9,6,poush,40610,60.0,80.0,70.0,kg,kg,False,2842700.0,True,40610,0,0.0,10,True,0,0,0,0,0,0,0,2500,6505,520,0,0,0,0,0,0,17820,0,0,0,0,7745,2710,0,0,0,0,0,0,0,1120,0,0,0,1690
Arum,vegetable,2082,10,7,magh,6070,60.0,80.0,70.0,kg,kg,False,424900.0,True,6070,0,0.0,10,True,0,0,0,0,0,0,0,0,1500,0,0,0,0,0,0,0,4360,0,0,0,0,210,0,0,0,0,0,0,0,0,0,0,0,0,0
Arum,vegetable,2082,11,8,falgun,4700,60.0,80.0,70.0,kg,kg,False,329000.0,True,4700,0,0.0,10,True,0,0,0,0,0,0,0,0,1180,0,0,0,0,0,0,0,3210,0,0,0,0,0,0,0,0,0,0,0,0,0,0,0,0,0,310
Arum,vegetable,2082,12,9,chaitra,4560,60.0,80.0,69.09,kg,kg,False,315050.4,True,4560,0,0.0,10,True,0,0,0,0,0,0,0,0,240,0,0,0,0,0,0,0,4320,0,0,0,0,0,0,0,0,0,0,0,0,0,0,0,0,0,0
Arum,vegetable,2083,1,10,baishakh,1370,60.0,70.0,65.0,kg,kg,False,89050.0,True,1370,0,0.3795620437956204,10,True,0,0,0,0,0,0,0,0,0,0,520,0,0,0,0,0,850,0,0,0,0,0,0,0,0,0,0,0,0,0,0,0,0,0,0
Avocado,fruit,2082,4,1,shrawan,10080,300.0,350.0,325.0,kg,kg,False,3276000.0,True,10080,0,0.5634920634920635,10,True,0,0,0,0,0,4190,0,0,0,0,1490,0,0,0,0,0,2425,0,0,0,0,1345,0,0,0,0,0,0,0,0,0,0,0,0,630
Avocado,fruit,2082,5,2,bhadra,4230,300.0,600.0,400.0,kg,kg,False,1692000.0,True,4230,0,0.48699763593380613,10,True,0,0,0,0,0,2060,0,0,0,0,0,0,0,0,0,0,1160,0,0,0,0,410,0,0,0,0,0,0,0,0,0,0,0,0,600
Avocado,fruit,2082,6,3,ashwin,9365,300.0,350.0,325.0,kg,kg,False,3043625.0,True,9365,0,0.800320341697811,10,True,0,0,0,0,0,2090,0,0,0,0,5405,0,0,0,0,0,1060,0,0,0,0,600,0,0,0,0,0,0,0,0,0,0,0,0,210
Avocado,fruit,2082,7,4,kartik,4370,300.0,350.0,325.0,kg,kg,False,1420250.0,True,4370,0,0.6910755148741419,10,True,0,0,180,0,0,450,0,0,0,0,2570,0,0,0,0,0,1170,0,0,0,0,0,0,0,0,0,0,0,0,0,0,0,0,0,0
Avocado,fruit,2082,8,5,mangsir,11694,300.0,350.0,325.0,kg,kg,False,3800550.0,True,11694,0,0.7311441765007696,10,True,0,0,360,0,0,1120,0,0,0,0,7430,0,0,0,0,0,1434,0,0,0,0,0,210,0,0,0,0,0,0,0,0,0,1140,0,0
Avocado,fruit,2082,9,6,poush,11090,300.0,350.0,325.0,kg,kg,False,3604250.0,True,11090,0,0.7155094679891795,10,True,0,0,0,0,0,540,0,0,0,0,7395,0,0,0,0,0,645,0,0,0,0,0,0,0,0,0,0,0,0,0,0,0,2510,0,0
Avocado,fruit,2082,10,7,magh,3710,300.0,350.0,325.0,kg,kg,False,1205750.0,True,3710,0,0.9353099730458221,10,True,0,0,0,0,0,0,0,0,0,0,3470,0,0,0,0,0,0,0,0,0,0,0,0,0,0,0,0,0,0,0,0,0,240,0,0
Avocado,fruit,2082,11,8,falgun,7540,300.0,350.0,325.0,kg,kg,False,2450500.0,True,7540,0,1.0,10,True,0,0,0,0,0,0,0,0,0,0,7540,0,0,0,0,0,0,0,0,0,0,0,0,0,0,0,0,0,0,0,0,0,0,0,0
Avocado,fruit,2082,12,9,chaitra,5140,300.0,1000.0,721.43,kg,kg,False,3708150.2,True,5140,0,0.9591439688715954,10,True,0,0,0,0,0,210,0,0,0,0,4720,0,0,0,0,0,210,0,0,0,0,0,0,0,0,0,0,0,0,0,0,0,0,0,0
Avocado,fruit,2083,1,10,baishakh,5250,650.0,800.0,757.61,kg,kg,False,3977452.5,True,5250,0,1.0,10,True,0,0,0,0,0,0,0,0,0,0,5250,0,0,0,0,0,0,0,0,0,0,0,0,0,0,0,0,0,0,0,0,0,0,0,0
Bakula,vegetable,2082,10,7,magh,0,100.0,160.0,147.22,kg,kg,False,0.0,True,0,0,,4,False,0,0,0,0,0,0,0,0,0,0,0,0,0,0,0,0,0,0,0,0,0,0,0,0,0,0,0,0,0,0,0,0,0,0,0
Bakula,vegetable,2082,11,8,falgun,15310,100.0,160.0,147.22,kg,kg,False,2253938.2,True,15310,0,0.0,4,False,0,0,0,0,0,0,0,0,0,0,0,0,0,0,0,0,4750,0,0,0,0,10560,0,0,0,0,0,0,0,0,0,0,0,0,0
Bakula,vegetable,2082,12,9,chaitra,39790,80.0,120.0,100.91,kg,kg,False,4015208.9,True,39790,0,0.0,4,False,0,0,0,0,0,0,0,1875,0,0,0,0,0,0,0,0,16245,0,0,0,0,21670,0,0,0,0,0,0,0,0,0,0,0,0,0
Bakula,vegetable,2083,1,10,baishakh,0,80.0,100.0,90.0,kg,kg,False,0.0,True,0,0,,4,False,0,0,0,0,0,0,0,0,0,0,0,0,0,0,0,0,0,0,0,0,0,0,0,0,0,0,0,0,0,0,0,0,0,0,0
Bambooshoot,vegetable,2082,4,1,shrawan,23625,60.0,70.0,65.0,kg,kg,False,1535625.0,True,23625,0,0.0,7,False,0,0,0,0,0,0,0,0,2730,0,0,0,0,0,0,0,13860,0,0,0,0,0,0,0,0,0,0,0,0,0,0,0,0,0,7035
Bambooshoot,vegetable,2082,5,2,bhadra,10090,60.0,70.0,65.0,kg,kg,False,655850.0,True,10090,0,0.0,7,False,0,0,0,0,0,0,0,0,120,210,0,0,0,0,0,0,8305,0,0,0,0,0,0,0,0,0,0,0,0,0,0,0,0,0,1455
Bambooshoot,vegetable,2082,6,3,ashwin,540,60.0,70.0,65.0,kg,kg,False,35100.0,True,540,0,0.0,7,False,0,0,0,0,0,0,0,0,0,0,0,0,0,0,0,0,540,0,0,0,0,0,0,0,0,0,0,0,0,0,0,0,0,0,0
Bambooshoot,vegetable,2082,10,7,magh,0,60.0,70.0,65.0,kg,kg,False,0.0,True,0,0,,7,False,0,0,0,0,0,0,0,0,0,0,0,0,0,0,0,0,0,0,0,0,0,0,0,0,0,0,0,0,0,0,0,0,0,0,0
Bambooshoot,vegetable,2082,11,8,falgun,0,60.0,70.0,65.0,kg,kg,False,0.0,True,0,0,,7,False,0,0,0,0,0,0,0,0,0,0,0,0,0,0,0,0,0,0,0,0,0,0,0,0,0,0,0,0,0,0,0,0,0,0,0
Bambooshoot,vegetable,2082,12,9,chaitra,0,60.0,70.0,65.0,kg,kg,False,0.0,True,0,0,,7,False,0,0,0,0,0,0,0,0,0,0,0,0,0,0,0,0,0,0,0,0,0,0,0,0,0,0,0,0,0,0,0,0,0,0,0
Bambooshoot,vegetable,2083,1,10,baishakh,0,60.0,70.0,65.0,kg,kg,False,0.0,True,0,0,,7,False,0,0,0,0,0,0,0,0,0,0,0,0,0,0,0,0,0,0,0,0,0,0,0,0,0,0,0,0,0,0,0,0,0,0,0
Banana,fruit,2082,4,1,shrawan,0,100.0,130.0,116.6,dozen,dozen,False,0.0,True,0,0,,7,False,0,0,0,0,0,0,0,0,0,0,0,0,0,0,0,0,0,0,0,0,0,0,0,0,0,0,0,0,0,0,0,0,0,0,0
Banana,fruit,2082,6,3,ashwin,0,100.0,130.0,115.0,dozen,dozen,False,0.0,True,0,0,,7,False,0,0,0,0,0,0,0,0,0,0,0,0,0,0,0,0,0,0,0,0,0,0,0,0,0,0,0,0,0,0,0,0,0,0,0
Banana,fruit,2082,8,5,mangsir,0,100.0,130.0,115.0,dozen,dozen,False,0.0,True,0,0,,7,False,0,0,0,0,0,0,0,0,0,0,0,0,0,0,0,0,0,0,0,0,0,0,0,0,0,0,0,0,0,0,0,0,0,0,0
Banana,fruit,2082,10,7,magh,0,100.0,130.0,115.0,dozen,dozen,False,0.0,True,0,0,,7,False,0,0,0,0,0,0,0,0,0,0,0,0,0,0,0,0,0,0,0,0,0,0,0,0,0,0,0,0,0,0,0,0,0,0,0
Banana,fruit,2082,11,8,falgun,0,100.0,130.0,115.0,dozen,dozen,False,0.0,True,0,0,,7,False,0,0,0,0,0,0,0,0,0,0,0,0,0,0,0,0,0,0,0,0,0,0,0,0,0,0,0,0,0,0,0,0,0,0,0
Banana,fruit,2082,12,9,chaitra,0,100.0,150.0,130.45,dozen,dozen,False,0.0,True,0,0,,7,False,0,0,0,0,0,0,0,0,0,0,0,0,0,0,0,0,0,0,0,0,0,0,0,0,0,0,0,0,0,0,0,0,0,0,0
Banana,fruit,2083,1,10,baishakh,0,120.0,200.0,161.96,dozen,dozen,False,0.0,True,0,0,,7,False,0,0,0,0,0,0,0,0,0,0,0,0,0,0,0,0,0,0,0,0,0,0,0,0,0,0,0,0,0,0,0,0,0,0,0
Banana_Green,fruit,2082,4,1,shrawan,679640,120.0,150.0,136.8,dozen,dozen,False,92974752.0,False,676060,3580,0.5068706919504186,10,True,0,223880,0,0,0,0,0,0,3450,0,342675,14365,0,0,0,0,1180,0,0,0,0,3210,83170,0,0,0,0,0,0,0,0,0,0,0,4130
Banana_Green,fruit,2082,5,2,bhadra,357395,120.0,160.0,140.0,dozen,dozen,False,50035300.0,True,357395,0,0.6477426936582773,10,True,0,42900,0,0,0,0,0,0,4700,0,231500,23650,0,0,0,0,0,0,0,0,0,6525,45890,0,0,0,0,0,0,0,0,0,0,0,2230
Banana_Green,fruit,2082,6,3,ashwin,345265,130.0,160.0,145.0,dozen,dozen,False,50063425.0,False,345785,-520,0.7148372543632604,10,True,0,0,0,0,0,0,0,0,1150,0,247180,32300,0,0,0,1040,120,0,0,0,0,12985,49070,0,0,0,0,0,0,0,0,0,0,0,1940
Banana_Green,fruit,2082,7,4,kartik,252210,130.0,160.0,145.0,dozen,dozen,False,36570450.0,True,252210,0,0.7469370762459855,10,True,0,0,0,0,0,0,0,0,1190,0,188385,19730,0,0,0,0,1480,0,0,0,0,9540,29535,0,0,0,0,0,0,0,0,0,0,0,2350
Banana_Green,fruit,2082,8,5,mangsir,169600,130.0,160.0,145.0,dozen,dozen,False,24592000.0,True,169600,0,0.2688679245283019,10,True,0,0,0,0,0,0,0,0,4060,0,45600,33400,0,0,0,0,1710,0,0,0,0,5160,76660,0,0,0,0,0,0,0,0,0,0,0,3010
Banana_Green,fruit,2082,9,6,poush,212340,130.0,200.0,154.55,dozen,dozen,False,32817147.0,True,212340,0,0.49274748045587263,10,True,0,0,0,0,0,0,0,0,2720,0,104630,32765,0,0,0,8300,7315,0,0,0,0,9760,44160,0,0,0,0,0,0,0,0,0,0,0,2690
Banana_Green,fruit,2082,10,7,magh,234855,140.0,230.0,197.86,dozen,dozen,False,46468410.3,True,234855,0,0.794149581656767,10,True,0,6520,0,0,0,0,0,0,1980,0,186510,16560,0,0,0,0,3020,0,0,0,0,19805,0,0,0,0,0,0,0,0,0,0,0,0,460
Banana_Green,fruit,2082,11,8,falgun,243000,180.0,230.0,205.0,dozen,dozen,False,49815000.0,True,243000,0,0.8291152263374486,10,True,0,0,0,0,0,0,0,0,1280,0,201475,23125,0,0,0,0,1670,0,0,0,0,12680,2260,0,0,0,0,0,0,0,0,0,0,0,510
Banana_Green,fruit,2082,12,9,chaitra,389320,180.0,230.0,194.91,dozen,dozen,False,75882361.2,True,389320,0,0.6303683345320045,10,True,0,48675,0,0,0,0,0,0,980,0,245415,44415,0,0,0,0,3400,0,0,0,0,26125,16310,0,0,0,0,0,0,0,0,0,0,0,4000
Banana_Green,fruit,2083,1,10,baishakh,201750,140.0,244.0,175.15,dozen,dozen,False,35336512.5,True,201750,0,0.18230483271375464,10,True,0,37380,0,0,0,0,0,0,1860,0,36780,46230,0,0,0,0,1795,0,0,0,0,41910,32750,0,0,0,0,0,0,0,0,0,0,0,3045
Barela,vegetable,2082,5,2,bhadra,3110,,,112.4,kg,kg,False,349564.0,True,3110,0,0.17363344051446947,9,False,0,0,0,0,0,0,0,0,120,0,540,0,0,0,0,0,0,0,2450,0,0,0,0,0,0,0,0,0,0,0,0,0,0,0,0
Barela,vegetable,2082,6,3,ashwin,16005,150.0,200.0,180.63,kg,kg,False,2890983.15,True,16005,0,0.0,9,False,0,0,3000,0,0,0,0,0,0,13005,0,0,0,0,0,0,0,0,0,0,0,0,0,0,0,0,0,0,0,0,0,0,0,0,0
Barela,vegetable,2082,7,4,kartik,45010,80.0,120.0,117.89,kg,kg,False,5306228.9,True,45010,0,0.0,9,False,0,0,4030,0,0,0,0,5660,0,18170,0,0,160,0,0,0,10650,0,0,0,0,1570,0,0,0,4770,0,0,0,0,0,0,0,0,0
Barela,vegetable,2082,8,5,mangsir,20710,80.0,120.0,97.89,kg,kg,False,2027301.9,True,20710,0,0.0,9,False,0,0,0,0,0,0,0,0,0,4285,0,0,0,0,0,0,14155,0,0,0,0,0,0,0,0,2270,0,0,0,0,0,0,0,0,0
Barela,vegetable,2082,9,6,poush,11315,80.0,120.0,95.81,kg,kg,False,1084090.15,True,11315,0,0.0,9,False,0,0,0,0,0,0,0,0,0,0,0,0,1150,0,0,0,1050,0,0,0,0,9115,0,0,0,0,0,0,0,0,0,0,0,0,0
Barela,vegetable,2082,10,7,magh,12270,80.0,120.0,103.71,kg,kg,False,1272521.7,True,12270,0,0.0,9,False,0,0,0,0,0,0,0,0,0,0,0,0,0,0,0,0,0,0,0,0,0,12270,0,0,0,0,0,0,0,0,0,0,0,0,0
Barela,vegetable,2082,11,8,falgun,33825,80.0,120.0,101.67,kg,kg,False,3438987.75,True,33825,0,0.0,9,False,0,0,0,0,0,0,0,5260,0,1560,0,0,0,0,0,0,780,0,0,0,0,26225,0,0,0,0,0,0,0,0,0,0,0,0,0
Barela,vegetable,2082,12,9,chaitra,75810,80.0,120.0,99.55,kg,kg,False,7546885.5,True,75810,0,0.0,9,False,0,0,0,0,0,0,0,25380,0,1830,0,0,0,0,0,0,5255,0,0,0,0,43345,0,0,0,0,0,0,0,0,0,0,0,0,0
Barela,vegetable,2083,1,10,baishakh,33945,80.0,120.0,100.0,kg,kg,False,3394500.0,True,33945,0,0.0,9,False,0,0,0,0,0,0,0,14920,0,0,0,0,0,0,0,0,1300,0,0,0,0,17725,0,0,0,0,0,0,0,0,0,0,0,0,0
Bayar,fruit,2082,4,1,shrawan,0,150.0,160.0,165.0,kg,kg,False,0.0,True,0,0,,7,False,0,0,0,0,0,0,0,0,0,0,0,0,0,0,0,0,0,0,0,0,0,0,0,0,0,0,0,0,0,0,0,0,0,0,0
Bayar,fruit,2082,7,4,kartik,1610,,,142.5,kg,kg,False,229425.0,True,1610,0,1.0,7,False,0,0,0,0,0,0,0,0,0,0,1610,0,0,0,0,0,0,0,0,0,0,0,0,0,0,0,0,0,0,0,0,0,0,0,0
Bayar,fruit,2082,9,6,poush,39900,100.0,120.0,110.0,kg,kg,False,4389000.0,True,39900,0,0.9988721804511278,7,False,0,0,0,0,0,0,0,0,0,0,39855,0,0,0,0,0,45,0,0,0,0,0,0,0,0,0,0,0,0,0,0,0,0,0,0
Bayar,fruit,2082,10,7,magh,43315,100.0,120.0,110.0,kg,kg,False,4764650.0,True,43315,0,1.0,7,False,0,0,0,0,0,0,0,0,0,0,43315,0,0,0,0,0,0,0,0,0,0,0,0,0,0,0,0,0,0,0,0,0,0,0,0
Bayar,fruit,2082,11,8,falgun,16805,100.0,120.0,110.0,kg,kg,False,1848550.0,False,16850,-45,1.0,7,False,0,0,0,0,0,0,0,0,0,0,16850,0,0,0,0,0,0,0,0,0,0,0,0,0,0,0,0,0,0,0,0,0,0,0,0
Bayar,fruit,2082,12,9,chaitra,5645,100.0,120.0,110.0,kg,kg,False,620950.0,True,5645,0,1.0,7,False,0,0,0,0,0,0,0,0,0,0,5645,0,0,0,0,0,0,0,0,0,0,0,0,0,0,0,0,0,0,0,0,0,0,0,0
Bayar,fruit,2083,1,10,baishakh,0,100.0,120.0,110.0,kg,kg,False,0.0,True,0,0,,7,False,0,0,0,0,0,0,0,0,0,0,0,0,0,0,0,0,0,0,0,0,0,0,0,0,0,0,0,0,0,0,0,0,0,0,0
Beat_Chukunder,vegetable,2082,4,1,shrawan,42490,80.0,150.0,125.2,kg,kg,False,5319748.0,True,42490,0,0.5984937632384091,10,True,0,0,0,0,3020,0,0,0,0,0,25430,0,6620,0,0,0,5680,0,0,0,0,1740,0,0,0,0,0,0,0,0,0,0,0,0,0
Beat_Chukunder,vegetable,2082,5,2,bhadra,27985,80.0,150.0,131.11,kg,kg,False,3669113.35,True,27985,0,0.7784527425406468,10,True,0,0,0,0,580,0,0,0,0,0,21785,0,4200,0,0,0,1210,0,0,0,0,210,0,0,0,0,0,0,0,0,0,0,0,0,0
Beat_Chukunder,vegetable,2082,6,3,ashwin,23947,80.0,120.0,100.0,kg,kg,False,2394700.0,True,23947,0,0.7057251430241784,10,True,0,0,0,0,1450,0,0,0,0,0,16900,0,4850,0,0,0,747,0,0,0,0,0,0,0,0,0,0,0,0,0,0,0,0,0,0
Beat_Chukunder,vegetable,2082,7,4,kartik,38825,80.0,120.0,100.0,kg,kg,False,3882500.0,True,38825,0,0.8533161622665808,10,True,0,0,0,0,640,0,0,0,0,0,33130,0,4140,0,0,0,675,0,0,0,0,240,0,0,0,0,0,0,0,0,0,0,0,0,0
Beat_Chukunder,vegetable,2082,8,5,mangsir,45580,80.0,120.0,100.0,kg,kg,False,4558000.0,True,45580,0,0.8166959192628346,10,True,0,0,0,0,0,0,0,0,0,0,37225,0,3220,0,0,0,965,0,0,0,0,3810,0,0,0,0,0,0,0,0,360,0,0,0,0
Beat_Chukunder,vegetable,2082,9,6,poush,48221,80.0,120.0,100.0,kg,kg,False,4822100.0,True,48221,0,0.7137139420584393,10,True,0,0,0,0,3120,0,0,0,0,0,34416,0,1570,0,0,0,1980,0,0,0,0,7135,0,0,0,0,0,0,0,0,0,0,0,0,0
Beat_Chukunder,vegetable,2082,10,7,magh,48505,80.0,120.0,100.0,kg,kg,False,4850500.0,True,48505,0,0.7285846819915472,10,True,0,0,0,0,2355,0,0,0,0,0,35340,0,2120,0,0,0,830,0,0,0,0,7860,0,0,0,0,0,0,0,0,0,0,0,0,0
Beat_Chukunder,vegetable,2082,11,8,falgun,39015,80.0,120.0,100.0,kg,kg,False,3901500.0,True,39015,0,0.6948609509163143,10,True,0,0,0,0,3300,0,0,0,0,0,27110,0,1720,0,0,0,1765,0,0,0,0,5120,0,0,0,0,0,0,0,0,0,0,0,0,0
Beat_Chukunder,vegetable,2082,12,9,chaitra,68566,80.0,120.0,100.0,kg,kg,False,6856600.0,True,68566,0,0.7402356853250882,10,True,0,0,0,0,1610,0,0,0,0,0,50755,0,2810,0,0,0,4136,0,0,0,0,9255,0,0,0,0,0,0,0,0,0,0,0,0,0
Beat_Chukunder,vegetable,2083,1,10,baishakh,52309,80.0,120.0,100.0,kg,kg,False,5230900.0,True,52309,0,0.6928062092565332,10,True,0,0,0,0,6080,0,0,0,0,0,36240,0,2555,0,0,0,3664,0,0,0,0,3230,0,0,0,0,0,0,0,0,0,0,0,0,540
Bitter_Gourd,vegetable,2082,4,1,shrawan,301081,30.0,80.0,106.2,kg,kg,False,31974802.2,True,301081,0,0.0,10,True,0,0,0,0,960,0,0,89715,2470,16022,0,0,0,0,0,0,93720,0,0,0,0,92724,0,0,0,0,0,0,0,0,0,0,0,0,5470
Bitter_Gourd,vegetable,2082,5,2,bhadra,187805,25.0,80.0,68.13,kg,kg,False,12795154.65,True,187805,0,0.0,10,True,0,0,0,0,2170,0,0,59945,450,21190,0,0,0,0,0,0,48807,0,0,0,0,47328,0,0,0,0,0,0,0,0,0,0,0,0,7915
Bitter_Gourd,vegetable,2082,6,3,ashwin,112480,80.0,150.0,112.5,kg,kg,False,12654000.0,True,112480,0,0.0,10,True,0,0,0,0,0,0,0,43310,340,6100,0,0,0,0,0,0,29280,0,0,0,0,29330,0,0,0,0,0,0,0,0,0,0,0,0,4120
Bitter_Gourd,vegetable,2082,7,4,kartik,145931,100.0,180.0,136.84,kg,kg,False,19969198.04,True,145931,0,0.15246931769123764,10,True,0,0,0,0,0,0,0,51081,0,0,22250,0,0,0,0,0,27980,0,0,0,0,43800,0,0,0,0,0,0,0,0,0,0,0,0,820
Bitter_Gourd,vegetable,2082,8,5,mangsir,149385,130.0,180.0,146.32,kg,kg,False,21858013.2,True,149385,0,0.3881581149379121,10,True,0,0,0,0,0,0,0,44440,0,0,57985,0,0,0,0,0,12915,0,0,0,0,34045,0,0,0,0,0,0,0,0,0,0,0,0,0
Bitter_Gourd,vegetable,2082,9,6,poush,92743,130.0,150.0,140.0,kg,kg,False,12984020.0,True,92743,0,0.6638021198365375,10,True,0,0,0,0,0,0,0,6725,0,0,61563,0,0,0,0,0,1610,0,0,0,0,22845,0,0,0,0,0,0,0,0,0,0,0,0,0
Bitter_Gourd,vegetable,2082,10,7,magh,44360,130.0,250.0,192.29,kg,kg,False,8529984.4,True,44360,0,0.9203110910730388,10,True,0,0,0,0,0,0,0,0,0,0,40825,0,0,0,0,0,0,0,0,0,0,3535,0,0,0,0,0,0,0,0,0,0,0,0,0
Bitter_Gourd,vegetable,2082,11,8,falgun,40745,180.0,250.0,207.22,kg,kg,False,8443178.9,True,40745,0,1.0,10,True,0,0,0,0,0,0,0,0,0,0,40745,0,0,0,0,0,0,0,0,0,0,0,0,0,0,0,0,0,0,0,0,0,0,0,0
Bitter_Gourd,vegetable,2082,12,9,chaitra,169490,130.0,220.0,172.5,kg,kg,False,29237025.0,True,169490,0,0.44740102660923947,10,True,0,0,0,0,8320,0,0,34510,0,0,75830,0,3450,0,0,0,0,0,0,0,0,47380,0,0,0,0,0,0,0,0,0,0,0,0,0
Bitter_Gourd,vegetable,2083,1,10,baishakh,184295,30.0,140.0,65.0,kg,kg,False,11979175.0,True,184295,0,0.06826012642773814,10,True,0,0,0,0,34650,0,0,60470,9515,0,12580,0,280,0,0,0,5750,0,0,0,0,61050,0,0,0,0,0,0,0,0,0,0,0,0,0
Bottle_Gourd,vegetable,2082,4,1,shrawan,194975,40.0,100.0,59.8,kg,kg,False,11659505.0,True,194975,0,0.017515066034106935,10,True,0,0,0,0,0,0,0,77435,670,3795,3415,0,2625,0,0,0,30245,0,0,0,0,69200,0,0,0,0,0,0,0,0,450,0,0,0,7140
Bottle_Gourd,vegetable,2082,5,2,bhadra,145570,40.0,100.0,51.13,kg,kg,False,7442994.1,True,145570,0,0.2314007006938243,10,True,0,0,0,0,2280,0,0,46025,580,1700,33685,0,1800,0,0,0,16410,0,0,0,0,40600,0,0,0,0,0,0,0,0,0,0,0,0,2490
Bottle_Gourd,vegetable,2082,6,3,ashwin,103450,60.0,140.0,94.38,kg,kg,False,9763611.0,True,103450,0,0.1863218946350894,10,True,0,0,0,0,1420,0,0,37335,0,875,19275,0,0,0,0,0,8475,0,0,0,0,33230,0,0,0,0,0,0,0,0,0,0,0,0,2840
Bottle_Gourd,vegetable,2082,7,4,kartik,154423,100.0,140.0,115.26,kg,kg,False,17798794.98,True,154423,0,0.27113836669408053,10,True,0,0,0,0,1330,0,0,49338,420,0,41870,0,0,0,0,0,16035,0,0,0,0,44440,0,0,0,0,0,0,0,0,0,0,0,0,990
Bottle_Gourd,vegetable,2082,8,5,mangsir,193464,80.0,130.0,109.21,kg,kg,False,21128203.44,True,193464,0,0.2732963238638713,10,True,0,0,0,0,3411,0,0,60190,0,0,52873,0,0,0,0,0,29610,0,0,0,0,47140,0,0,0,0,0,0,0,0,0,0,0,0,240
Bottle_Gourd,vegetable,2082,9,6,poush,186575,80.0,100.0,90.0,kg,kg,False,16791750.0,False,186755,-180,0.3353859334422104,10,True,0,0,0,0,0,0,0,59640,0,0,62635,0,0,0,0,0,16560,0,0,0,0,47920,0,0,0,0,0,0,0,0,0,0,0,0,0
Bottle_Gourd,vegetable,2082,10,7,magh,121950,80.0,100.0,90.0,kg,kg,False,10975500.0,True,121950,0,0.35604756047560476,10,True,0,0,0,0,1810,0,0,19375,650,1120,43420,0,0,0,0,0,8110,0,0,0,0,47465,0,0,0,0,0,0,0,0,0,0,0,0,0
Bottle_Gourd,vegetable,2082,11,8,falgun,88255,80.0,100.0,90.0,kg,kg,False,7942950.0,True,88255,0,0.3997507223386777,10,True,0,0,0,0,7150,0,0,1180,0,1140,35280,0,0,0,0,0,10790,0,0,0,0,32715,0,0,0,0,0,0,0,0,0,0,0,0,0
Bottle_Gourd,vegetable,2082,12,9,chaitra,202918,80.0,120.0,102.73,kg,kg,False,20845766.14,True,202918,0,0.31542297874018077,10,True,0,0,0,0,15740,0,0,42655,0,0,64005,0,0,0,0,0,21930,0,0,0,0,58588,0,0,0,0,0,0,0,0,0,0,0,0,0
Bottle_Gourd,vegetable,2083,1,10,baishakh,194230,40.0,100.0,62.17,kg,kg,False,12075279.1,True,194230,0,0.2791793234824692,10,True,0,0,0,0,3230,0,0,52295,0,0,54225,0,0,0,0,0,28675,0,0,0,0,55225,0,0,0,0,0,0,0,0,580,0,0,0,0
Brinjal_Gland,vegetable,2082,4,1,shrawan,0,50.0,80.0,56.6,kg,kg,False,0.0,True,0,0,,4,False,0,0,0,0,0,0,0,0,0,0,0,0,0,0,0,0,0,0,0,0,0,0,0,0,0,0,0,0,0,0,0,0,0,0,0
Brinjal_Gland,vegetable,2082,6,3,ashwin,0,80.0,120.0,95.0,kg,kg,False,0.0,True,0,0,,4,False,0,0,0,0,0,0,0,0,0,0,0,0,0,0,0,0,0,0,0,0,0,0,0,0,0,0,0,0,0,0,0,0,0,0,0
Brinjal_Gland,vegetable,2082,8,5,mangsir,0,80.0,120.0,107.89,kg,kg,False,0.0,True,0,0,,4,False,0,0,0,0,0,0,0,0,0,0,0,0,0,0,0,0,0,0,0,0,0,0,0,0,0,0,0,0,0,0,0,0,0,0,0
Brinjal_Gland,vegetable,2082,10,7,magh,0,80.0,100.0,90.0,kg,kg,False,0.0,True,0,0,,4,False,0,0,0,0,0,0,0,0,0,0,0,0,0,0,0,0,0,0,0,0,0,0,0,0,0,0,0,0,0,0,0,0,0,0,0
Brinjal_Long,vegetable,2082,4,1,shrawan,192420,30.0,70.0,43.4,kg,kg,False,8351028.0,True,192420,0,0.0,10,True,0,0,0,0,9410,0,0,58295,370,6040,0,0,0,0,0,0,53795,0,0,0,0,53645,0,0,0,0,0,0,0,0,7885,0,0,0,2980
Brinjal_Long,vegetable,2082,5,2,bhadra,112938,30.0,80.0,51.08,kg,kg,False,5768873.04,True,112938,0,0.0599886663479077,10,True,0,0,0,0,10180,0,0,31415,990,0,6775,0,0,0,0,0,31007,0,0,0,0,25691,0,0,0,0,0,0,0,0,5980,0,0,0,900
Brinjal_Long,vegetable,2082,6,3,ashwin,70435,60.0,120.0,88.75,kg,kg,False,6251106.25,True,70435,0,0.0161851352310641,10,True,0,0,0,0,7005,0,0,29235,210,650,1140,0,0,0,0,0,12965,0,0,0,0,18990,0,0,0,0,0,0,0,0,0,0,0,0,240
Brinjal_Long,vegetable,2082,7,4,kartik,122140,60.0,120.0,90.0,kg,kg,False,10992600.0,True,122140,0,0.19739643032585558,10,True,0,0,0,0,13050,0,0,35550,0,0,24110,0,0,0,0,0,16390,0,0,0,0,32830,0,0,0,0,0,0,0,0,0,0,0,0,210
Brinjal_Long,vegetable,2082,8,5,mangsir,170932,80.0,150.0,130.26,kg,kg,False,22265602.32,True,170932,0,0.24556548803032785,10,True,0,0,0,0,17887,0,0,43050,0,0,41975,0,0,0,0,0,22290,0,0,0,0,33255,0,0,0,0,0,0,0,0,12475,0,0,0,0
Brinjal_Long,vegetable,2082,9,6,poush,163086,80.0,100.0,90.0,kg,kg,False,14677740.0,True,163086,0,0.28899476349901276,10,True,0,0,0,0,18670,0,0,29520,0,0,47131,0,0,0,0,0,13790,0,0,0,0,45935,0,0,0,0,0,0,0,0,8040,0,0,0,0
Brinjal_Long,vegetable,2082,10,7,magh,112305,60.0,120.0,91.14,kg,kg,False,10235477.7,True,112305,0,0.40238635857708915,10,True,0,0,0,0,12045,0,0,12595,0,1150,45190,0,0,0,0,0,4620,0,0,0,0,33755,0,0,0,0,0,0,0,0,2950,0,0,0,0
Brinjal_Long,vegetable,2082,11,8,falgun,71735,60.0,120.0,92.22,kg,kg,False,6615401.7,True,71735,0,0.30494179967937546,10,True,0,0,0,0,12995,0,0,0,0,1140,21875,0,0,0,0,0,1450,0,0,0,0,32710,0,0,0,0,0,0,0,0,1565,0,0,0,0
Brinjal_Long,vegetable,2082,12,9,chaitra,161610,80.0,100.0,90.0,kg,kg,False,14544900.0,True,161610,0,0.3062929274178578,10,True,0,0,0,0,24395,0,0,23760,0,0,49500,0,0,0,0,0,8330,0,0,0,0,44460,0,0,0,0,0,0,0,0,11165,0,0,0,0
Brinjal_Long,vegetable,2083,1,10,baishakh,149996,60.0,100.0,81.3,kg,kg,False,12194674.8,True,149996,0,0.21233899570655218,10,True,0,0,0,0,19660,0,0,35453,0,0,31850,0,0,0,0,0,21023,0,0,0,0,34910,0,0,0,0,0,0,0,0,7100,0,0,0,0
Broad_Leaf_Mustard,vegetable,2082,4,1,shrawan,65070,60.0,120.0,88.4,mutha,mutha,False,5752188.0,True,65070,0,0.0,10,True,0,0,0,0,0,0,0,690,0,0,0,0,3950,0,0,0,54080,0,0,0,0,6350,0,0,0,0,0,0,0,0,0,0,0,0,0
Broad_Leaf_Mustard,vegetable,2082,5,2,bhadra,37325,40.0,120.0,82.78,mutha,mutha,False,3089763.5,True,37325,0,0.0,10,True,0,0,0,0,0,0,0,1950,0,0,0,0,1530,0,0,0,32535,0,0,0,0,1310,0,0,0,0,0,0,0,0,0,0,0,0,0
Broad_Leaf_Mustard,vegetable,2082,6,3,ashwin,40920,100.0,200.0,146.88,mutha,mutha,False,6010329.6,True,40920,0,0.0,10,True,0,0,0,0,0,0,0,3350,420,1120,0,0,3090,0,0,0,27740,0,0,0,0,3910,0,0,0,0,0,0,0,0,0,0,0,0,1290
Broad_Leaf_Mustard,vegetable,2082,7,4,kartik,44077,60.0,120.0,90.53,mutha,mutha,False,3990290.81,True,44077,0,0.0,10,True,0,0,0,0,0,0,0,4712,0,0,0,0,2590,0,0,0,34745,0,0,0,0,2030,0,0,0,0,0,0,0,0,0,0,0,0,0
Broad_Leaf_Mustard,vegetable,2082,8,5,mangsir,52094,60.0,140.0,122.63,mutha,mutha,False,6388287.22,True,52094,0,0.0,10,True,0,0,0,0,0,0,0,1090,0,0,0,0,2480,0,0,0,47480,0,0,0,0,150,0,0,0,0,0,0,0,0,0,0,0,0,894
Broad_Leaf_Mustard,vegetable,2082,9,6,poush,53445,40.0,80.0,60.91,mutha,mutha,False,3255334.95,True,53445,0,0.0,10,True,0,0,0,0,0,0,0,0,0,0,0,0,90,0,0,0,51995,0,0,0,0,0,0,0,0,0,0,0,0,0,0,0,0,0,1360
Broad_Leaf_Mustard,vegetable,2082,10,7,magh,52455,25.0,70.0,50.86,mutha,mutha,False,2667861.3,True,52455,0,0.0,10,True,0,0,0,0,1540,0,0,0,0,0,0,0,0,0,0,0,47175,0,0,0,0,3450,0,0,0,0,0,0,0,0,0,0,0,0,290
Broad_Leaf_Mustard,vegetable,2082,11,8,falgun,36575,20.0,35.0,26.81,mutha,mutha,False,980575.75,True,36575,0,0.0,10,True,0,0,0,0,0,0,0,0,0,0,0,0,0,0,0,0,36575,0,0,0,0,0,0,0,0,0,0,0,0,0,0,0,0,0,0
Broad_Leaf_Mustard,vegetable,2082,12,9,chaitra,47175,40.0,120.0,101.36,mutha,mutha,False,4781658.0,True,47175,0,0.0,10,True,0,0,0,0,0,0,0,0,0,0,0,0,120,0,0,0,42475,0,0,4580,0,0,0,0,0,0,0,0,0,0,0,0,0,0,0
Broad_Leaf_Mustard,vegetable,2083,1,10,baishakh,38725,40.0,100.0,64.78,mutha,mutha,False,2508605.5,True,38725,0,0.0,10,True,0,0,0,0,0,0,0,0,0,0,0,0,0,0,0,0,35935,0,0,2790,0,0,0,0,0,0,0,0,0,0,0,0,0,0,0
Broccoli,vegetable,2082,4,1,shrawan,0,150.0,150.0,150.0,kg,kg,False,0.0,True,0,0,,9,False,0,0,0,0,0,0,0,0,0,0,0,0,0,0,0,0,0,0,0,0,0,0,0,0,0,0,0,0,0,0,0,0,0,0,0
Broccoli,vegetable,2082,6,3,ashwin,1695,150.0,350.0,206.88,kg,kg,False,350661.6,True,1695,0,0.0,9,False,0,0,0,0,0,0,0,0,0,1485,0,0,210,0,0,0,0,0,0,0,0,0,0,0,0,0,0,0,0,0,0,0,0,0,0
Broccoli,vegetable,2082,7,4,kartik,13499,200.0,350.0,265.13,kg,kg,False,3578989.87,True,13499,0,0.0,9,False,0,0,1391,0,0,0,0,0,0,1780,0,0,745,0,0,0,7133,0,0,0,0,140,0,890,0,1420,0,0,0,0,0,0,0,0,0
Broccoli,vegetable,2082,8,5,mangsir,57425,120.0,250.0,172.37,kg,kg,False,9898347.25,True,57425,0,0.0,9,False,0,0,0,0,420,0,0,0,0,750,0,0,825,0,0,0,29750,0,0,0,0,24070,0,0,0,1610,0,0,0,0,0,0,0,0,0
Broccoli,vegetable,2082,9,6,poush,148190,100.0,150.0,132.95,kg,kg,False,19701860.5,True,148190,0,0.0,9,False,0,0,0,0,29540,0,0,0,0,0,0,0,1825,0,0,0,52875,0,0,0,0,63950,0,0,0,0,0,0,0,0,0,0,0,0,0
Broccoli,vegetable,2082,10,7,magh,83565,40.0,150.0,84.57,kg,kg,False,7067092.05,True,83565,0,0.0,9,False,0,0,0,0,17810,0,0,0,0,0,0,0,0,0,0,0,28415,0,0,0,0,37340,0,0,0,0,0,0,0,0,0,0,0,0,0
Broccoli,vegetable,2082,11,8,falgun,63905,40.0,80.0,56.67,kg,kg,False,3621496.35,True,63905,0,0.0,9,False,0,0,0,0,3660,0,0,0,0,0,0,0,180,0,0,0,46525,0,0,0,0,12080,0,0,0,0,0,0,0,0,0,0,0,0,1460
Broccoli,vegetable,2082,12,9,chaitra,50215,50.0,200.0,113.86,kg,kg,False,5717479.9,True,50215,0,0.0,9,False,0,0,0,0,0,0,0,0,0,0,0,0,780,0,0,0,49435,0,0,0,0,0,0,0,0,0,0,0,0,0,0,0,0,0,0
Broccoli,vegetable,2083,1,10,baishakh,35505,60.0,120.0,78.26,kg,kg,False,2778621.3,True,35505,0,0.06618786086466695,9,False,0,0,0,0,0,0,0,0,0,0,2350,0,655,0,0,0,32500,0,0,0,0,0,0,0,0,0,0,0,0,0,0,0,0,0,0
Cabbage,vegetable,2082,4,1,shrawan,258802,50.0,60.0,55.0,kg,kg,False,14234110.0,True,258802,0,0.0,10,True,1450,0,0,0,0,0,0,0,0,252132,0,0,180,0,0,0,5040,0,0,0,0,0,0,0,0,0,0,0,0,0,0,0,0,0,0
Cabbage,vegetable,2082,5,2,bhadra,212740,15.0,60.0,46.01,kg,kg,False,9788167.4,True,212740,0,0.0,10,True,0,0,29680,0,0,0,0,0,0,168640,0,0,0,0,0,0,0,0,0,14420,0,0,0,0,0,0,0,0,0,0,0,0,0,0,0
Cabbage,vegetable,2082,6,3,ashwin,188640,50.0,120.0,80.63,kg,kg,False,15210043.2,True,188640,0,0.0,10,True,0,0,36675,0,0,0,2210,3170,0,135380,0,0,0,0,0,0,4125,0,0,0,0,560,0,6520,0,0,0,0,0,0,0,0,0,0,0
Cabbage,vegetable,2082,7,4,kartik,377243,60.0,100.0,79.47,kg,kg,False,29979501.21,True,377243,0,0.09965725010139354,10,True,0,0,43675,0,0,0,13180,43055,0,152468,37595,0,0,0,0,0,37220,3170,0,0,0,25380,0,2140,0,19360,0,0,0,0,0,0,0,0,0
Cabbage,vegetable,2082,8,5,mangsir,395167,40.0,90.0,61.16,kg,kg,False,24168413.72,True,395167,0,0.08088985163234784,10,True,0,0,0,0,0,0,11275,57390,12755,63915,31965,0,0,0,0,0,70262,0,0,0,0,104780,0,18320,0,19525,0,0,0,0,0,0,0,2370,2610
Cabbage,vegetable,2082,9,6,poush,482590,30.0,60.0,42.5,kg,kg,False,20510075.0,True,482590,0,0.02668932219896807,10,True,0,0,0,0,0,0,13290,52200,15550,0,12880,0,0,0,0,0,133100,0,0,0,0,246430,0,0,0,0,0,0,0,0,0,0,0,8450,690
Cabbage,vegetable,2082,10,7,magh,306800,30.0,70.0,46.36,kg,kg,False,14223248.0,True,306800,0,0.021447196870925684,10,True,0,0,0,0,0,0,0,25280,5220,0,6580,0,0,0,0,0,125680,0,0,0,0,137820,0,0,0,0,0,0,0,0,0,0,0,2930,3290
Cabbage,vegetable,2082,11,8,falgun,271050,30.0,60.0,41.67,kg,kg,False,11294653.5,True,271050,0,0.0,10,True,0,0,0,0,0,0,1140,4420,3970,0,0,0,0,0,0,0,111050,0,0,0,0,146200,0,0,0,0,0,0,0,0,0,0,0,1140,3130
Cabbage,vegetable,2082,12,9,chaitra,333787,25.0,60.0,37.73,kg,kg,False,12593783.51,True,333787,0,0.0,10,True,0,0,0,0,0,0,2790,43637,1230,1140,0,0,0,0,0,0,146835,0,0,0,0,129415,0,0,0,0,0,0,0,0,0,0,0,0,8740
Cabbage,vegetable,2083,1,10,baishakh,212905,25.0,60.0,37.39,kg,kg,False,7960517.95,True,212905,0,0.0,10,True,0,0,0,0,0,0,0,5560,0,61770,0,0,0,0,0,0,99465,0,0,0,0,42450,0,0,0,0,0,0,0,0,0,0,0,0,3660
Cabbage_Red,vegetable,2082,4,1,shrawan,5554,150.0,250.0,185.0,kg,kg,False,1027490.0,True,5554,0,0.0,10,True,0,0,0,0,0,0,0,0,0,0,0,0,1620,0,0,0,3724,0,0,210,0,0,0,0,0,0,0,0,0,0,0,0,0,0,0
Cabbage_Red,vegetable,2082,5,2,bhadra,2220,180.0,300.0,240.0,kg,kg,False,377089.2,True,2220,0,0.0,10,True,0,0,0,0,0,0,0,0,0,120,0,0,470,0,0,0,1420,0,0,210,0,0,0,0,0,0,0,0,0,0,0,0,0,0,0
Cabbage_Red,vegetable,2082,6,3,ashwin,2660,200.0,600.0,350.0,kg,kg,False,1463000.0,True,2660,0,0.0,10,True,0,0,0,0,0,0,0,0,0,0,0,0,1210,0,0,0,910,0,0,540,0,0,0,0,0,0,0,0,0,0,0,0,0,0,0
Cabbage_Red,vegetable,2082,7,4,kartik,7305,200.0,600.0,350.0,kg,kg,False,2556750.0,True,7305,0,0.0,10,True,0,0,0,0,0,0,0,0,0,0,0,0,1450,0,0,0,5065,250,0,0,0,540,0,0,0,0,0,0,0,0,0,0,0,0,0
Cabbage_Red,vegetable,2082,8,5,mangsir,11645,200.0,400.0,265.79,kg,kg,False,3095124.55,True,11645,0,0.0,10,True,0,0,0,0,0,0,3250,0,0,0,0,0,590,0,0,0,4135,0,0,0,0,3670,0,0,0,0,0,0,0,0,0,0,0,0,0
Cabbage_Red,vegetable,2082,9,6,poush,15280,200.0,300.0,250.0,kg,kg,False,3820000.0,True,15280,0,0.0,10,True,0,0,0,0,0,0,3250,0,0,0,0,0,320,0,0,0,5830,0,0,0,0,5880,0,0,0,0,0,0,0,0,0,0,0,0,0
Cabbage_Red,vegetable,2082,10,7,magh,20430,80.0,350.0,250.57,kg,kg,False,5119145.1,True,20430,0,0.0,10,True,0,0,0,0,0,0,0,0,0,0,0,0,810,0,0,0,3020,0,0,0,0,16600,0,0,0,0,0,0,0,0,0,0,0,0,0
Cabbage_Red,vegetable,2082,11,8,falgun,6560,80.0,350.0,213.61,kg,kg,False,1401281.6,True,6560,0,0.0,10,True,0,0,0,0,0,0,0,0,0,0,0,0,390,0,0,0,2570,0,0,0,0,3600,0,0,0,0,0,0,0,0,0,0,0,0,0
Cabbage_Red,vegetable,2082,12,9,chaitra,15660,60.0,200.0,90.23,kg,kg,False,1413001.8,True,15660,0,0.0,10,True,0,0,0,0,0,0,0,0,0,0,0,0,600,0,0,0,5000,0,0,0,0,10060,0,0,0,0,0,0,0,0,0,0,0,0,0
Cabbage_Red,vegetable,2083,1,10,baishakh,4930,60.0,100.0,77.83,kg,kg,False,383701.9,True,4930,0,0.0,10,True,0,0,0,0,0,0,0,0,0,0,0,0,1140,0,0,0,2600,0,0,0,0,1190,0,0,0,0,0,0,0,0,0,0,0,0,0
Carrot,vegetable,2082,4,1,shrawan,142920,100.0,150.0,113.8,kg,kg,False,16264296.0,True,142920,0,0.3639098796529527,10,True,0,0,0,0,0,0,0,0,0,23425,52010,0,42065,0,0,0,0,0,0,25420,0,0,0,0,0,0,0,0,0,0,0,0,0,0,0
Carrot,vegetable,2082,5,2,bhadra,90255,40.0,150.0,82.78,kg,kg,False,7471308.9,True,90255,0,0.46623455764223587,10,True,0,0,0,0,0,0,0,0,0,8050,42080,0,15365,0,0,0,0,0,0,24760,0,0,0,0,0,0,0,0,0,0,0,0,0,0,0
Carrot,vegetable,2082,6,3,ashwin,95145,120.0,180.0,146.88,kg,kg,False,13974897.6,True,95145,0,0.5299805559934836,10,True,0,0,4875,0,0,0,0,0,0,18470,50425,0,6555,0,0,0,0,0,0,14820,0,0,0,0,0,0,0,0,0,0,0,0,0,0,0
Carrot,vegetable,2082,7,4,kartik,110755,120.0,180.0,149.0,kg,kg,False,16502495.0,True,110755,0,0.5064331181436504,10,True,0,0,0,0,0,0,0,0,0,42255,56090,0,2660,0,0,0,0,7510,0,0,0,0,0,2240,0,0,0,0,0,0,0,0,0,0,0
Carrot,vegetable,2082,8,5,mangsir,120280,120.0,180.0,141.11,kg,kg,False,16972710.8,True,120280,0,0.2905719986697705,10,True,0,0,0,0,0,0,0,0,0,13390,34950,0,42670,0,0,0,250,0,0,3380,0,25120,0,0,0,0,0,0,0,0,0,0,0,0,520
Carrot,vegetable,2082,9,6,poush,148925,60.0,130.0,88.86,kg,kg,False,13233475.5,True,148925,0,0.010340775558166862,10,True,0,0,0,0,0,0,0,0,0,0,1540,0,43630,0,0,0,3230,0,0,0,0,100525,0,0,0,0,0,0,0,0,0,0,0,0,0
Carrot,vegetable,2082,10,7,magh,92830,40.0,80.0,60.71,kg,kg,False,5635709.3,True,92830,0,0.0,10,True,0,0,0,0,0,0,0,0,0,0,0,0,10470,0,0,0,5710,0,0,0,0,76650,0,0,0,0,0,0,0,0,0,0,0,0,0
Carrot,vegetable,2082,11,8,falgun,106670,40.0,80.0,56.11,kg,kg,False,5985253.7,True,106670,0,0.0,10,True,0,0,0,0,0,0,0,0,0,0,0,0,6000,0,0,0,22750,0,0,0,0,77920,0,0,0,0,0,0,0,0,0,0,0,0,0
Carrot,vegetable,2082,12,9,chaitra,235385,30.0,60.0,45.91,kg,kg,False,10806525.35,True,235385,0,0.0,10,True,0,0,0,0,0,0,0,0,0,0,0,0,13175,0,0,0,46080,0,0,0,0,176130,0,0,0,0,0,0,0,0,0,0,0,0,0
Carrot,vegetable,2083,1,10,baishakh,112335,30.0,70.0,46.74,kg,kg,False,5250537.9,True,112335,0,0.0,10,True,0,0,0,0,0,0,0,0,0,0,0,0,18695,0,0,0,29945,0,0,0,0,63695,0,0,0,0,0,0,0,0,0,0,0,0,0
Cauliflower_Hill,vegetable,2082,4,1,shrawan,215770,70.0,150.0,95.0,kg,kg,False,20498150.0,True,215770,0,0.0,10,True,0,0,0,0,0,0,0,0,0,215770,0,0,0,0,0,0,0,0,0,0,0,0,0,0,0,0,0,0,0,0,0,0,0,0,0
Cauliflower_Hill,vegetable,2082,5,2,bhadra,157481,60.0,150.0,83.06,kg,kg,False,13080371.86,False,90255,67226,0.46623455764223587,10,True,0,0,0,0,0,0,0,0,0,8050,42080,0,15365,0,0,0,0,0,0,24760,0,0,0,0,0,0,0,0,0,0,0,0,0,0,0
Cauliflower_Hill,vegetable,2082,6,3,ashwin,167944,100.0,200.0,148.13,kg,kg,False,24877544.72,True,167944,0,0.0,10,True,0,0,15020,0,0,0,0,26469,4410,113250,0,0,0,0,0,0,5565,0,0,0,0,3230,0,0,0,0,0,0,0,0,0,0,0,0,0
Cauliflower_Hill,vegetable,2082,7,4,kartik,350358,120.0,180.0,138.42,kg,kg,False,48496554.36,True,350358,0,0.0,10,True,0,0,18645,0,0,0,0,59577,4100,154470,0,0,0,0,0,0,51221,920,0,0,0,30180,0,3790,0,27455,0,0,0,0,0,0,0,0,0
Cauliflower_Hill,vegetable,2082,8,5,mangsir,354220,60.0,150.0,98.42,kg,kg,False,34862332.4,True,354220,0,0.0,10,True,0,0,0,0,6925,0,0,83970,10560,41600,0,0,0,0,0,0,78560,0,0,0,0,91880,0,3060,0,25065,0,0,0,0,0,0,0,0,12600
Cauliflower_Hill,vegetable,2082,9,6,poush,508352,60.0,140.0,85.91,kg,kg,False,43672520.32,True,508352,0,0.002262212010575349,10,True,0,0,0,0,36595,0,0,80390,9825,0,1150,0,0,0,0,0,160909,0,0,0,0,211013,0,0,0,0,0,0,0,0,0,0,0,0,8470
Cauliflower_Hill,vegetable,2082,10,7,magh,239175,10.0,140.0,52.36,kg,kg,False,12523203.0,True,239175,0,0.0,10,True,0,0,0,0,5320,0,0,25345,4540,0,0,0,0,0,0,0,113560,0,0,0,0,75360,0,0,0,0,0,0,0,0,0,0,0,0,15050
Cauliflower_Hill,vegetable,2082,11,8,falgun,174355,10.0,70.0,37.5,kg,kg,False,6538312.5,True,174355,0,0.0,10,True,0,0,0,0,1120,0,0,0,860,0,0,0,0,0,0,0,145810,0,0,0,0,18690,0,0,0,0,0,0,0,0,0,0,0,0,7875
Cauliflower_Hill,vegetable,2082,12,9,chaitra,265410,15.0,120.0,78.86,kg,kg,False,20930232.6,True,265410,0,0.0,10,True,0,0,0,0,0,0,0,41080,0,68000,0,0,0,0,0,0,156010,0,0,0,0,0,0,0,0,0,0,0,0,0,0,0,0,0,320
Cauliflower_Hill,vegetable,2083,1,10,baishakh,245855,50.0,100.0,67.39,kg,kg,False,16568168.45,True,245855,0,0.0,10,True,0,0,0,0,0,0,0,5800,0,161500,0,0,0,0,0,0,78555,0,0,0,0,0,0,0,0,0,0,0,0,0,0,0,0,0,0
Chilly_Green,vegetable,2082,4,1,shrawan,231855,80.0,150.0,105.4,kg,kg,False,24437517.0,True,231855,0,0.0,10,True,3840,0,0,0,0,0,0,7640,23835,48605,0,0,24965,0,0,0,66005,0,0,0,0,44325,0,5080,0,0,0,0,0,0,0,0,0,4800,2760
Chilly_Green,vegetable,2082,5,2,bhadra,181195,60.0,150.0,98.75,kg,kg,False,17893006.25,True,181195,0,0.0,10,True,540,0,1120,0,9485,0,0,22100,7500,41615,0,0,19645,0,0,2560,37945,0,0,0,0,23650,0,5205,2680,0,0,0,0,0,0,0,0,6420,730
Chilly_Green,vegetable,2082,6,3,ashwin,161395,120.0,180.0,142.5,kg,kg,False,22998787.5,False,165315,-3920,0.11118168345280223,10,True,0,0,1540,0,540,0,0,29225,3450,41635,18380,0,6100,0,0,7840,28205,0,0,0,0,22080,0,4110,1680,0,0,0,0,0,0,0,0,530,0
Chilly_Green,vegetable,2082,7,4,kartik,182906,120.0,180.0,135.79,kg,kg,False,24836805.74,True,182906,0,0.36444949864957954,10,True,0,0,7620,0,9540,0,870,19810,1080,29180,66660,0,1120,0,0,3640,11250,0,0,0,0,28156,0,3050,0,930,0,0,0,0,0,0,0,0,0
Chilly_Green,vegetable,2082,8,5,mangsir,202190,100.0,150.0,125.53,kg,kg,False,25380910.7,True,202190,0,0.4799446065581878,10,True,0,0,240,0,24760,0,2220,19600,4190,6210,97040,0,1120,0,0,560,18465,0,0,0,0,25675,0,2110,0,0,0,0,0,0,0,0,0,0,0
Chilly_Green,vegetable,2082,9,6,poush,228215,100.0,150.0,125.0,kg,kg,False,28526875.0,True,228215,0,0.6676379729640909,10,True,0,0,540,0,10600,0,5200,5650,17025,0,152365,0,0,0,0,520,17340,0,0,0,0,18455,0,520,0,0,0,0,0,0,0,0,0,0,0
Chilly_Green,vegetable,2082,10,7,magh,140244,100.0,220.0,165.43,kg,kg,False,23200564.92,True,140244,0,0.7780725022104332,10,True,0,0,0,0,10630,0,120,210,2675,0,109120,0,0,0,0,0,524,0,0,0,0,16965,0,0,0,0,0,0,0,0,0,0,0,0,0
Chilly_Green,vegetable,2082,11,8,falgun,110415,150.0,220.0,197.78,kg,kg,False,21837878.7,True,110415,0,0.8221709006928406,10,True,0,0,0,0,3810,0,0,0,150,0,90780,0,0,0,0,0,25,0,0,0,0,15650,0,0,0,0,0,0,0,0,0,0,0,0,0
Chilly_Green,vegetable,2082,12,9,chaitra,169325,130.0,220.0,174.32,kg,kg,False,29516734.0,True,169325,0,0.7707662778680053,10,True,0,0,0,0,19380,0,0,0,0,0,130510,0,0,0,0,0,25,0,0,0,0,19410,0,0,0,0,0,0,0,0,0,0,0,0,0
Chilly_Green,vegetable,2083,1,10,baishakh,187097,100.0,180.0,130.22,kg,kg,False,24363771.34,True,187097,0,0.570383277123631,10,True,0,0,0,0,16585,0,0,1140,0,0,106717,0,3710,0,0,0,7875,0,0,0,0,51070,0,0,0,0,0,0,0,0,0,0,0,0,0
Christophine,vegetable,2082,4,1,shrawan,25150,60.0,70.0,65.0,kg,kg,False,1634750.0,True,25150,0,0.0,10,True,0,0,0,0,0,0,0,0,0,19250,0,0,0,0,0,0,5900,0,0,0,0,0,0,0,0,0,0,0,0,0,0,0,0,0,0
Christophine,vegetable,2082,5,2,bhadra,40225,50.0,80.0,68.61,kg,kg,False,2759837.25,True,40225,0,0.0,10,True,0,0,990,0,0,0,0,1120,0,25865,0,0,0,0,0,0,11070,0,0,0,0,1180,0,0,0,0,0,0,0,0,0,0,0,0,0
Christophine,vegetable,2082,6,3,ashwin,49146,40.0,60.0,51.88,kg,kg,False,2549694.48,True,49146,0,0.0,10,True,0,0,0,0,0,0,0,0,0,27875,0,0,0,0,0,0,20131,0,0,0,0,1140,0,0,0,0,0,0,0,0,0,0,0,0,0
Christophine,vegetable,2082,7,4,kartik,55790,30.0,50.0,35.53,kg,kg,False,1982218.7,True,55790,0,0.020075282308657464,10,True,0,0,0,0,0,0,0,1140,875,23540,1120,0,0,0,0,0,25935,0,0,0,0,1140,0,0,0,2040,0,0,0,0,0,0,0,0,0
Christophine,vegetable,2082,8,5,mangsir,37820,30.0,40.0,35.0,kg,kg,False,1323700.0,True,37820,0,0.0,10,True,0,0,0,0,0,0,0,420,0,8330,0,0,0,0,0,0,0,0,0,0,0,29070,0,0,0,0,0,0,0,0,0,0,0,0,0
Christophine,vegetable,2082,9,6,poush,23850,30.0,40.0,35.0,kg,kg,False,834750.0,True,23850,0,0.0,10,True,180,0,0,0,0,0,360,0,0,0,0,0,0,0,0,0,21660,0,0,0,0,1650,0,0,0,0,0,0,0,0,0,0,0,0,0
Christophine,vegetable,2082,10,7,magh,13900,30.0,80.0,63.0,kg,kg,False,875700.0,True,13900,0,0.7856115107913669,10,True,0,0,0,0,0,0,0,0,0,0,10920,0,0,0,0,0,2980,0,0,0,0,0,0,0,0,0,0,0,0,0,0,0,0,0,0
Christophine,vegetable,2082,11,8,falgun,11430,60.0,80.0,70.0,kg,kg,False,800100.0,True,11430,0,0.8880139982502188,10,True,0,0,0,0,0,0,0,0,0,0,10150,0,0,0,0,0,1280,0,0,0,0,0,0,0,0,0,0,0,0,0,0,0,0,0,0
Christophine,vegetable,2082,12,9,chaitra,38038,60.0,70.0,65.0,kg,kg,False,2472470.0,True,38038,0,0.8922656291077343,10,True,0,0,0,0,1450,0,0,0,0,0,33940,0,0,0,0,0,2648,0,0,0,0,0,0,0,0,0,0,0,0,0,0,0,0,0,0
Christophine,vegetable,2083,1,10,baishakh,19785,60.0,70.0,65.0,kg,kg,False,1286025.0,True,19785,0,0.8577204953247409,10,True,0,0,0,0,0,0,0,0,0,0,16970,0,0,0,0,0,2815,0,0,0,0,0,0,0,0,0,0,0,0,0,0,0,0,0,0
Coconut,fruit,2082,4,1,shrawan,109395,140.0,160.0,144.2,nos,nos,False,15774759.0,True,109395,0,1.0,10,True,0,0,0,0,0,0,0,0,0,0,109395,0,0,0,0,0,0,0,0,0,0,0,0,0,0,0,0,0,0,0,0,0,0,0,0
Coconut,fruit,2082,5,2,bhadra,112165,140.0,160.0,141.67,nos,nos,False,15890415.55,True,112165,0,1.0,10,True,0,0,0,0,0,0,0,0,0,0,112165,0,0,0,0,0,0,0,0,0,0,0,0,0,0,0,0,0,0,0,0,0,0,0,0
Coconut,fruit,2082,6,3,ashwin,109385,150.0,160.0,155.0,nos,nos,False,16954675.0,True,109385,0,1.0,10,True,0,0,0,0,0,0,0,0,0,0,109385,0,0,0,0,0,0,0,0,0,0,0,0,0,0,0,0,0,0,0,0,0,0,0,0
Coconut,fruit,2082,7,4,kartik,57060,150.0,160.0,155.0,nos,nos,False,8844300.0,True,57060,0,1.0,10,True,0,0,0,0,0,0,0,0,0,0,57060,0,0,0,0,0,0,0,0,0,0,0,0,0,0,0,0,0,0,0,0,0,0,0,0
Coconut,fruit,2082,8,5,mangsir,63855,150.0,160.0,155.0,nos,nos,False,9897525.0,True,63855,0,1.0,10,True,0,0,0,0,0,0,0,0,0,0,63855,0,0,0,0,0,0,0,0,0,0,0,0,0,0,0,0,0,0,0,0,0,0,0,0
Coconut,fruit,2082,9,6,poush,71140,150.0,160.0,155.0,nos,nos,False,11026700.0,True,71140,0,0.9955018273826258,10,True,0,0,0,0,320,0,0,0,0,0,70820,0,0,0,0,0,0,0,0,0,0,0,0,0,0,0,0,0,0,0,0,0,0,0,0
Coconut,fruit,2082,10,7,magh,80995,150.0,160.0,155.0,nos,nos,False,12554225.0,False,80955,40,1.0,10,True,0,0,0,0,0,0,0,0,0,0,80955,0,0,0,0,0,0,0,0,0,0,0,0,0,0,0,0,0,0,0,0,0,0,0,0
Coconut,fruit,2082,11,8,falgun,79890,150.0,160.0,155.0,nos,nos,False,12382950.0,True,79890,0,1.0,10,True,0,0,0,0,0,0,0,0,0,0,79890,0,0,0,0,0,0,0,0,0,0,0,0,0,0,0,0,0,0,0,0,0,0,0,0
Coconut,fruit,2082,12,9,chaitra,139855,150.0,160.0,155.0,nos,nos,False,21677525.0,True,139855,0,1.0,10,True,0,0,0,0,0,0,0,0,0,0,139855,0,0,0,0,0,0,0,0,0,0,0,0,0,0,0,0,0,0,0,0,0,0,0,0
Coconut,fruit,2083,1,10,baishakh,95375,150.0,160.0,155.0,nos,nos,False,14783125.0,True,95375,0,1.0,10,True,0,0,0,0,0,0,0,0,0,0,95375,0,0,0,0,0,0,0,0,0,0,0,0,0,0,0,0,0,0,0,0,0,0,0,0
Coriander_Green,vegetable,2082,4,1,shrawan,35724,250.0,800.0,536.0,kg,kg,False,19148064.0,True,35724,0,0.0,10,True,0,0,0,0,1140,0,0,0,0,8140,0,0,2344,0,0,0,23815,0,0,0,0,285,0,0,0,0,0,0,0,0,0,0,0,0,0
Coriander_Green,vegetable,2082,5,2,bhadra,27628,100.0,572.0,336.11,kg,kg,False,9286047.08,True,27628,0,0.0,10,True,0,0,0,0,0,0,0,0,0,8265,0,0,1605,0,0,0,17708,0,0,0,0,50,0,0,0,0,0,0,0,0,0,0,0,0,0
Coriander_Green,vegetable,2082,6,3,ashwin,26822,300.0,762.0,531.25,kg,kg,False,14249187.5,True,26822,0,0.0,10,True,0,0,0,0,0,0,0,120,0,5490,0,0,1730,0,0,0,19072,0,0,0,0,410,0,0,0,0,0,0,0,0,0,0,0,0,0
Coriander_Green,vegetable,2082,7,4,kartik,41150,200.0,600.0,403.95,kg,kg,False,16622542.5,True,41150,0,0.0,10,True,0,0,0,0,0,0,0,240,0,10155,0,0,2435,0,0,0,28110,0,0,0,0,210,0,0,0,0,0,0,0,0,0,0,0,0,0
Coriander_Green,vegetable,2082,8,5,mangsir,39370,100.0,580.0,348.68,kg,kg,False,13727531.6,True,39370,0,0.0,10,True,0,0,0,0,1860,0,0,0,0,3700,0,0,3210,0,0,0,29520,0,0,0,0,930,0,0,0,0,0,0,0,0,0,0,0,0,150
Coriander_Green,vegetable,2082,9,6,poush,46078,100.0,200.0,135.23,kg,kg,False,6231127.94,True,46078,0,0.0,10,True,0,0,0,0,6510,0,0,0,0,0,0,0,1305,0,0,0,38013,0,0,0,0,250,0,0,0,0,0,0,0,0,0,0,0,0,0
Coriander_Green,vegetable,2082,10,7,magh,32317,20.0,150.0,59.29,kg,kg,False,1916074.93,True,32317,0,0.0,10,True,0,0,0,0,3982,0,0,0,0,0,0,0,1500,0,0,0,26295,0,0,0,0,540,0,0,0,0,0,0,0,0,0,0,0,0,0
Coriander_Green,vegetable,2082,11,8,falgun,27410,20.0,60.0,35.56,kg,kg,False,974699.6,True,27410,0,0.0,10,True,0,0,0,0,1500,0,0,0,0,0,0,0,520,0,0,0,24850,0,0,0,0,540,0,0,0,0,0,0,0,0,0,0,0,0,0
Coriander_Green,vegetable,2082,12,9,chaitra,41235,30.0,250.0,102.05,kg,kg,False,4208031.75,True,41235,0,0.0,10,True,0,0,0,0,0,0,0,0,0,2505,0,0,1590,0,0,0,37140,0,0,0,0,0,0,0,0,0,0,0,0,0,0,0,0,0,0
Coriander_Green,vegetable,2083,1,10,baishakh,36415,50.0,250.0,128.26,kg,kg,False,4670587.9,True,36415,0,0.0,10,True,0,0,0,0,0,0,0,0,0,9835,0,0,1205,0,0,0,25290,0,0,0,0,85,0,0,0,0,0,0,0,0,0,0,0,0,0
Cow_Pea,vegetable,2082,4,1,shrawan,285960,40.0,180.0,78.0,kg,kg,False,22304880.0,True,285960,0,0.0,10,True,0,0,0,0,5205,0,0,82340,3150,27500,0,0,18489,0,0,0,60138,0,0,0,0,79513,0,0,0,0,0,0,0,0,4920,0,0,0,4705
Cow_Pea,vegetable,2082,5,2,bhadra,202173,30.0,180.0,68.47,kg,kg,False,13842785.31,True,202173,0,0.053864759389235954,10,True,0,0,0,0,9730,0,0,45985,970,18130,10890,0,14150,0,0,0,40768,0,0,0,0,44695,0,5680,0,0,0,0,0,0,4440,0,0,0,6735
Cow_Pea,vegetable,2082,6,3,ashwin,155168,130.0,220.0,165.31,kg,kg,False,25650822.08,True,155168,0,0.03525211383790472,10,True,0,0,0,0,11070,0,0,46515,4050,8700,5470,0,0,0,0,0,31135,0,0,0,0,36228,0,2830,0,0,0,0,0,0,0,0,0,0,9170
Cow_Pea,vegetable,2082,7,4,kartik,166037,80.0,200.0,128.95,kg,kg,False,21410471.15,True,166037,0,0.0729957780494709,10,True,0,0,0,0,15900,0,0,48583,5050,1140,12120,0,0,0,0,0,30319,0,0,0,0,37175,0,5960,0,0,0,0,0,0,1140,0,0,0,8650
Cow_Pea,vegetable,2082,8,5,mangsir,177430,90.0,230.0,138.95,kg,kg,False,24653898.5,True,177430,0,0.1827763061489038,10,True,0,0,0,0,12855,0,0,33430,1890,1380,32430,0,0,0,0,0,27620,0,0,0,0,29110,0,540,0,0,0,0,0,0,35995,0,0,0,2180
Cow_Pea,vegetable,2082,9,6,poush,104840,80.0,150.0,115.0,kg,kg,False,12056600.0,True,104840,0,0.1792731781762686,10,True,0,0,0,0,2460,0,0,13100,0,0,18795,0,0,0,0,0,11335,0,0,0,0,21540,0,0,0,0,0,0,0,0,37400,0,0,0,210
Cow_Pea,vegetable,2082,10,7,magh,27330,80.0,150.0,128.64,kg,kg,False,3515731.2,True,27330,0,0.44273691913648006,10,True,0,0,0,0,0,0,0,0,0,0,12100,0,0,0,0,0,2660,0,0,0,0,5580,0,0,0,0,0,0,0,0,6990,0,0,0,0
Cow_Pea,vegetable,2082,11,8,falgun,7495,130.0,150.0,140.0,kg,kg,False,1049300.0,True,7495,0,0.6010673782521682,10,True,0,0,0,0,0,0,0,0,0,0,4505,0,0,0,0,0,2450,0,0,0,0,540,0,0,0,0,0,0,0,0,0,0,0,0,0
Cow_Pea,vegetable,2082,12,9,chaitra,134272,130.0,200.0,166.67,kg,kg,False,22379114.24,True,134272,0,0.37202097235462345,10,True,0,0,0,0,28130,0,0,7350,0,0,49952,0,0,0,0,0,0,0,0,0,0,48840,0,0,0,0,0,0,0,0,0,0,0,0,0
Cow_Pea,vegetable,2083,1,10,baishakh,165310,60.0,160.0,91.3,kg,kg,False,15092803.0,True,165310,0,0.24789788881495373,10,True,0,0,0,0,29190,0,0,31655,630,0,40980,0,0,0,0,0,2905,0,0,0,0,56260,0,0,0,0,0,0,0,0,3690,0,0,0,0
Cress_Leaf,vegetable,2082,4,1,shrawan,0,60.0,100.0,71.94,mutha,mutha,False,0.0,True,0,0,,9,False,0,0,0,0,0,0,0,0,0,0,0,0,0,0,0,0,0,0,0,0,0,0,0,0,0,0,0,0,0,0,0,0,0,0,0
Cress_Leaf,vegetable,2082,6,3,ashwin,990,,,173.75,mutha,mutha,False,172012.5,True,990,0,0.0,9,False,0,0,0,0,0,0,0,0,0,0,0,0,0,0,0,0,990,0,0,0,0,0,0,0,0,0,0,0,0,0,0,0,0,0,0
Cress_Leaf,vegetable,2082,7,4,kartik,3990,80.0,200.0,128.95,mutha,mutha,False,514510.5,True,3990,0,0.0,9,False,0,0,0,0,0,0,0,0,0,0,0,0,150,0,0,0,3840,0,0,0,0,0,0,0,0,0,0,0,0,0,0,0,0,0,0
Cress_Leaf,vegetable,2082,8,5,mangsir,5170,,,108.5,mutha,mutha,False,560945.0,True,5170,0,0.0,9,False,0,0,0,0,0,0,0,0,0,0,0,0,0,0,0,0,0,0,0,0,0,5170,0,0,0,0,0,0,0,0,0,0,0,0,0
Cress_Leaf,vegetable,2082,9,6,poush,6410,,,77.49,mutha,mutha,False,496710.9,True,6410,0,0.0,9,False,0,0,0,0,0,0,0,0,0,0,0,0,0,0,0,0,6410,0,0,0,0,0,0,0,0,0,0,0,0,0,0,0,0,0,0
Cress_Leaf,vegetable,2082,10,7,magh,7670,,,52.5,mutha,mutha,False,402675.0,True,7670,0,0.0,9,False,0,0,0,0,0,0,0,0,0,0,0,0,0,0,0,0,7670,0,0,0,0,0,0,0,0,0,0,0,0,0,0,0,0,0,0
Cress_Leaf,vegetable,2082,11,8,falgun,3780,,,40.56,mutha,mutha,False,153316.8,True,3780,0,0.0,9,False,0,0,0,0,0,0,0,0,0,0,0,0,0,0,0,0,3780,0,0,0,0,0,0,0,0,0,0,0,0,0,0,0,0,0,0
Cress_Leaf,vegetable,2082,12,9,chaitra,4770,,,47.5,mutha,mutha,False,226575.0,True,4770,0,0.0,9,False,0,0,0,0,0,0,0,0,0,0,0,0,0,0,0,0,4770,0,0,0,0,0,0,0,0,0,0,0,0,0,0,0,0,0,0
Cress_Leaf,vegetable,2083,1,10,baishakh,2700,,,45.5,mutha,mutha,False,122850.0,True,2700,0,0.0,9,False,0,0,0,0,0,0,0,0,0,0,0,0,0,0,0,0,2700,0,0,0,0,0,0,0,0,0,0,0,0,0,0,0,0,0,0
Cucumber,vegetable,2082,4,1,shrawan,424477,25.0,150.0,53.0,kg,kg,False,22497281.0,True,424477,0,0.0,10,True,0,0,0,0,0,0,0,59683,9479,39680,0,0,50535,0,0,0,149825,0,0,0,0,81205,0,6295,0,0,0,0,0,0,4960,0,0,2550,20265
Cucumber,vegetable,2082,5,2,bhadra,263390,25.0,150.0,71.11,kg,kg,False,18729662.9,True,263390,0,0.0,10,True,0,0,0,0,0,0,0,37425,650,57400,0,0,17485,0,0,0,89647,0,0,0,0,35333,0,6900,0,0,0,0,0,0,4050,0,0,4755,9745
Cucumber,vegetable,2082,6,3,ashwin,177455,60.0,150.0,109.06,kg,kg,False,19353242.3,True,177455,0,0.0,10,True,0,0,0,0,0,0,0,36165,2760,44635,0,0,5570,0,0,0,27640,0,0,0,0,52960,0,7725,0,0,0,0,0,0,0,0,0,0,0
Cucumber,vegetable,2082,7,4,kartik,195746,60.0,150.0,104.74,kg,kg,False,20502436.04,True,195746,0,0.08048695758789452,10,True,0,0,0,0,0,0,2750,36525,0,31935,15755,0,13405,0,0,0,29781,0,0,0,0,64475,0,1120,0,0,0,0,0,0,0,0,0,0,0
Cucumber,vegetable,2082,8,5,mangsir,230735,50.0,150.0,106.58,kg,kg,False,24591736.3,True,230735,0,0.21459683186339307,10,True,0,0,0,0,0,0,0,25120,640,3415,49515,0,11940,0,0,0,31515,0,0,0,0,59430,0,49160,0,0,0,0,0,0,0,0,0,0,0
Cucumber,vegetable,2082,9,6,poush,176915,50.0,150.0,91.14,kg,kg,False,16124033.1,True,176915,0,0.3416047254331176,10,True,0,0,0,0,0,0,0,5570,420,0,60435,0,17270,0,0,0,20250,0,0,0,0,45975,26995,0,0,0,0,0,0,0,0,0,0,0,0
Cucumber,vegetable,2082,10,7,magh,125205,60.0,150.0,123.71,kg,kg,False,15489110.55,True,125205,0,0.43716305259374627,10,True,0,0,0,0,1150,0,0,2660,1120,0,54735,0,17455,0,0,0,9260,0,0,0,0,35135,3690,0,0,0,0,0,0,0,0,0,0,0,0
Cucumber,vegetable,2082,11,8,falgun,151850,60.0,150.0,122.5,kg,kg,False,18601625.0,True,151850,0,0.4460322686862035,10,True,0,0,0,0,0,0,0,12400,6210,0,67730,0,8890,0,0,0,15490,0,0,0,0,41130,0,0,0,0,0,0,0,0,0,0,0,0,0
Cucumber,vegetable,2082,12,9,chaitra,305374,40.0,100.0,71.82,kg,kg,False,21931960.68,True,305374,0,0.19047135643505997,10,True,0,0,0,0,0,0,0,79949,2100,0,58165,0,14330,0,0,0,52745,0,0,0,0,95835,2250,0,0,0,0,0,0,0,0,0,0,0,0
Cucumber,vegetable,2083,1,10,baishakh,310136,40.0,120.0,74.78,kg,kg,False,23191970.08,True,310136,0,0.05633012613821033,10,True,0,0,0,0,0,0,0,71671,9080,0,17470,0,0,0,0,0,109940,0,0,0,0,69590,24100,0,0,0,0,0,0,0,0,0,0,0,8285
Dragon_Fruits,fruit,2082,4,1,shrawan,7010,300.0,450.0,386.0,kg,kg,False,2705860.0,True,7010,0,0.5092724679029957,10,True,0,0,0,0,0,1530,0,0,0,0,2040,0,0,0,0,0,45,0,0,0,0,2000,0,0,0,0,0,0,0,0,0,0,1085,0,310
Dragon_Fruits,fruit,2082,5,2,bhadra,6940,300.0,450.0,394.44,kg,kg,False,2737413.6,True,6940,0,0.5417867435158501,10,True,0,0,0,0,0,3760,0,0,100,0,0,0,0,0,0,0,50,0,0,0,0,0,0,0,0,0,0,0,0,0,0,0,2520,0,510
Dragon_Fruits,fruit,2082,6,3,ashwin,6994,300.0,400.0,350.0,kg,kg,False,2447900.0,True,6994,0,0.5438947669430941,10,True,0,0,0,0,0,2384,0,0,0,0,1420,0,0,0,0,0,0,0,0,0,0,0,0,0,0,0,0,0,0,0,0,0,2380,0,810
Dragon_Fruits,fruit,2082,7,4,kartik,8260,300.0,400.0,350.0,kg,kg,False,2891000.0,True,8260,0,0.950363196125908,10,True,0,0,120,0,0,1080,0,0,0,0,6770,0,0,0,0,0,50,0,0,0,0,0,0,0,0,0,0,0,0,0,0,0,240,0,0
Dragon_Fruits,fruit,2082,8,5,mangsir,8170,300.0,400.0,350.0,kg,kg,False,2859500.0,True,8170,0,0.8102815177478581,10,True,0,0,0,0,0,2060,0,0,0,0,4560,0,0,0,0,0,0,0,0,0,0,420,0,0,0,0,0,0,0,0,0,0,1130,0,0
Dragon_Fruits,fruit,2082,9,6,poush,7490,300.0,400.0,329.55,kg,kg,False,2468329.5,True,7490,0,0.835781041388518,10,True,0,0,0,0,0,1740,0,0,0,0,4520,0,0,0,0,0,0,0,0,0,0,0,0,0,0,0,0,0,0,0,0,0,1230,0,0
Dragon_Fruits,fruit,2082,10,7,magh,5310,300.0,350.0,325.0,kg,kg,False,1725750.0,True,5310,0,1.0,10,True,0,0,0,0,0,1720,0,0,0,0,3590,0,0,0,0,0,0,0,0,0,0,0,0,0,0,0,0,0,0,0,0,0,0,0,0
Dragon_Fruits,fruit,2082,11,8,falgun,3490,300.0,350.0,325.0,kg,kg,False,1134250.0,True,3490,0,1.0,10,True,0,0,0,0,0,210,0,0,0,0,3280,0,0,0,0,0,0,0,0,0,0,0,0,0,0,0,0,0,0,0,0,0,0,0,0
Dragon_Fruits,fruit,2082,12,9,chaitra,3600,300.0,350.0,325.0,kg,kg,False,1170000.0,True,3600,0,1.0,10,True,0,0,0,0,0,320,0,0,0,0,3280,0,0,0,0,0,0,0,0,0,0,0,0,0,0,0,0,0,0,0,0,0,0,0,0
Dragon_Fruits,fruit,2083,1,10,baishakh,21050,300.0,350.0,325.0,kg,kg,False,6841250.0,True,21050,0,0.9900237529691212,10,True,0,0,0,0,0,4980,0,0,0,0,15860,0,0,0,0,0,0,0,0,0,0,0,0,0,0,0,0,0,0,0,0,0,210,0,0
Fenugreek_Leaf,vegetable,2082,4,1,shrawan,0,60.0,100.0,69.17,mutha,mutha,False,0.0,True,0,0,,8,False,0,0,0,0,0,0,0,0,0,0,0,0,0,0,0,0,0,0,0,0,0,0,0,0,0,0,0,0,0,0,0,0,0,0,0
Fenugreek_Leaf,vegetable,2082,7,4,kartik,2822,,,90.85,mutha,mutha,False,256378.7,True,2822,0,0.0,8,False,0,0,0,0,0,0,0,0,0,0,0,0,30,0,0,0,2792,0,0,0,0,0,0,0,0,0,0,0,0,0,0,0,0,0,0
Fenugreek_Leaf,vegetable,2082,8,5,mangsir,5180,,,108.5,mutha,mutha,False,562030.0,True,5180,0,0.0,8,False,0,0,0,0,1670,0,0,0,0,0,0,0,0,0,0,0,3510,0,0,0,0,0,0,0,0,0,0,0,0,0,0,0,0,0,0
Fenugreek_Leaf,vegetable,2082,9,6,poush,10330,,,77.56,mutha,mutha,False,801194.8,True,10330,0,0.0,8,False,0,0,0,0,4700,0,0,0,0,0,0,0,0,0,0,0,5630,0,0,0,0,0,0,0,0,0,0,0,0,0,0,0,0,0,0
Fenugreek_Leaf,vegetable,2082,10,7,magh,7328,,,50.0,mutha,mutha,False,366400.0,True,7328,0,0.0,8,False,0,0,0,0,3210,0,0,0,0,0,0,0,290,0,0,0,3508,0,0,0,0,0,0,0,0,0,0,0,0,0,320,0,0,0,0
Fenugreek_Leaf,vegetable,2082,11,8,falgun,5020,,,40.56,mutha,mutha,False,203611.2,True,5020,0,0.0,8,False,0,0,0,0,910,0,0,0,0,0,0,0,240,0,0,0,3550,0,0,0,0,0,0,0,0,0,0,0,0,0,320,0,0,0,0
Fenugreek_Leaf,vegetable,2082,12,9,chaitra,4650,,,47.5,mutha,mutha,False,220875.0,True,4650,0,0.0,8,False,0,0,0,0,0,0,0,0,0,0,0,0,0,0,0,0,4650,0,0,0,0,0,0,0,0,0,0,0,0,0,0,0,0,0,0
Fenugreek_Leaf,vegetable,2083,1,10,baishakh,2640,,,52.33,mutha,mutha,False,138151.2,True,2640,0,0.0,8,False,0,0,0,0,0,0,0,0,0,0,0,0,0,0,0,0,2640,0,0,0,0,0,0,0,0,0,0,0,0,0,0,0,0,0,0
French_Bean,vegetable,2082,4,1,shrawan,232945,60.0,180.0,100.2,kg,kg,False,23341089.0,True,232945,0,0.0,10,True,0,0,0,0,0,0,0,88400,0,4805,0,0,35235,0,0,0,30515,0,0,0,0,73780,0,0,0,0,0,0,0,0,0,0,0,0,210
French_Bean,vegetable,2082,5,2,bhadra,136005,50.0,180.0,82.5,kg,kg,False,11220412.5,True,136005,0,0.0,10,True,0,0,0,0,0,0,0,54135,210,2680,0,0,19505,0,0,0,15165,0,0,0,0,40235,0,4075,0,0,0,0,0,0,0,0,0,0,0
French_Bean,vegetable,2082,6,3,ashwin,109658,130.0,200.0,159.38,kg,kg,False,17477292.04,True,109658,0,0.0,10,True,0,0,0,0,0,0,0,47040,0,3730,0,0,1660,0,0,0,23504,0,0,0,0,31034,0,2350,0,0,0,0,0,0,0,0,0,0,340
French_Bean,vegetable,2082,7,4,kartik,158900,80.0,200.0,131.05,kg,kg,False,20823845.0,True,158900,0,0.0,10,True,0,0,0,0,0,0,0,65765,1170,1140,0,0,0,0,0,0,36385,0,0,0,0,52200,0,2240,0,0,0,0,0,0,0,0,0,0,0
French_Bean,vegetable,2082,8,5,mangsir,200560,120.0,200.0,160.0,kg,kg,False,32089600.0,True,200560,0,0.011268448344635022,10,True,0,0,0,0,0,0,540,80260,1320,5325,2260,0,0,0,0,0,32630,0,0,0,0,70205,0,7870,0,0,0,0,0,0,0,0,0,150,0
French_Bean,vegetable,2082,9,6,poush,215600,80.0,160.0,133.18,kg,kg,False,28713608.0,True,215600,0,0.01549165120593692,10,True,0,0,0,0,0,0,0,70890,780,0,3340,0,2140,0,0,0,56630,0,0,0,0,81820,0,0,0,0,0,0,0,0,0,0,0,0,0
French_Bean,vegetable,2082,10,7,magh,138405,60.0,180.0,128.14,kg,kg,False,17735216.7,True,138405,0,0.1434196741447202,10,True,0,0,0,0,0,0,0,38690,210,1875,19850,0,0,0,0,0,21030,0,0,0,0,56750,0,0,0,0,0,0,0,0,0,0,0,0,0
French_Bean,vegetable,2082,11,8,falgun,93620,60.0,180.0,104.72,kg,kg,False,9803886.4,True,93620,0,0.09944456312753686,10,True,0,0,0,0,0,0,0,16655,0,2450,9310,0,0,0,0,0,14905,0,0,0,0,50300,0,0,0,0,0,0,0,0,0,0,0,0,0
French_Bean,vegetable,2082,12,9,chaitra,192895,60.0,150.0,117.95,kg,kg,False,22751965.25,True,192895,0,0.011094118561911922,10,True,0,0,0,0,0,0,0,78580,0,9890,2140,0,0,0,0,0,33070,0,0,0,0,69215,0,0,0,0,0,0,0,0,0,0,0,0,0
French_Bean,vegetable,2083,1,10,baishakh,192270,60.0,150.0,108.91,kg,kg,False,20940125.7,True,192270,0,0.0,10,True,0,0,0,0,0,0,0,64970,6380,0,0,0,2800,0,0,0,43650,0,0,0,0,74470,0,0,0,0,0,0,0,0,0,0,0,0,0
Garlic_Dry,vegetable,2082,4,1,shrawan,9300,130.0,230.0,156.0,kg,kg,False,1450800.0,True,9300,0,0.4075268817204301,8,False,0,0,0,0,0,0,540,0,0,0,3790,0,0,0,0,0,0,0,0,0,0,0,0,0,0,0,4970,0,0,0,0,0,0,0,0
Garlic_Dry,vegetable,2082,5,2,bhadra,2660,130.0,250.0,178.54,kg,kg,False,474916.4,True,2660,0,0.0,8,False,0,0,0,0,0,0,0,0,0,0,0,0,0,0,0,0,0,0,0,0,0,0,0,0,0,0,2660,0,0,0,0,0,0,0,0
Garlic_Dry,vegetable,2082,6,3,ashwin,7550,180.0,230.0,211.88,kg,kg,False,1599694.0,True,7550,0,0.0,8,False,0,0,0,0,0,0,5340,0,0,0,0,0,0,0,0,0,0,0,0,0,0,0,0,0,0,0,2210,0,0,0,0,0,0,0,0
Garlic_Dry,vegetable,2082,7,4,kartik,6750,180.0,200.0,190.0,kg,kg,False,1282500.0,True,6750,0,0.0,8,False,0,0,0,0,0,0,6750,0,0,0,0,0,0,0,0,0,0,0,0,0,0,0,0,0,0,0,0,0,0,0,0,0,0,0,0
Garlic_Dry,vegetable,2082,8,5,mangsir,0,180.0,200.0,190.0,kg,kg,False,0.0,True,0,0,,8,False,0,0,0,0,0,0,0,0,0,0,0,0,0,0,0,0,0,0,0,0,0,0,0,0,0,0,0,0,0,0,0,0,0,0,0
Garlic_Dry,vegetable,2082,10,7,magh,0,180.0,200.0,190.0,kg,kg,False,0.0,True,0,0,,8,False,0,0,0,0,0,0,0,0,0,0,0,0,0,0,0,0,0,0,0,0,0,0,0,0,0,0,0,0,0,0,0,0,0,0,0
Garlic_Dry,vegetable,2082,12,9,chaitra,1140,,,135.0,kg,kg,False,153900.0,True,1140,0,1.0,8,False,0,0,0,0,0,0,0,0,0,0,1140,0,0,0,0,0,0,0,0,0,0,0,0,0,0,0,0,0,0,0,0,0,0,0,0
Garlic_Dry,vegetable,2083,1,10,baishakh,7560,,,120.0,kg,kg,False,907200.0,True,7560,0,0.36243386243386244,8,False,0,0,0,0,0,0,4230,0,240,0,2740,0,0,0,0,0,0,0,0,0,0,0,0,0,0,0,350,0,0,0,0,0,0,0,0
Garlic_Green,vegetable,2082,4,1,shrawan,7940,150.0,250.0,194.0,kg,kg,False,1540360.0,True,7940,0,0.0,10,True,0,0,0,0,0,0,0,0,0,1395,0,0,3380,0,0,0,3165,0,0,0,0,0,0,0,0,0,0,0,0,0,0,0,0,0,0
Garlic_Green,vegetable,2082,5,2,bhadra,4065,100.0,250.0,177.43,kg,kg,False,721252.95,True,4065,0,0.0,10,True,0,0,0,0,0,0,0,0,0,55,0,0,2365,0,0,0,1645,0,0,0,0,0,0,0,0,0,0,0,0,0,0,0,0,0,0
Garlic_Green,vegetable,2082,6,3,ashwin,3430,200.0,250.0,225.0,kg,kg,False,771750.0,True,3430,0,0.0,10,True,0,0,0,0,0,0,0,0,0,0,0,0,2110,0,0,0,1320,0,0,0,0,0,0,0,0,0,0,0,0,0,0,0,0,0,0
Garlic_Green,vegetable,2082,7,4,kartik,4270,250.0,500.0,331.58,kg,kg,False,1415846.6,True,4270,0,0.0,10,True,0,0,0,0,0,0,0,0,0,0,0,0,2335,0,0,0,1935,0,0,0,0,0,0,0,0,0,0,0,0,0,0,0,0,0,0
Garlic_Green,vegetable,2082,8,5,mangsir,0,200.0,500.0,281.58,kg,kg,False,0.0,True,0,0,,10,True,0,0,0,0,0,0,0,0,0,0,0,0,0,0,0,0,0,0,0,0,0,0,0,0,0,0,0,0,0,0,0,0,0,0,0
Garlic_Green,vegetable,2082,9,6,poush,13060,150.0,500.0,219.32,kg,kg,False,2864319.2,True,13060,0,0.0,10,True,0,0,0,0,4050,0,0,0,0,0,0,0,4310,0,0,0,3880,0,0,0,0,820,0,0,0,0,0,0,0,0,0,0,0,0,0
Garlic_Green,vegetable,2082,10,7,magh,7730,60.0,250.0,120.71,kg,kg,False,933088.3,True,7730,0,0.0,10,True,0,0,0,0,2260,0,0,0,0,0,0,0,2460,0,0,0,2660,0,0,0,0,350,0,0,0,0,0,0,0,0,0,0,0,0,0
Garlic_Green,vegetable,2082,11,8,falgun,4619,60.0,150.0,93.16,kg,kg,False,430306.04,True,4619,0,0.0,10,True,0,0,0,0,360,0,0,0,0,0,0,0,1870,0,0,0,2039,0,0,0,0,350,0,0,0,0,0,0,0,0,0,0,0,0,0
Garlic_Green,vegetable,2082,12,9,chaitra,7945,60.0,80.0,70.0,kg,kg,False,556150.0,True,7945,0,0.0,10,True,0,0,0,0,0,0,0,0,0,0,0,0,4010,0,0,0,3935,0,0,0,0,0,0,0,0,0,0,0,0,0,0,0,0,0,0
Garlic_Green,vegetable,2083,1,10,baishakh,4015,60.0,80.0,70.0,kg,kg,False,281050.0,True,4015,0,0.0,10,True,0,0,0,0,0,0,0,0,0,0,0,0,2350,0,0,0,1665,0,0,0,0,0,0,0,0,0,0,0,0,0,0,0,0,0,0
Ginger,vegetable,2082,4,1,shrawan,42475,90.0,150.0,113.8,kg,kg,False,4833655.0,True,42475,0,0.0,10,True,0,0,0,0,0,0,1140,0,0,36960,0,0,0,0,0,0,805,0,0,0,0,0,0,520,0,0,1080,0,0,0,0,0,0,0,1970
Ginger,vegetable,2082,5,2,bhadra,23085,80.0,150.0,112.15,kg,kg,False,2588982.75,True,23085,0,0.0,10,True,0,0,0,0,0,0,0,0,0,21360,0,0,0,0,0,0,1485,0,0,0,0,0,0,0,0,0,0,0,0,0,0,0,0,0,240
Ginger,vegetable,2082,6,3,ashwin,28950,80.0,150.0,116.25,kg,kg,False,3365437.5,True,28950,0,0.0,10,True,0,0,0,0,0,0,2360,2390,0,9580,0,0,0,0,0,0,14620,0,0,0,0,0,0,0,0,0,0,0,0,0,0,0,0,0,0
Ginger,vegetable,2082,7,4,kartik,48161,80.0,130.0,105.0,kg,kg,False,5056905.0,True,48161,0,0.0,10,True,0,0,0,0,0,0,5155,6965,240,5910,0,0,0,0,0,0,10576,0,0,0,0,1470,0,0,0,1100,0,0,0,0,0,0,0,0,16745
Ginger,vegetable,2082,8,5,mangsir,36189,80.0,130.0,100.26,kg,kg,False,3628309.14,True,36189,0,0.0,10,True,0,0,0,0,0,0,3554,8925,530,6290,0,0,0,0,0,0,10480,0,0,0,0,240,1830,1120,0,0,0,0,0,0,0,0,0,0,3220
Ginger,vegetable,2082,9,6,poush,53130,80.0,120.0,100.0,kg,kg,False,5313000.0,False,112230,-59100,0.0,10,True,0,0,0,0,0,0,65675,16970,540,9365,0,0,0,0,0,0,12060,0,0,0,0,0,2240,0,0,350,0,0,0,0,0,0,0,0,5030
Ginger,vegetable,2082,10,7,magh,42250,80.0,120.0,100.0,kg,kg,False,4225000.0,True,42250,0,0.0,10,True,0,0,0,0,0,0,1890,7235,0,10050,0,0,0,0,0,0,4285,0,0,0,0,0,0,0,0,9530,0,0,0,0,0,0,0,3690,5570
Ginger,vegetable,2082,11,8,falgun,30580,80.0,120.0,100.0,kg,kg,False,3058000.0,True,30580,0,0.0,10,True,0,0,0,0,0,0,340,5210,0,5800,0,0,0,0,0,0,4660,0,0,0,0,0,0,0,0,9080,0,0,0,0,0,0,0,3790,1700
Ginger,vegetable,2082,12,9,chaitra,37630,80.0,120.0,103.18,kg,kg,False,3882663.4,True,37630,0,0.0,10,True,0,0,0,0,0,0,3610,2880,240,19980,0,0,0,0,0,0,7050,0,0,0,0,0,0,0,0,850,0,0,0,0,0,0,0,0,3020
Ginger,vegetable,2083,1,10,baishakh,32930,80.0,150.0,110.43,kg,kg,False,3636459.9,True,32930,0,0.0,10,True,0,0,0,0,0,0,2520,520,0,9340,0,0,0,0,0,0,4020,0,0,0,0,0,0,8670,0,0,0,0,0,0,0,3000,0,0,4860
Grapes,fruit,2082,4,1,shrawan,5530,,,189.0,kg,kg,False,1045170.0,True,5530,0,1.0,10,True,0,0,0,0,0,4530,0,0,0,0,1000,0,0,0,0,0,0,0,0,0,0,0,0,0,0,0,0,0,0,0,0,0,0,0,0
Grapes,fruit,2082,5,2,bhadra,3660,160.0,200.0,179.57,kg,kg,False,657226.2,True,3660,0,1.0,10,True,0,0,0,0,0,3660,0,0,0,0,0,0,0,0,0,0,0,0,0,0,0,0,0,0,0,0,0,0,0,0,0,0,0,0,0
Grapes,fruit,2082,6,3,ashwin,7145,,,500.0,kg,kg,False,3572500.0,True,7145,0,1.0,10,True,0,0,0,0,0,7145,0,0,0,0,0,0,0,0,0,0,0,0,0,0,0,0,0,0,0,0,0,0,0,0,0,0,0,0,0
Grapes,fruit,2082,7,4,kartik,13320,,,450.0,kg,kg,False,5994000.0,True,13320,0,1.0,10,True,0,0,0,0,0,8800,0,0,0,0,4520,0,0,0,0,0,0,0,0,0,0,0,0,0,0,0,0,0,0,0,0,0,0,0,0
Grapes,fruit,2082,8,5,mangsir,70175,,,450.0,kg,kg,False,31578750.0,True,70175,0,1.0,10,True,0,0,0,0,0,780,0,0,0,0,69395,0,0,0,0,0,0,0,0,0,0,0,0,0,0,0,0,0,0,0,0,0,0,0,0
Grapes,fruit,2082,9,6,poush,71105,,,365.0,kg,kg,False,25953325.0,True,71105,0,1.0,10,True,0,0,0,0,0,880,0,0,0,0,70225,0,0,0,0,0,0,0,0,0,0,0,0,0,0,0,0,0,0,0,0,0,0,0,0
Grapes,fruit,2082,10,7,magh,92190,180.0,220.0,200.0,kg,kg,False,18438000.0,True,92190,0,1.0,10,True,0,0,0,0,0,210,0,0,0,0,91980,0,0,0,0,0,0,0,0,0,0,0,0,0,0,0,0,0,0,0,0,0,0,0,0
Grapes,fruit,2082,11,8,falgun,166360,180.0,220.0,200.0,kg,kg,False,33272000.0,True,166360,0,1.0,10,True,0,0,0,0,0,0,0,0,0,0,166360,0,0,0,0,0,0,0,0,0,0,0,0,0,0,0,0,0,0,0,0,0,0,0,0
Grapes,fruit,2082,12,9,chaitra,255050,,,230.0,kg,kg,False,58661500.0,True,255050,0,1.0,10,True,0,0,0,0,0,0,0,0,0,0,255050,0,0,0,0,0,0,0,0,0,0,0,0,0,0,0,0,0,0,0,0,0,0,0,0
Grapes,fruit,2083,1,10,baishakh,220900,,,450.0,kg,kg,False,99405000.0,True,220900,0,1.0,10,True,0,0,0,0,0,2120,0,0,0,0,218780,0,0,0,0,0,0,0,0,0,0,0,0,0,0,0,0,0,0,0,0,0,0,0,0
Green_Peas,vegetable,2082,5,2,bhadra,35870,,200.0,126.05,kg,kg,False,4521413.5,True,35870,0,0.0,9,False,0,0,0,0,0,0,0,0,120,0,0,0,2685,0,0,0,28050,0,0,0,0,0,0,0,0,0,0,0,0,0,0,0,0,0,5015
Green_Peas,vegetable,2082,6,3,ashwin,490,250.0,300.0,291.67,kg,kg,False,142918.3,True,490,0,0.0,9,False,0,0,0,0,0,0,0,0,0,490,0,0,0,0,0,0,0,0,0,0,0,0,0,0,0,0,0,0,0,0,0,0,0,0,0
Green_Peas,vegetable,2082,7,4,kartik,48400,200.0,300.0,264.74,kg,kg,False,12813416.0,True,48400,0,0.0,9,False,0,0,0,0,0,0,5475,20465,0,10390,0,0,0,0,0,0,0,0,0,0,0,12070,0,0,0,0,0,0,0,0,0,0,0,0,0
Green_Peas,vegetable,2082,8,5,mangsir,106400,160.0,250.0,184.74,kg,kg,False,19656336.0,True,106400,0,0.05093984962406015,9,False,0,0,0,0,1240,0,3380,38035,5800,1120,5420,0,150,0,0,0,1390,0,0,0,0,45735,0,0,0,0,0,0,0,0,4130,0,0,0,0
Green_Peas,vegetable,2082,9,6,poush,198183,130.0,180.0,152.73,kg,kg,False,30268489.59,True,198183,0,0.18356771266960334,9,False,0,0,0,0,10810,0,16440,34465,13950,0,36380,0,0,0,0,0,10015,0,0,0,0,66603,0,0,0,0,0,0,0,0,9520,0,0,0,0
Green_Peas,vegetable,2082,10,7,magh,155535,50.0,140.0,88.43,kg,kg,False,13753960.05,True,155535,0,0.3124698620889189,9,False,0,0,0,0,6370,0,3890,19115,7245,1140,48600,0,0,0,0,0,12795,0,0,0,0,48950,0,0,0,0,0,0,0,0,5180,0,0,0,2250
Green_Peas,vegetable,2082,11,8,falgun,111900,50.0,100.0,65.28,kg,kg,False,7304832.0,True,111900,0,0.05379803395889187,9,False,0,0,0,0,6935,0,3200,9495,4495,580,6020,0,210,0,0,0,27265,0,0,0,0,46080,0,0,0,0,0,0,0,0,1900,0,0,0,5720
Green_Peas,vegetable,2082,12,9,chaitra,137955,50.0,130.0,96.36,kg,kg,False,13293343.8,True,137955,0,0.0,9,False,0,0,0,0,0,0,11350,29665,2340,13255,0,0,0,0,0,0,23425,0,0,0,0,20995,0,0,0,0,0,0,0,0,15220,0,18415,0,3290
Green_Peas,vegetable,2083,1,10,baishakh,44955,100.0,130.0,110.87,kg,kg,False,4984160.85,True,44955,0,0.0,9,False,0,0,0,0,0,0,350,0,0,40695,0,0,0,0,0,0,1240,0,0,0,0,0,0,0,0,0,0,0,0,0,2670,0,0,0,0
Green_Ve,vegetable,2082,4,1,shrawan,56053,,,90.0,kg,kg,False,5044770.0,True,56053,0,0.0,9,False,0,0,0,0,0,0,0,0,970,50,0,0,3738,0,0,0,43665,0,0,0,0,0,0,0,0,0,0,0,0,0,0,0,0,0,7630
Green_Ve,vegetable,2082,6,3,ashwin,28090,,,155.0,kg,kg,False,4353950.0,True,28090,0,0.0,9,False,0,0,0,0,0,0,0,0,330,0,0,0,2600,0,0,0,23790,0,0,0,0,0,0,0,0,0,0,0,0,0,0,0,0,0,1370
Green_Ve,vegetable,2082,7,4,kartik,28645,,,91.5,kg,kg,False,2621017.5,True,28645,0,0.0,9,False,0,0,0,0,0,0,0,0,150,0,0,0,2610,0,0,0,25885,0,0,0,0,0,0,0,0,0,0,0,0,0,0,0,0,0,0
Green_Ve,vegetable,2082,8,5,mangsir,32200,,,109.0,kg,kg,False,3509800.0,True,32200,0,0.0,9,False,0,0,0,0,1830,0,0,0,0,0,0,0,3050,0,0,0,26670,0,0,0,0,0,0,0,0,0,0,0,0,0,650,0,0,0,0
Green_Ve,vegetable,2082,9,6,poush,37315,,,65.33,kg,kg,False,2437788.95,True,37315,0,0.0,9,False,0,0,0,0,4640,0,0,0,0,0,0,0,3980,0,0,0,25105,0,0,0,0,0,0,0,0,0,0,0,0,0,3590,0,0,0,0
Green_Ve,vegetable,2082,10,7,magh,26415,,,48.95,kg,kg,False,1293014.25,True,26415,0,0.0,9,False,0,0,0,0,1490,0,0,0,0,0,0,0,2420,0,0,0,17985,0,0,0,0,0,0,0,0,0,0,0,0,0,2810,0,0,0,1710
Green_Ve,vegetable,2082,11,8,falgun,23135,,,40.56,kg,kg,False,938355.6,True,23135,0,0.0,9,False,0,0,0,0,530,0,0,0,150,0,0,0,2320,0,0,0,15515,0,0,0,0,0,0,0,0,0,0,0,0,0,3630,0,0,0,990
Green_Ve,vegetable,2082,12,9,chaitra,45558,,,47.5,kg,kg,False,2164005.0,True,45558,0,0.0,9,False,0,0,0,0,0,0,0,0,540,0,0,0,3584,0,0,0,32510,0,0,0,0,0,0,0,0,0,0,0,0,0,3384,0,0,0,5540
Green_Ve,vegetable,2083,1,10,baishakh,46000,,,52.55,kg,kg,False,2417300.0,True,46000,0,0.0,9,False,0,0,0,0,0,0,0,0,4610,0,0,0,2975,0,0,0,24490,0,0,0,0,0,0,0,0,0,0,0,0,0,0,0,0,0,13925
Guava,fruit,2082,4,1,shrawan,9890,200.0,250.0,205.2,kg,kg,False,2029428.0,True,9890,0,0.9878665318503539,10,True,0,0,0,0,0,0,0,0,0,0,9770,0,0,0,0,0,0,0,0,0,0,120,0,0,0,0,0,0,0,0,0,0,0,0,0
Guava,fruit,2082,5,2,bhadra,37098,200.0,250.0,201.73,kg,kg,False,7483779.54,True,37098,0,0.8590759609682462,10,True,0,0,0,0,0,0,0,3420,150,0,31870,0,0,0,0,0,58,0,0,0,0,210,0,0,0,0,0,0,0,0,0,0,0,0,1390
Guava,fruit,2082,6,3,ashwin,26999,180.0,200.0,190.0,kg,kg,False,5129810.0,True,26999,0,0.6279862217119152,10,True,0,0,0,0,0,0,0,4090,210,2300,16955,0,0,0,0,0,984,0,0,0,0,2250,0,0,0,0,0,0,0,0,0,0,0,0,210
Guava,fruit,2082,7,4,kartik,28095,180.0,200.0,190.0,kg,kg,False,5338050.0,True,28095,0,0.9617369638725752,10,True,0,0,0,0,0,0,0,780,0,0,27020,0,0,0,0,0,85,0,0,0,0,210,0,0,0,0,0,0,0,0,0,0,0,0,0
Guava,fruit,2082,8,5,mangsir,39130,100.0,200.0,131.05,kg,kg,False,5127986.5,True,39130,0,1.0,10,True,0,0,0,0,0,0,0,0,0,0,39130,0,0,0,0,0,0,0,0,0,0,0,0,0,0,0,0,0,0,0,0,0,0,0,0
Guava,fruit,2082,9,6,poush,90555,100.0,120.0,110.0,kg,kg,False,9961050.0,True,90555,0,0.9604660151289272,10,True,0,0,0,0,0,0,0,0,0,0,86975,0,0,0,0,0,3580,0,0,0,0,0,0,0,0,0,0,0,0,0,0,0,0,0,0
Guava,fruit,2082,10,7,magh,37940,100.0,120.0,110.0,kg,kg,False,4173400.0,True,37940,0,1.0,10,True,0,0,0,0,0,0,0,0,0,0,37940,0,0,0,0,0,0,0,0,0,0,0,0,0,0,0,0,0,0,0,0,0,0,0,0
Guava,fruit,2082,11,8,falgun,20205,100.0,120.0,110.0,kg,kg,False,2222550.0,True,20205,0,1.0,10,True,0,0,0,0,0,0,0,0,0,0,20205,0,0,0,0,0,0,0,0,0,0,0,0,0,0,0,0,0,0,0,0,0,0,0,0
Guava,fruit,2082,12,9,chaitra,15970,100.0,200.0,163.18,kg,kg,False,2605984.6,True,15970,0,1.0,10,True,0,0,0,0,0,0,0,0,0,0,15970,0,0,0,0,0,0,0,0,0,0,0,0,0,0,0,0,0,0,0,0,0,0,0,0
Guava,fruit,2083,1,10,baishakh,0,150.0,200.0,180.22,kg,kg,False,0.0,True,0,0,,10,True,0,0,0,0,0,0,0,0,0,0,0,0,0,0,0,0,0,0,0,0,0,0,0,0,0,0,0,0,0,0,0,0,0,0,0
Gundruk,vegetable,2082,5,2,bhadra,120,,,300.0,kg,kg,False,36000.0,True,120,0,0.0,9,False,0,0,0,0,0,0,0,0,0,0,0,0,0,0,0,0,120,0,0,0,0,0,0,0,0,0,0,0,0,0,0,0,0,0,0
Gundruk,vegetable,2082,6,3,ashwin,40,300.0,400.0,350.0,kg,kg,False,14000.0,True,40,0,0.0,9,False,0,0,0,0,0,0,0,0,0,0,0,0,0,0,0,0,40,0,0,0,0,0,0,0,0,0,0,0,0,0,0,0,0,0,0
Gundruk,vegetable,2082,7,4,kartik,40,300.0,400.0,302.63,kg,kg,False,12105.2,True,40,0,0.0,9,False,0,0,0,0,0,0,0,0,0,0,0,0,0,0,0,0,40,0,0,0,0,0,0,0,0,0,0,0,0,0,0,0,0,0,0
Gundruk,vegetable,2082,8,5,mangsir,180,300.0,300.0,300.0,kg,kg,False,54000.0,True,180,0,0.0,9,False,0,0,0,0,0,0,0,0,0,0,0,0,0,0,0,0,180,0,0,0,0,0,0,0,0,0,0,0,0,0,0,0,0,0,0
Gundruk,vegetable,2082,9,6,poush,3106,300.0,300.0,300.0,kg,kg,False,931800.0,False,475503,-472397,0.5562846080886976,9,False,0,0,0,0,0,0,0,0,0,0,264515,0,0,0,0,0,210988,0,0,0,0,0,0,0,0,0,0,0,0,0,0,0,0,0,0
Gundruk,vegetable,2082,10,7,magh,198,300.0,300.0,300.0,kg,kg,False,59400.0,True,198,0,0.0,9,False,0,0,0,0,0,0,0,0,0,0,0,0,0,0,0,0,198,0,0,0,0,0,0,0,0,0,0,0,0,0,0,0,0,0,0
Gundruk,vegetable,2082,11,8,falgun,47,300.0,300.0,300.0,kg,kg,False,14100.0,True,47,0,0.0,9,False,0,0,0,0,0,0,0,0,0,0,0,0,0,0,0,0,47,0,0,0,0,0,0,0,0,0,0,0,0,0,0,0,0,0,0
Gundruk,vegetable,2082,12,9,chaitra,2280,300.0,300.0,300.0,kg,kg,False,684000.0,True,2280,0,0.9824561403508771,9,False,0,0,0,0,0,0,0,0,0,0,2240,0,0,0,0,0,40,0,0,0,0,0,0,0,0,0,0,0,0,0,0,0,0,0,0
Gundruk,vegetable,2083,1,10,baishakh,0,300.0,300.0,300.0,kg,kg,False,0.0,True,0,0,,9,False,0,0,0,0,0,0,0,0,0,0,0,0,0,0,0,0,0,0,0,0,0,0,0,0,0,0,0,0,0,0,0,0,0,0,0
Haluwabed,fruit,2082,6,3,ashwin,1500,,,480.0,kg,kg,False,720000.0,True,1500,0,1.0,8,False,0,0,0,0,0,1500,0,0,0,0,0,0,0,0,0,0,0,0,0,0,0,0,0,0,0,0,0,0,0,0,0,0,0,0,0
Haluwabed,fruit,2082,7,4,kartik,3650,,,350.0,kg,kg,False,1277500.0,True,3650,0,1.0,8,False,0,0,0,0,0,0,0,0,0,0,3650,0,0,0,0,0,0,0,0,0,0,0,0,0,0,0,0,0,0,0,0,0,0,0,0
Haluwabed,fruit,2082,8,5,mangsir,8600,250.0,300.0,287.5,kg,kg,False,2472500.0,True,8600,0,1.0,8,False,0,0,0,0,0,3110,0,0,0,0,5490,0,0,0,0,0,0,0,0,0,0,0,0,0,0,0,0,0,0,0,0,0,0,0,0
Haluwabed,fruit,2082,9,6,poush,13350,300.0,300.0,300.0,kg,kg,False,4005000.0,True,13350,0,1.0,8,False,0,0,0,0,0,4350,0,0,0,0,9000,0,0,0,0,0,0,0,0,0,0,0,0,0,0,0,0,0,0,0,0,0,0,0,0
Haluwabed,fruit,2082,10,7,magh,5420,300.0,300.0,300.0,kg,kg,False,1626000.0,True,5420,0,1.0,8,False,0,0,0,0,0,690,0,0,0,0,4730,0,0,0,0,0,0,0,0,0,0,0,0,0,0,0,0,0,0,0,0,0,0,0,0
Haluwabed,fruit,2082,11,8,falgun,1900,300.0,300.0,300.0,kg,kg,False,570000.0,True,1900,0,1.0,8,False,0,0,0,0,0,0,0,0,0,0,1900,0,0,0,0,0,0,0,0,0,0,0,0,0,0,0,0,0,0,0,0,0,0,0,0
Haluwabed,fruit,2082,12,9,chaitra,12080,300.0,300.0,300.0,kg,kg,False,3624000.0,True,12080,0,1.0,8,False,0,0,0,0,0,1240,0,0,0,0,10840,0,0,0,0,0,0,0,0,0,0,0,0,0,0,0,0,0,0,0,0,0,0,0,0
Haluwabed,fruit,2083,1,10,baishakh,15690,300.0,300.0,300.0,kg,kg,False,4707000.0,True,15690,0,1.0,8,False,0,0,0,0,0,880,0,0,0,0,14810,0,0,0,0,0,0,0,0,0,0,0,0,0,0,0,0,0,0,0,0,0,0,0,0
Jack_Fruit,fruit,2082,4,1,shrawan,78640,30.0,40.0,35.0,kg,kg,False,2752400.0,True,78640,0,0.03115462868769074,7,False,0,0,0,0,0,0,0,5805,23480,0,2450,0,0,0,0,0,4640,0,0,0,0,27930,0,0,0,0,0,0,0,0,0,0,0,0,14335
Jack_Fruit,fruit,2082,5,2,bhadra,2270,30.0,40.0,35.0,kg,kg,False,79450.0,True,2270,0,0.0,7,False,0,0,0,0,0,0,0,0,2270,0,0,0,0,0,0,0,0,0,0,0,0,0,0,0,0,0,0,0,0,0,0,0,0,0,0
Jack_Fruit,fruit,2082,6,3,ashwin,0,40.0,50.0,45.0,kg,kg,False,0.0,True,0,0,,7,False,0,0,0,0,0,0,0,0,0,0,0,0,0,0,0,0,0,0,0,0,0,0,0,0,0,0,0,0,0,0,0,0,0,0,0
Jack_Fruit,fruit,2082,10,7,magh,4820,,,185.0,kg,kg,False,891700.0,True,4820,0,1.0,7,False,0,0,0,0,0,0,0,0,0,0,4820,0,0,0,0,0,0,0,0,0,0,0,0,0,0,0,0,0,0,0,0,0,0,0,0
Jack_Fruit,fruit,2082,11,8,falgun,1050,,,90.0,kg,kg,False,94500.0,True,1050,0,1.0,7,False,0,0,0,0,0,0,0,0,0,0,1050,0,0,0,0,0,0,0,0,0,0,0,0,0,0,0,0,0,0,0,0,0,0,0,0
Jack_Fruit,fruit,2082,12,9,chaitra,9565,,,110.0,kg,kg,False,1052150.0,True,9565,0,1.0,7,False,0,0,0,0,0,0,0,0,0,0,9565,0,0,0,0,0,0,0,0,0,0,0,0,0,0,0,0,0,0,0,0,0,0,0,0
Jack_Fruit,fruit,2083,1,10,baishakh,39770,80.0,100.0,90.0,kg,kg,False,3579300.0,True,39770,0,0.7548403319084738,7,False,0,0,0,0,0,0,0,0,0,0,30020,0,0,0,0,0,120,0,0,0,0,9630,0,0,0,0,0,0,0,0,0,0,0,0,0
Khasa_Garlic_Dry,vegetable,2082,4,1,shrawan,47460,200.0,250.0,223.2,kg,kg,False,10593072.0,True,47460,0,1.0,10,True,0,0,0,0,0,47460,0,0,0,0,0,0,0,0,0,0,0,0,0,0,0,0,0,0,0,0,0,0,0,0,0,0,0,0,0
Khasa_Garlic_Dry,vegetable,2082,5,2,bhadra,54390,200.0,320.0,243.66,kg,kg,False,13252667.4,True,54390,0,1.0,10,True,0,0,0,0,0,54390,0,0,0,0,0,0,0,0,0,0,0,0,0,0,0,0,0,0,0,0,0,0,0,0,0,0,0,0,0
Khasa_Garlic_Dry,vegetable,2082,6,3,ashwin,68870,230.0,250.0,240.0,kg,kg,False,16528800.0,True,68870,0,1.0,10,True,0,0,0,0,0,68870,0,0,0,0,0,0,0,0,0,0,0,0,0,0,0,0,0,0,0,0,0,0,0,0,0,0,0,0,0
Khasa_Garlic_Dry,vegetable,2082,7,4,kartik,61570,230.0,250.0,240.0,kg,kg,False,14776800.0,True,61570,0,1.0,10,True,0,0,0,0,0,61570,0,0,0,0,0,0,0,0,0,0,0,0,0,0,0,0,0,0,0,0,0,0,0,0,0,0,0,0,0
Khasa_Garlic_Dry,vegetable,2082,8,5,mangsir,42305,200.0,280.0,240.79,kg,kg,False,10186620.95,True,42305,0,1.0,10,True,0,0,0,0,0,42305,0,0,0,0,0,0,0,0,0,0,0,0,0,0,0,0,0,0,0,0,0,0,0,0,0,0,0,0,0
Khasa_Garlic_Dry,vegetable,2082,9,6,poush,26960,260.0,500.0,377.5,kg,kg,False,10177400.0,True,26960,0,1.0,10,True,0,0,0,0,0,26960,0,0,0,0,0,0,0,0,0,0,0,0,0,0,0,0,0,0,0,0,0,0,0,0,0,0,0,0,0
Khasa_Garlic_Dry,vegetable,2082,10,7,magh,70330,210.0,500.0,300.29,kg,kg,False,21119395.7,True,70330,0,1.0,10,True,0,0,0,0,0,70330,0,0,0,0,0,0,0,0,0,0,0,0,0,0,0,0,0,0,0,0,0,0,0,0,0,0,0,0,0
Khasa_Garlic_Dry,vegetable,2082,11,8,falgun,43090,250.0,350.0,280.56,kg,kg,False,12089330.4,True,43090,0,1.0,10,True,0,0,0,0,0,43090,0,0,0,0,0,0,0,0,0,0,0,0,0,0,0,0,0,0,0,0,0,0,0,0,0,0,0,0,0
Khasa_Garlic_Dry,vegetable,2082,12,9,chaitra,87030,250.0,300.0,275.0,kg,kg,False,23933250.0,True,87030,0,1.0,10,True,0,0,0,0,0,87030,0,0,0,0,0,0,0,0,0,0,0,0,0,0,0,0,0,0,0,0,0,0,0,0,0,0,0,0,0
Khasa_Garlic_Dry,vegetable,2083,1,10,baishakh,97150,200.0,300.0,233.7,kg,kg,False,22703955.0,True,97150,0,1.0,10,True,0,0,0,0,0,97150,0,0,0,0,0,0,0,0,0,0,0,0,0,0,0,0,0,0,0,0,0,0,0,0,0,0,0,0,0
Kiwi,fruit,2082,4,1,shrawan,4280,350.0,800.0,599.0,kg,kg,False,2563720.0,True,4280,0,1.0,10,True,0,0,0,0,0,4280,0,0,0,0,0,0,0,0,0,0,0,0,0,0,0,0,0,0,0,0,0,0,0,0,0,0,0,0,0
Kiwi,fruit,2082,5,2,bhadra,5995,300.0,800.0,613.59,kg,kg,False,3678472.05,True,5995,0,1.0,10,True,0,0,0,0,0,5455,0,0,0,0,540,0,0,0,0,0,0,0,0,0,0,0,0,0,0,0,0,0,0,0,0,0,0,0,0
Kiwi,fruit,2082,6,3,ashwin,5740,350.0,400.0,375.0,kg,kg,False,2152500.0,True,5740,0,0.8118466898954704,10,True,0,0,1080,0,0,4660,0,0,0,0,0,0,0,0,0,0,0,0,0,0,0,0,0,0,0,0,0,0,0,0,0,0,0,0,0
Kiwi,fruit,2082,7,4,kartik,4850,350.0,400.0,375.0,kg,kg,False,1818750.0,True,4850,0,0.5649484536082474,10,True,0,0,2110,0,0,2400,0,0,0,0,340,0,0,0,0,0,0,0,0,0,0,0,0,0,0,0,0,0,0,0,0,0,0,0,0
Kiwi,fruit,2082,8,5,mangsir,10345,350.0,400.0,375.0,kg,kg,False,3879375.0,True,10345,0,0.5393910101498308,10,True,0,0,1770,0,0,5580,0,0,0,420,0,0,0,0,0,165,0,0,0,0,1190,180,0,1040,0,0,0,0,0,0,0,0,0,0,0
Kiwi,fruit,2082,9,6,poush,8990,250.0,400.0,325.0,kg,kg,False,2921750.0,True,8990,0,0.8025583982202447,10,True,320,0,240,0,0,7215,0,0,0,0,0,0,0,0,0,0,135,0,0,0,1080,0,0,0,0,0,0,0,0,0,0,0,0,0,0
Kiwi,fruit,2082,10,7,magh,5695,250.0,300.0,275.0,kg,kg,False,1566125.0,True,5695,0,1.0,10,True,0,0,0,0,0,5355,0,0,0,0,340,0,0,0,0,0,0,0,0,0,0,0,0,0,0,0,0,0,0,0,0,0,0,0,0
Kiwi,fruit,2082,11,8,falgun,4945,250.0,300.0,275.0,kg,kg,False,1359875.0,True,4945,0,1.0,10,True,0,0,0,0,0,4245,0,0,0,0,700,0,0,0,0,0,0,0,0,0,0,0,0,0,0,0,0,0,0,0,0,0,0,0,0
Kiwi,fruit,2082,12,9,chaitra,5910,250.0,400.0,336.36,kg,kg,False,1987887.6,True,5910,0,1.0,10,True,0,0,0,0,0,5910,0,0,0,0,0,0,0,0,0,0,0,0,0,0,0,0,0,0,0,0,0,0,0,0,0,0,0,0,0
Kiwi,fruit,2083,1,10,baishakh,4180,300.0,400.0,350.0,kg,kg,False,1463000.0,True,4180,0,1.0,10,True,0,0,0,0,0,4180,0,0,0,0,0,0,0,0,0,0,0,0,0,0,0,0,0,0,0,0,0,0,0,0,0,0,0,0,0
Kurilo,vegetable,2082,4,1,shrawan,425,400.0,500.0,414.0,kg,kg,False,175950.0,True,425,0,0.0,8,False,0,0,0,0,0,0,0,0,0,0,0,0,282,0,0,0,115,0,0,0,0,28,0,0,0,0,0,0,0,0,0,0,0,0,0
Kurilo,vegetable,2082,5,2,bhadra,86,400.0,500.0,405.63,kg,kg,False,34884.18,True,86,0,0.0,8,False,0,0,0,0,0,0,0,0,0,0,0,0,49,0,0,0,21,0,0,0,0,16,0,0,0,0,0,0,0,0,0,0,0,0,0
Kurilo,vegetable,2082,6,3,ashwin,0,400.0,500.0,450.0,kg,kg,False,0.0,True,0,0,,8,False,0,0,0,0,0,0,0,0,0,0,0,0,0,0,0,0,0,0,0,0,0,0,0,0,0,0,0,0,0,0,0,0,0,0,0
Kurilo,vegetable,2082,7,4,kartik,0,400.0,500.0,450.0,kg,kg,False,0.0,True,0,0,,8,False,0,0,0,0,0,0,0,0,0,0,0,0,0,0,0,0,0,0,0,0,0,0,0,0,0,0,0,0,0,0,0,0,0,0,0
Kurilo,vegetable,2082,8,5,mangsir,0,400.0,500.0,450.0,kg,kg,False,0.0,True,0,0,,8,False,0,0,0,0,0,0,0,0,0,0,0,0,0,0,0,0,0,0,0,0,0,0,0,0,0,0,0,0,0,0,0,0,0,0,0
Kurilo,vegetable,2082,10,7,magh,0,400.0,500.0,450.0,kg,kg,False,0.0,True,0,0,,8,False,0,0,0,0,0,0,0,0,0,0,0,0,0,0,0,0,0,0,0,0,0,0,0,0,0,0,0,0,0,0,0,0,0,0,0
Kurilo,vegetable,2082,11,8,falgun,0,400.0,500.0,450.0,kg,kg,False,0.0,True,0,0,,8,False,0,0,0,0,0,0,0,0,0,0,0,0,0,0,0,0,0,0,0,0,0,0,0,0,0,0,0,0,0,0,0,0,0,0,0
Kurilo,vegetable,2082,12,9,chaitra,0,400.0,500.0,450.0,kg,kg,False,0.0,True,0,0,,8,False,0,0,0,0,0,0,0,0,0,0,0,0,0,0,0,0,0,0,0,0,0,0,0,0,0,0,0,0,0,0,0,0,0,0,0
Lemon,fruit,2082,4,1,shrawan,173755,130.0,150.0,140.0,kg,kg,False,24325700.0,True,173755,0,0.9051825846738223,10,True,0,0,0,0,0,0,6290,480,0,0,157280,0,0,0,0,0,2155,0,0,0,0,700,0,0,0,0,0,0,0,0,0,0,0,1880,4970
Lemon,fruit,2082,5,2,bhadra,132490,130.0,280.0,173.33,kg,kg,False,22964491.7,True,132490,0,0.9032002415276624,10,True,0,0,0,0,0,0,3810,570,0,0,119665,0,0,0,0,0,1335,0,0,0,0,210,0,0,1300,0,0,0,0,0,0,0,0,1950,3650
Lemon,fruit,2082,6,3,ashwin,131200,150.0,180.0,165.0,kg,kg,False,21648000.0,True,131200,0,0.8959603658536586,10,True,0,0,0,0,0,0,540,3870,540,0,117550,0,0,0,0,0,2340,0,0,0,0,2150,0,0,780,0,0,0,0,0,0,0,0,770,2660
Lemon,fruit,2082,7,4,kartik,159330,120.0,180.0,146.58,kg,kg,False,23354591.4,True,159330,0,0.8689512332893994,10,True,0,0,0,0,0,0,1330,7230,2840,0,138450,0,0,0,0,0,2220,0,0,0,0,2070,0,0,0,0,0,0,0,0,0,0,0,0,5190
Lemon,fruit,2082,8,5,mangsir,158630,100.0,130.0,121.84,kg,kg,False,19327479.2,True,158630,0,0.9362037445628192,10,True,350,0,0,0,0,0,1800,2250,2510,0,148510,0,0,0,0,0,435,0,0,0,0,750,0,0,0,0,0,0,0,0,0,0,0,420,1605
Lemon,fruit,2082,9,6,poush,298088,100.0,120.0,110.0,kg,kg,False,32789680.0,True,298088,0,0.9458951718955476,10,True,4710,0,0,0,0,0,4940,210,1660,0,281960,0,18,0,0,1445,15,0,0,0,0,0,0,0,0,0,0,0,0,0,0,0,0,1530,1600
Lemon,fruit,2082,10,7,magh,225285,100.0,320.0,202.0,kg,kg,False,45507570.0,True,225285,0,0.9877932396741904,10,True,940,0,0,0,0,0,940,0,540,0,222535,0,0,0,0,0,0,0,0,0,0,0,0,0,0,0,0,0,0,0,0,0,0,210,120
Lemon,fruit,2082,11,8,falgun,116740,200.0,320.0,268.89,kg,kg,False,31390218.6,True,116740,0,0.9922048997772829,10,True,210,0,0,0,0,0,700,0,0,0,115830,0,0,0,0,0,0,0,0,0,0,0,0,0,0,0,0,0,0,0,0,0,0,0,0
Lemon,fruit,2082,12,9,chaitra,193915,260.0,350.0,309.32,kg,kg,False,59981787.8,True,193915,0,1.0,10,True,0,0,0,0,0,0,0,0,0,0,193915,0,0,0,0,0,0,0,0,0,0,0,0,0,0,0,0,0,0,0,0,0,0,0,0
Lemon,fruit,2083,1,10,baishakh,116560,250.0,450.0,363.04,kg,kg,False,42315942.4,True,116560,0,1.0,10,True,0,0,0,0,0,0,0,0,0,0,116560,0,0,0,0,0,0,0,0,0,0,0,0,0,0,0,0,0,0,0,0,0,0,0,0
Malta,fruit,2082,4,1,shrawan,43500,230.0,250.0,240.0,kg,kg,False,10440000.0,True,43500,0,1.0,10,True,0,0,0,0,0,11665,0,0,0,0,31835,0,0,0,0,0,0,0,0,0,0,0,0,0,0,0,0,0,0,0,0,0,0,0,0
Malta,fruit,2082,5,2,bhadra,11430,200.0,250.0,235.0,kg,kg,False,2686050.0,True,11430,0,1.0,10,True,0,0,0,0,0,9290,0,0,0,0,2140,0,0,0,0,0,0,0,0,0,0,0,0,0,0,0,0,0,0,0,0,0,0,0,0
Malta,fruit,2082,6,3,ashwin,35365,230.0,250.0,240.0,kg,kg,False,8487600.0,True,35365,0,1.0,10,True,0,0,0,0,0,13710,0,0,0,0,21655,0,0,0,0,0,0,0,0,0,0,0,0,0,0,0,0,0,0,0,0,0,0,0,0
Malta,fruit,2082,7,4,kartik,23920,230.0,250.0,240.0,kg,kg,False,5740800.0,True,23920,0,1.0,10,True,0,0,0,0,0,7655,0,0,0,0,16265,0,0,0,0,0,0,0,0,0,0,0,0,0,0,0,0,0,0,0,0,0,0,0,0
Malta,fruit,2082,8,5,mangsir,1560,230.0,250.0,240.0,kg,kg,False,374400.0,True,1560,0,1.0,10,True,0,0,0,0,0,540,0,0,0,0,1020,0,0,0,0,0,0,0,0,0,0,0,0,0,0,0,0,0,0,0,0,0,0,0,0
Malta,fruit,2082,9,6,poush,1150,230.0,250.0,240.0,kg,kg,False,276000.0,True,1150,0,1.0,10,True,0,0,0,0,0,0,0,0,0,0,1150,0,0,0,0,0,0,0,0,0,0,0,0,0,0,0,0,0,0,0,0,0,0,0,0
Malta,fruit,2082,10,7,magh,14930,230.0,250.0,240.0,kg,kg,False,3583200.0,True,14930,0,1.0,10,True,0,0,0,0,0,0,0,0,0,0,14930,0,0,0,0,0,0,0,0,0,0,0,0,0,0,0,0,0,0,0,0,0,0,0,0
Malta,fruit,2082,11,8,falgun,10500,300.0,300.0,300.0,kg,kg,False,3150000.0,True,10500,0,1.0,10,True,0,0,0,0,0,0,0,0,0,0,10500,0,0,0,0,0,0,0,0,0,0,0,0,0,0,0,0,0,0,0,0,0,0,0,0
Malta,fruit,2082,12,9,chaitra,37025,230.0,250.0,240.0,kg,kg,False,8886000.0,True,37025,0,1.0,10,True,0,0,0,0,0,2260,0,0,0,0,34765,0,0,0,0,0,0,0,0,0,0,0,0,0,0,0,0,0,0,0,0,0,0,0,0
Malta,fruit,2083,1,10,baishakh,43155,230.0,250.0,240.0,kg,kg,False,10357200.0,True,43155,0,1.0,10,True,0,0,0,0,0,8445,0,0,0,0,34710,0,0,0,0,0,0,0,0,0,0,0,0,0,0,0,0,0,0,0,0,0,0,0,0
Mango,fruit,2082,4,1,shrawan,465323,80.0,180.0,135.2,kg,kg,False,62911669.6,True,465323,0,0.9471442417417579,10,True,0,0,0,0,0,4230,8900,0,1120,0,436498,0,0,0,14055,0,0,0,0,0,0,0,0,0,0,0,0,0,0,0,0,0,0,0,520
Mango,fruit,2082,5,2,bhadra,53051,60.0,180.0,108.47,kg,kg,False,5754441.97,True,53051,0,1.0,10,True,0,0,0,0,0,17335,0,0,0,0,35716,0,0,0,0,0,0,0,0,0,0,0,0,0,0,0,0,0,0,0,0,0,0,0,0
Mango,fruit,2082,6,3,ashwin,13130,250.0,300.0,268.13,kg,kg,False,3520546.9,True,13130,0,1.0,10,True,0,0,0,0,0,11550,0,0,0,0,1580,0,0,0,0,0,0,0,0,0,0,0,0,0,0,0,0,0,0,0,0,0,0,0,0
Mango,fruit,2082,7,4,kartik,9060,280.0,300.0,290.0,kg,kg,False,2627400.0,True,9060,0,1.0,10,True,0,0,0,0,0,4670,0,0,0,0,4390,0,0,0,0,0,0,0,0,0,0,0,0,0,0,0,0,0,0,0,0,0,0,0,0
Mango,fruit,2082,8,5,mangsir,2010,280.0,300.0,290.0,kg,kg,False,582900.0,True,2010,0,1.0,10,True,0,0,0,0,0,0,0,0,0,0,2010,0,0,0,0,0,0,0,0,0,0,0,0,0,0,0,0,0,0,0,0,0,0,0,0
Mango,fruit,2082,9,6,poush,5140,280.0,500.0,323.64,kg,kg,False,1663509.6,True,5140,0,1.0,10,True,0,0,0,0,0,240,0,0,0,0,4900,0,0,0,0,0,0,0,0,0,0,0,0,0,0,0,0,0,0,0,0,0,0,0,0
Mango,fruit,2082,10,7,magh,3030,350.0,500.0,400.71,kg,kg,False,1214151.3,True,3030,0,1.0,10,True,0,0,0,0,0,0,0,0,0,0,3030,0,0,0,0,0,0,0,0,0,0,0,0,0,0,0,0,0,0,0,0,0,0,0,0
Mango,fruit,2082,11,8,falgun,3560,350.0,400.0,375.0,kg,kg,False,1335000.0,True,3560,0,1.0,10,True,0,0,0,0,0,0,0,0,0,0,3560,0,0,0,0,0,0,0,0,0,0,0,0,0,0,0,0,0,0,0,0,0,0,0,0
Mango,fruit,2082,12,9,chaitra,25620,350.0,400.0,375.0,kg,kg,False,9607500.0,True,25620,0,1.0,10,True,0,0,0,0,0,0,0,0,0,0,25620,0,0,0,0,0,0,0,0,0,0,0,0,0,0,0,0,0,0,0,0,0,0,0,0
Mango,fruit,2083,1,10,baishakh,123330,150.0,250.0,198.26,kg,kg,False,24451405.8,True,123330,0,1.0,10,True,0,0,0,0,0,0,0,0,0,0,123330,0,0,0,0,0,0,0,0,0,0,0,0,0,0,0,0,0,0,0,0,0,0,0,0
Mango_Green,fruit,2083,1,10,baishakh,26190,,,95.0,kg,kg,False,2488050.0,True,26190,0,1.0,1,False,0,0,0,0,0,0,0,0,0,0,26190,0,0,0,0,0,0,0,0,0,0,0,0,0,0,0,0,0,0,0,0,0,0,0,0
Mombin,fruit,2082,5,2,bhadra,330,,,110.0,kg,kg,False,36300.0,True,330,0,0.0,6,False,0,0,0,0,0,0,0,0,0,330,0,0,0,0,0,0,0,0,0,0,0,0,0,0,0,0,0,0,0,0,0,0,0,0,0
Mombin,fruit,2082,6,3,ashwin,210,150.0,150.0,150.0,kg,kg,False,31500.0,True,210,0,0.0,6,False,0,0,0,0,0,0,0,0,0,210,0,0,0,0,0,0,0,0,0,0,0,0,0,0,0,0,0,0,0,0,0,0,0,0,0
Mombin,fruit,2082,7,4,kartik,780,70.0,150.0,110.53,kg,kg,False,86213.4,True,780,0,0.0,6,False,0,0,0,0,0,0,0,450,0,0,0,0,0,0,0,0,0,0,0,0,0,0,120,0,0,210,0,0,0,0,0,0,0,0,0
Mombin,fruit,2082,8,5,mangsir,1400,70.0,100.0,88.95,kg,kg,False,124530.0,True,1400,0,0.0,6,False,0,0,0,0,0,0,0,660,0,0,0,0,0,0,0,0,740,0,0,0,0,0,0,0,0,0,0,0,0,0,0,0,0,0,0
Mombin,fruit,2082,9,6,poush,7975,100.0,100.0,100.0,kg,kg,False,797500.0,True,7975,0,0.0,6,False,520,0,0,0,0,0,0,0,0,0,0,0,3410,0,0,0,85,0,0,0,0,0,0,0,0,3960,0,0,0,0,0,0,0,0,0
Mombin,fruit,2082,10,7,magh,140,100.0,100.0,100.0,kg,kg,False,14000.0,True,140,0,0.0,6,False,0,0,0,0,0,0,0,0,0,0,0,0,140,0,0,0,0,0,0,0,0,0,0,0,0,0,0,0,0,0,0,0,0,0,0
Mushroom,vegetable,2082,4,1,shrawan,52670,150.0,200.0,185.0,kg,kg,False,9743950.0,True,52670,0,0.0,10,True,0,0,0,0,0,0,0,0,0,50,0,0,0,0,0,0,46240,0,0,0,0,2400,3980,0,0,0,0,0,0,0,0,0,0,0,0
Mushroom,vegetable,2082,5,2,bhadra,34660,150.0,220.0,185.9,kg,kg,False,6443294.0,True,34660,0,0.0,10,True,0,0,0,0,0,0,0,0,0,0,0,0,0,0,0,0,30625,0,0,0,0,1580,2455,0,0,0,0,0,0,0,0,0,0,0,0
Mushroom,vegetable,2082,6,3,ashwin,26950,120.0,220.0,160.31,kg,kg,False,4320354.5,True,26950,0,0.0,10,True,0,0,0,0,0,0,0,0,0,0,0,0,0,0,0,0,23720,0,0,0,0,1480,1750,0,0,0,0,0,0,0,0,0,0,0,0
Mushroom,vegetable,2082,7,4,kartik,37200,150.0,200.0,167.63,kg,kg,False,6235836.0,True,37200,0,0.0,10,True,0,0,0,0,0,0,0,0,0,0,0,0,0,0,0,0,30480,0,0,0,0,2410,4310,0,0,0,0,0,0,0,0,0,0,0,0
Mushroom,vegetable,2082,8,5,mangsir,39265,150.0,250.0,199.74,kg,kg,False,7842791.1,True,39265,0,0.0,10,True,0,0,0,0,0,0,0,0,0,1020,0,0,0,0,0,0,27335,0,0,0,0,7850,3060,0,0,0,0,0,0,0,0,0,0,0,0
Mushroom,vegetable,2082,9,6,poush,49855,150.0,220.0,186.36,kg,kg,False,9290977.8,True,49855,0,0.0,10,True,0,0,0,0,0,0,0,0,240,600,0,0,0,0,0,0,35835,0,0,0,0,7220,5960,0,0,0,0,0,0,0,0,0,0,0,0
Mushroom,vegetable,2082,10,7,magh,38985,70.0,180.0,122.71,kg,kg,False,4783849.35,True,38985,0,0.0,10,True,0,0,0,0,0,0,0,0,0,0,0,0,0,0,0,0,32715,0,0,0,0,2950,3320,0,0,0,0,0,0,0,0,0,0,0,0
Mushroom,vegetable,2082,11,8,falgun,32500,70.0,180.0,134.44,kg,kg,False,4369300.0,True,32500,0,0.0,10,True,0,0,0,0,0,0,0,0,0,0,0,0,0,0,0,0,29400,0,0,0,0,1610,1490,0,0,0,0,0,0,0,0,0,0,0,0
Mushroom,vegetable,2082,12,9,chaitra,35730,140.0,250.0,205.23,kg,kg,False,7332867.9,True,35730,0,0.006717044500419815,10,True,0,0,0,0,0,0,0,0,0,0,240,0,0,0,0,0,24430,0,0,0,0,4110,6950,0,0,0,0,0,0,0,0,0,0,0,0
Mushroom,vegetable,2083,1,10,baishakh,31135,180.0,250.0,219.35,kg,kg,False,6829462.25,True,31135,0,0.0,10,True,0,0,0,0,0,0,0,0,0,0,0,0,0,0,0,0,24035,0,0,0,0,3580,3520,0,0,0,0,0,0,0,0,0,0,0,0
Okara,vegetable,2082,4,1,shrawan,245919,30.0,90.0,53.4,kg,kg,False,13132074.6,True,245919,0,0.0,10,True,0,0,0,0,6525,0,3580,83055,420,6535,0,0,0,0,0,0,70275,0,0,0,0,73329,0,0,0,0,0,0,0,0,0,0,0,0,2200
Okara,vegetable,2082,5,2,bhadra,179543,30.0,90.0,62.36,kg,kg,False,11196301.48,True,179543,0,0.014147028845457633,10,True,0,0,0,0,4900,0,0,49045,680,13035,2540,0,0,0,0,0,49315,0,0,0,0,57018,0,0,0,0,0,0,0,0,0,0,0,0,3010
Okara,vegetable,2082,6,3,ashwin,131840,80.0,200.0,145.94,kg,kg,False,19240729.6,True,131840,0,0.07547026699029126,10,True,0,0,0,0,10460,0,0,40850,1870,4160,9950,0,0,0,0,0,31285,0,0,0,0,31855,0,0,0,0,0,0,0,0,0,0,0,0,1410
Okara,vegetable,2082,7,4,kartik,141405,100.0,200.0,135.53,kg,kg,False,19164619.65,True,141405,0,0.28075386301757366,10,True,0,0,0,0,15590,0,0,41224,622,690,39700,0,0,0,0,0,13259,0,0,0,0,30240,0,0,0,0,0,0,0,0,0,0,0,0,80
Okara,vegetable,2082,8,5,mangsir,95225,130.0,180.0,148.85,kg,kg,False,14174241.25,True,95225,0,0.5934891047519034,10,True,0,0,0,0,8315,0,0,12600,0,0,56515,0,0,0,0,0,5670,0,0,0,0,12125,0,0,0,0,0,0,0,0,0,0,0,0,0
Okara,vegetable,2082,9,6,poush,65735,130.0,160.0,149.55,kg,kg,False,9830669.25,True,65735,0,0.9504069369437894,10,True,0,0,0,0,0,0,0,1140,0,0,62475,0,0,0,0,0,160,0,0,0,0,1960,0,0,0,0,0,0,0,0,0,0,0,0,0
Okara,vegetable,2082,10,7,magh,53830,100.0,180.0,147.0,kg,kg,False,7913010.0,True,53830,0,1.0,10,True,0,0,0,0,0,0,0,0,0,0,53830,0,0,0,0,0,0,0,0,0,0,0,0,0,0,0,0,0,0,0,0,0,0,0,0
Okara,vegetable,2082,11,8,falgun,45755,100.0,150.0,142.78,kg,kg,False,6532898.9,True,45755,0,1.0,10,True,0,0,0,0,0,0,0,0,0,0,45755,0,0,0,0,0,0,0,0,0,0,0,0,0,0,0,0,0,0,0,0,0,0,0,0
Okara,vegetable,2082,12,9,chaitra,150580,120.0,180.0,143.86,kg,kg,False,21662438.8,True,150580,0,0.5037787222738743,10,True,0,0,0,0,20645,0,0,4190,0,0,75859,0,0,0,0,0,0,0,0,0,0,49886,0,0,0,0,0,0,0,0,0,0,0,0,0
Okara,vegetable,2083,1,10,baishakh,159795,40.0,140.0,85.22,kg,kg,False,13617729.9,True,159795,0,0.08276228918301574,10,True,0,0,0,0,40375,0,0,39535,3340,0,13225,0,0,0,0,0,5400,0,0,0,0,57920,0,0,0,0,0,0,0,0,0,0,0,0,0
Onion_Dry,vegetable,2082,4,1,shrawan,686475,40.0,60.0,46.5,kg,kg,False,31921087.5,True,686475,0,1.0,10,True,0,0,0,0,0,0,0,0,0,0,686475,0,0,0,0,0,0,0,0,0,0,0,0,0,0,0,0,0,0,0,0,0,0,0,0
Onion_Dry,vegetable,2082,5,2,bhadra,424575,40.0,60.0,47.33,kg,kg,False,20095134.75,True,424575,0,0.0,10,True,0,0,0,0,0,0,0,0,0,0,0,424575,0,0,0,0,0,0,0,0,0,0,0,0,0,0,0,0,0,0,0,0,0,0,0
Onion_Dry,vegetable,2082,6,3,ashwin,212130,35.0,50.0,42.5,kg,kg,False,9015525.0,True,212130,0,1.0,10,True,0,0,0,0,0,0,0,0,0,0,212130,0,0,0,0,0,0,0,0,0,0,0,0,0,0,0,0,0,0,0,0,0,0,0,0
Onion_Dry,vegetable,2082,7,4,kartik,389695,35.0,50.0,43.68,kg,kg,False,17021877.6,True,389695,0,1.0,10,True,0,0,0,0,0,0,0,0,0,0,389695,0,0,0,0,0,0,0,0,0,0,0,0,0,0,0,0,0,0,0,0,0,0,0,0
Onion_Dry,vegetable,2082,8,5,mangsir,243160,30.0,60.0,41.97,kg,kg,False,10205425.2,True,243160,0,1.0,10,True,0,0,0,0,0,0,0,0,0,0,243160,0,0,0,0,0,0,0,0,0,0,0,0,0,0,0,0,0,0,0,0,0,0,0,0
Onion_Dry,vegetable,2082,9,6,poush,319991,40.0,70.0,51.7,kg,kg,False,16543534.7,False,747355,-427364,1.0,10,True,0,0,0,0,0,0,0,0,0,0,747355,0,0,0,0,0,0,0,0,0,0,0,0,0,0,0,0,0,0,0,0,0,0,0,0
Onion_Dry,vegetable,2082,10,7,magh,198835,38.0,70.0,50.83,kg,kg,False,10106783.05,True,198835,0,1.0,10,True,0,0,0,0,0,0,0,0,0,0,198835,0,0,0,0,0,0,0,0,0,0,0,0,0,0,0,0,0,0,0,0,0,0,0,0
Onion_Dry,vegetable,2082,11,8,falgun,189400,38.0,60.0,49.68,kg,kg,False,9409392.0,False,189190,210,1.0,10,True,0,0,0,0,0,0,0,0,0,0,189190,0,0,0,0,0,0,0,0,0,0,0,0,0,0,0,0,0,0,0,0,0,0,0,0
Onion_Dry,vegetable,2082,12,9,chaitra,488705,30.0,60.0,39.05,kg,kg,False,19083930.25,True,488705,0,1.0,10,True,0,0,0,0,0,0,0,0,0,0,488705,0,0,0,0,0,0,0,0,0,0,0,0,0,0,0,0,0,0,0,0,0,0,0,0
Onion_Dry,vegetable,2083,1,10,baishakh,286880,40.0,50.0,45.0,kg,kg,False,12909600.0,True,286880,0,1.0,10,True,0,0,0,0,0,0,0,0,0,0,286880,0,0,0,0,0,0,0,0,0,0,0,0,0,0,0,0,0,0,0,0,0,0,0,0
Onion_Green,vegetable,2082,4,1,shrawan,11966,150.0,250.0,185.0,mutha,mutha,False,2213710.0,True,11966,0,0.0,10,True,0,0,0,0,140,0,0,0,0,2760,0,0,3680,0,0,0,5386,0,0,0,0,0,0,0,0,0,0,0,0,0,0,0,0,0,0
Onion_Green,vegetable,2082,5,2,bhadra,8890,80.0,250.0,155.0,mutha,mutha,False,1377950.0,True,8890,0,0.0,10,True,0,0,0,0,0,0,0,0,0,3460,0,0,2070,0,0,0,3360,0,0,0,0,0,0,0,0,0,0,0,0,0,0,0,0,0,0
Onion_Green,vegetable,2082,6,3,ashwin,6600,200.0,400.0,304.69,mutha,mutha,False,2010954.0,True,6600,0,0.0,10,True,0,0,0,0,0,0,0,110,0,1640,0,0,2390,0,0,0,2460,0,0,0,0,0,0,0,0,0,0,0,0,0,0,0,0,0,0
Onion_Green,vegetable,2082,7,4,kartik,9125,200.0,400.0,286.84,mutha,mutha,False,2617415.0,True,9125,0,0.0,10,True,0,0,0,0,1005,0,0,160,0,2060,0,0,2300,0,0,0,3600,0,0,0,0,0,0,0,0,0,0,0,0,0,0,0,0,0,0
Onion_Green,vegetable,2082,8,5,mangsir,10450,150.0,350.0,202.63,mutha,mutha,False,2117483.5,True,10450,0,0.0,10,True,0,0,0,0,2490,0,0,0,0,940,0,0,2890,0,0,0,4130,0,0,0,0,0,0,0,0,0,0,0,0,0,0,0,0,0,0
Onion_Green,vegetable,2082,9,6,poush,16938,100.0,200.0,150.0,mutha,mutha,False,2540700.0,True,16938,0,0.0,10,True,0,0,0,0,5610,0,0,210,0,0,0,0,3120,0,0,0,6070,0,0,0,0,0,0,0,0,0,0,0,0,0,1928,0,0,0,0
Onion_Green,vegetable,2082,10,7,magh,14030,50.0,150.0,107.29,mutha,mutha,False,1505278.7,True,14030,0,0.0,10,True,0,0,0,0,3670,0,0,0,0,0,0,0,2110,0,0,0,3940,0,0,0,0,3790,0,0,0,0,0,0,0,0,520,0,0,0,0
Onion_Green,vegetable,2082,11,8,falgun,7050,50.0,150.0,94.44,mutha,mutha,False,665802.0,False,7260,-210,0.0,10,True,0,0,0,0,700,0,0,0,0,0,0,0,1980,0,0,0,4330,0,0,0,0,250,0,0,0,0,0,0,0,0,0,0,0,0,0
Onion_Green,vegetable,2082,12,9,chaitra,9310,30.0,60.0,47.27,mutha,mutha,False,440083.7,True,9310,0,0.0,10,True,0,0,0,0,0,0,0,0,0,0,0,0,3480,0,0,0,5830,0,0,0,0,0,0,0,0,0,0,0,0,0,0,0,0,0,0
Onion_Green,vegetable,2083,1,10,baishakh,6637,30.0,60.0,39.78,mutha,mutha,False,264019.86,True,6637,0,0.0,10,True,0,0,0,0,0,0,0,0,0,0,0,0,2822,0,0,0,3815,0,0,0,0,0,0,0,0,0,0,0,0,0,0,0,0,0,0
Orange,fruit,2082,4,1,shrawan,12480,280.0,300.0,275.0,kg,kg,False,3432000.0,True,12480,0,1.0,10,True,0,0,0,0,0,10940,0,0,0,0,1540,0,0,0,0,0,0,0,0,0,0,0,0,0,0,0,0,0,0,0,0,0,0,0,0
Orange,fruit,2082,5,2,bhadra,5670,140.0,350.0,242.54,kg,kg,False,1375201.8,True,5670,0,1.0,10,True,0,0,0,0,0,3860,0,0,0,0,1810,0,0,0,0,0,0,0,0,0,0,0,0,0,0,0,0,0,0,0,0,0,0,0,0
Orange,fruit,2082,6,3,ashwin,118570,,,125.0,kg,kg,False,14821250.0,True,118570,0,1.0,10,True,0,0,0,0,0,4490,0,0,0,0,114080,0,0,0,0,0,0,0,0,0,0,0,0,0,0,0,0,0,0,0,0,0,0,0,0
Orange,fruit,2082,7,4,kartik,323385,80.0,120.0,101.35,kg,kg,False,32775069.75,True,323385,0,0.06325277919507707,10,True,0,0,0,0,0,0,0,0,0,0,20455,0,0,0,0,4900,0,0,0,0,0,0,0,0,0,0,0,0,0,0,0,0,0,107805,190225
Orange,fruit,2082,8,5,mangsir,506350,70.0,120.0,93.71,kg,kg,False,47450058.5,True,506350,0,0.0,10,True,0,0,12200,0,0,0,0,0,0,0,0,0,0,0,0,39820,1580,0,0,0,75930,0,0,0,0,0,0,0,0,0,0,0,0,246690,130130
Orange,fruit,2082,9,6,poush,436190,60.0,150.0,92.5,kg,kg,False,40347575.0,False,436110,80,0.0255325491275137,10,True,0,0,0,0,0,0,0,0,0,0,11135,0,0,0,0,2875,0,0,0,0,194160,0,0,0,0,19600,0,0,0,0,0,0,0,204800,3540
Orange,fruit,2082,10,7,magh,261850,70.0,220.0,170.43,kg,kg,False,44627095.5,True,261850,0,0.23353064731716633,10,True,24680,0,0,0,0,28750,0,0,0,0,32400,0,0,0,0,0,0,0,0,0,39340,0,0,0,0,63260,0,0,0,38520,0,0,0,34900,0
Orange,fruit,2082,11,8,falgun,201585,150.0,220.0,185.0,kg,kg,False,37293225.0,True,201585,0,0.9458789096410943,10,True,0,0,0,0,0,0,0,0,0,0,190675,0,0,0,0,0,0,0,0,0,0,0,0,0,0,5800,0,0,0,5110,0,0,0,0,0
Orange,fruit,2082,12,9,chaitra,338495,140.0,220.0,164.55,kg,kg,False,55699352.25,True,338495,0,1.0,10,True,0,0,0,0,0,350,0,0,0,0,338145,0,0,0,0,0,0,0,0,0,0,0,0,0,0,0,0,0,0,0,0,0,0,0,0
Orange,fruit,2083,1,10,baishakh,107750,140.0,300.0,209.57,kg,kg,False,22581167.5,True,107750,0,1.0,10,True,0,0,0,0,0,36040,0,0,0,0,71710,0,0,0,0,0,0,0,0,0,0,0,0,0,0,0,0,0,0,0,0,0,0,0,0
Orange_Sweet,fruit,2082,4,1,shrawan,8110,100.0,120.0,110.0,kg,kg,False,892100.0,True,8110,0,1.0,10,True,0,0,0,0,0,2610,0,0,0,0,5500,0,0,0,0,0,0,0,0,0,0,0,0,0,0,0,0,0,0,0,0,0,0,0,0
Orange_Sweet,fruit,2082,5,2,bhadra,6170,100.0,120.0,110.0,kg,kg,False,678700.0,True,6170,0,1.0,10,True,0,0,0,0,0,3600,0,0,0,0,2570,0,0,0,0,0,0,0,0,0,0,0,0,0,0,0,0,0,0,0,0,0,0,0,0
Orange_Sweet,fruit,2082,6,3,ashwin,2440,100.0,120.0,110.0,kg,kg,False,268400.0,True,2440,0,1.0,10,True,0,0,0,0,0,0,0,0,0,0,2440,0,0,0,0,0,0,0,0,0,0,0,0,0,0,0,0,0,0,0,0,0,0,0,0
Orange_Sweet,fruit,2082,7,4,kartik,24680,100.0,120.0,110.0,kg,kg,False,2714800.0,True,24680,0,0.6405996758508914,10,True,0,0,0,0,0,0,0,0,0,0,15810,0,0,0,0,1190,0,0,0,0,0,0,0,0,0,0,0,0,0,0,0,0,0,0,7680
Orange_Sweet,fruit,2082,8,5,mangsir,3850,100.0,120.0,110.0,kg,kg,False,423500.0,True,3850,0,0.0,10,True,0,0,0,0,0,0,0,0,0,0,0,0,0,0,0,3850,0,0,0,0,0,0,0,0,0,0,0,0,0,0,0,0,0,0,0
Orange_Sweet,fruit,2082,9,6,poush,2870,100.0,120.0,110.0,kg,kg,False,315700.0,True,2870,0,0.3902439024390244,10,True,520,0,0,0,0,0,0,0,0,0,1120,0,0,0,0,0,0,0,0,0,1230,0,0,0,0,0,0,0,0,0,0,0,0,0,0
Orange_Sweet,fruit,2082,10,7,magh,1770,100.0,120.0,110.0,kg,kg,False,194700.0,True,1770,0,1.0,10,True,0,0,0,0,0,0,0,0,0,0,1770,0,0,0,0,0,0,0,0,0,0,0,0,0,0,0,0,0,0,0,0,0,0,0,0
Orange_Sweet,fruit,2082,11,8,falgun,0,100.0,120.0,110.0,kg,kg,False,0.0,True,0,0,,10,True,0,0,0,0,0,0,0,0,0,0,0,0,0,0,0,0,0,0,0,0,0,0,0,0,0,0,0,0,0,0,0,0,0,0,0
Orange_Sweet,fruit,2082,12,9,chaitra,540,100.0,120.0,110.0,kg,kg,False,59400.0,True,540,0,1.0,10,True,0,0,0,0,0,0,0,0,0,0,540,0,0,0,0,0,0,0,0,0,0,0,0,0,0,0,0,0,0,0,0,0,0,0,0
Orange_Sweet,fruit,2083,1,10,baishakh,0,100.0,120.0,110.0,kg,kg,False,0.0,True,0,0,,10,True,0,0,0,0,0,0,0,0,0,0,0,0,0,0,0,0,0,0,0,0,0,0,0,0,0,0,0,0,0,0,0,0,0,0,0
Papaya,fruit,2082,4,1,shrawan,175710,80.0,120.0,104.4,kg,kg,False,18344124.0,False,188960,-13250,0.9955546147332769,10,True,0,0,0,0,0,0,0,0,0,0,188120,0,0,0,0,0,840,0,0,0,0,0,0,0,0,0,0,0,0,0,0,0,0,0,0
Papaya,fruit,2082,5,2,bhadra,144770,60.0,120.0,86.11,kg,kg,False,12466144.7,True,144770,0,0.9965807833114596,10,True,0,0,0,0,0,0,0,0,0,0,144275,0,0,0,0,0,495,0,0,0,0,0,0,0,0,0,0,0,0,0,0,0,0,0,0
Papaya,fruit,2082,6,3,ashwin,118905,80.0,100.0,90.0,kg,kg,False,10701450.0,True,118905,0,0.9720364997266725,10,True,0,0,0,0,0,0,0,0,0,0,115580,0,0,0,0,0,1905,0,0,0,0,540,0,0,0,0,0,0,0,0,0,0,0,0,880
Papaya,fruit,2082,7,4,kartik,93728,80.0,100.0,90.0,kg,kg,False,8435520.0,True,93728,0,0.9281111300785251,10,True,0,0,0,0,0,0,0,0,180,0,86990,0,0,0,0,0,2365,0,0,0,0,3283,0,0,0,0,0,0,0,0,0,0,0,0,910
Papaya,fruit,2082,8,5,mangsir,104344,,,95.0,kg,kg,False,9912680.0,True,104344,0,0.8587460706892586,10,True,0,0,0,0,0,0,0,0,210,0,89605,0,0,0,0,0,10815,0,0,0,0,3034,0,0,0,0,0,0,0,0,0,0,0,0,680
Papaya,fruit,2082,9,6,poush,94840,,,95.66,kg,kg,False,9072394.4,True,94840,0,0.9450653732602278,10,True,0,0,0,0,0,0,0,0,0,0,89630,0,0,0,0,0,2260,0,0,0,0,2040,0,0,0,0,0,0,0,0,0,0,0,0,910
Papaya,fruit,2082,10,7,magh,125853,,,105.0,kg,kg,False,13214565.0,True,125853,0,0.9691465439838541,10,True,0,0,0,0,0,0,0,0,0,0,121970,0,0,0,0,0,1403,0,0,0,0,2480,0,0,0,0,0,0,0,0,0,0,0,0,0
Papaya,fruit,2082,11,8,falgun,143625,,,98.99,kg,kg,False,14217438.75,True,143625,0,0.9855874673629242,10,True,0,0,0,0,0,0,0,0,0,0,141555,0,0,0,0,0,2070,0,0,0,0,0,0,0,0,0,0,0,0,0,0,0,0,0,0
Papaya,fruit,2082,12,9,chaitra,240240,,,95.0,kg,kg,False,22822800.0,True,240240,0,0.9891774891774892,10,True,0,0,0,0,0,0,0,0,0,0,237640,0,0,0,0,0,2340,0,0,0,0,210,0,0,0,0,0,0,0,0,0,0,0,0,50
Papaya,fruit,2083,1,10,baishakh,202235,100.0,100.0,100.0,kg,kg,False,20223500.0,True,202235,0,0.935841966029619,10,True,0,0,0,0,0,0,0,0,0,0,189260,0,0,0,0,0,12975,0,0,0,0,0,0,0,0,0,0,0,0,0,0,0,0,0,0
Peanuts,fruit,2082,9,6,poush,4530,,,210.0,kg,kg,False,951300.0,True,4530,0,1.0,2,False,0,0,0,0,0,0,0,0,0,0,4530,0,0,0,0,0,0,0,0,0,0,0,0,0,0,0,0,0,0,0,0,0,0,0,0
Peanuts,fruit,2082,10,7,magh,4490,,,220.0,kg,kg,False,987800.0,True,4490,0,1.0,2,False,0,0,0,0,0,0,0,0,0,0,4490,0,0,0,0,0,0,0,0,0,0,0,0,0,0,0,0,0,0,0,0,0,0,0,0
Pear,fruit,2082,4,1,shrawan,141105,50.0,60.0,55.0,kg,kg,False,7760775.0,True,141105,0,0.22667517097197123,9,False,0,0,0,0,0,27935,0,28320,17365,5800,4050,0,0,0,0,0,0,0,0,0,0,31665,0,0,0,0,0,0,0,0,0,0,0,0,25970
Pear,fruit,2082,5,2,bhadra,20670,50.0,60.0,55.0,kg,kg,False,1136850.0,True,20670,0,0.8142235123367199,9,False,0,0,0,0,0,16830,0,0,580,0,0,0,0,0,0,0,0,0,0,0,0,3260,0,0,0,0,0,0,0,0,0,0,0,0,0
Pear,fruit,2082,6,3,ashwin,12624,50.0,60.0,55.0,kg,kg,False,694320.0,True,12624,0,1.0,9,False,0,0,0,0,0,12624,0,0,0,0,0,0,0,0,0,0,0,0,0,0,0,0,0,0,0,0,0,0,0,0,0,0,0,0,0
Pear,fruit,2082,7,4,kartik,15165,200.0,210.0,205.0,kg,kg,False,3108825.0,True,15165,0,1.0,9,False,0,0,0,0,0,11805,0,0,0,0,3360,0,0,0,0,0,0,0,0,0,0,0,0,0,0,0,0,0,0,0,0,0,0,0,0
Pear,fruit,2082,9,6,poush,18090,,,205.0,kg,kg,False,3708450.0,True,18090,0,1.0,9,False,0,0,0,0,0,18090,0,0,0,0,0,0,0,0,0,0,0,0,0,0,0,0,0,0,0,0,0,0,0,0,0,0,0,0,0
Pear,fruit,2082,10,7,magh,14455,200.0,210.0,205.0,kg,kg,False,2963275.0,True,14455,0,1.0,9,False,0,0,0,0,0,12375,0,0,0,0,2080,0,0,0,0,0,0,0,0,0,0,0,0,0,0,0,0,0,0,0,0,0,0,0,0
Pear,fruit,2082,11,8,falgun,10640,200.0,210.0,205.0,kg,kg,False,2181200.0,True,10640,0,1.0,9,False,0,0,0,0,0,8560,0,0,0,0,2080,0,0,0,0,0,0,0,0,0,0,0,0,0,0,0,0,0,0,0,0,0,0,0,0
Pear,fruit,2082,12,9,chaitra,30770,200.0,210.0,205.0,kg,kg,False,6307850.0,True,30770,0,1.0,9,False,0,0,0,0,0,30230,0,0,0,0,540,0,0,0,0,0,0,0,0,0,0,0,0,0,0,0,0,0,0,0,0,0,0,0,0
Pear,fruit,2083,1,10,baishakh,25520,200.0,210.0,205.0,kg,kg,False,5231600.0,True,25520,0,1.0,9,False,0,0,0,0,0,23070,0,0,0,0,2450,0,0,0,0,0,0,0,0,0,0,0,0,0,0,0,0,0,0,0,0,0,0,0,0
Pear_China,fruit,2082,4,1,shrawan,0,40.0,210.0,138.02,kg,kg,False,0.0,True,0,0,,3,False,0,0,0,0,0,0,0,0,0,0,0,0,0,0,0,0,0,0,0,0,0,0,0,0,0,0,0,0,0,0,0,0,0,0,0
Pear_China,fruit,2082,6,3,ashwin,0,200.0,210.0,205.0,kg,kg,False,0.0,True,0,0,,3,False,0,0,0,0,0,0,0,0,0,0,0,0,0,0,0,0,0,0,0,0,0,0,0,0,0,0,0,0,0,0,0,0,0,0,0
Pear_China,fruit,2082,8,5,mangsir,12600,200.0,210.0,205.0,kg,kg,False,2583000.0,True,12600,0,1.0,3,False,0,0,0,0,0,12600,0,0,0,0,0,0,0,0,0,0,0,0,0,0,0,0,0,0,0,0,0,0,0,0,0,0,0,0,0
Pine_Apple,fruit,2082,4,1,shrawan,156655,130.0,150.0,140.0,kg,kg,False,21931700.0,True,156655,0,1.0,10,True,0,0,0,0,0,0,0,0,0,0,156655,0,0,0,0,0,0,0,0,0,0,0,0,0,0,0,0,0,0,0,0,0,0,0,0
Pine_Apple,fruit,2082,5,2,bhadra,79175,130.0,200.0,165.28,kg,kg,False,13086044.0,True,79175,0,1.0,10,True,0,0,0,0,0,0,0,0,0,0,79175,0,0,0,0,0,0,0,0,0,0,0,0,0,0,0,0,0,0,0,0,0,0,0,0
Pine_Apple,fruit,2082,6,3,ashwin,60295,150.0,180.0,165.0,kg,kg,False,9948675.0,True,60295,0,1.0,10,True,0,0,0,0,0,0,0,0,0,0,60295,0,0,0,0,0,0,0,0,0,0,0,0,0,0,0,0,0,0,0,0,0,0,0,0
Pine_Apple,fruit,2082,7,4,kartik,28765,150.0,180.0,165.0,kg,kg,False,4746225.0,True,28765,0,1.0,10,True,0,0,0,0,0,0,0,0,0,0,28765,0,0,0,0,0,0,0,0,0,0,0,0,0,0,0,0,0,0,0,0,0,0,0,0
Pine_Apple,fruit,2082,8,5,mangsir,46540,150.0,180.0,165.0,kg,kg,False,7679100.0,True,46540,0,1.0,10,True,0,0,0,0,0,0,0,0,0,0,46540,0,0,0,0,0,0,0,0,0,0,0,0,0,0,0,0,0,0,0,0,0,0,0,0
Pine_Apple,fruit,2082,9,6,poush,74115,150.0,180.0,165.0,kg,kg,False,12228975.0,True,74115,0,0.9848883491870741,10,True,0,0,0,0,0,0,0,0,0,0,72995,0,0,0,0,0,1120,0,0,0,0,0,0,0,0,0,0,0,0,0,0,0,0,0,0
Pine_Apple,fruit,2082,10,7,magh,47180,130.0,180.0,145.0,kg,kg,False,6841100.0,True,47180,0,1.0,10,True,0,0,0,0,0,0,0,0,0,0,47180,0,0,0,0,0,0,0,0,0,0,0,0,0,0,0,0,0,0,0,0,0,0,0,0
Pine_Apple,fruit,2082,11,8,falgun,28640,130.0,150.0,140.0,kg,kg,False,4009600.0,True,28640,0,1.0,10,True,0,0,0,0,0,0,0,0,0,0,28640,0,0,0,0,0,0,0,0,0,0,0,0,0,0,0,0,0,0,0,0,0,0,0,0
Pine_Apple,fruit,2082,12,9,chaitra,49600,130.0,200.0,165.91,kg,kg,False,8229136.0,True,49600,0,1.0,10,True,0,0,0,0,0,0,0,0,0,0,49600,0,0,0,0,0,0,0,0,0,0,0,0,0,0,0,0,0,0,0,0,0,0,0,0
Pine_Apple,fruit,2083,1,10,baishakh,52180,150.0,250.0,188.91,kg,kg,False,9857323.8,True,52180,0,1.0,10,True,0,0,0,0,0,0,0,0,0,0,52180,0,0,0,0,0,0,0,0,0,0,0,0,0,0,0,0,0,0,0,0,0,0,0,0
Pointed_Gourd,vegetable,2082,4,1,shrawan,41810,50.0,100.0,70.6,kg,kg,False,2951786.0,True,41810,0,0.36414733317388187,9,False,0,0,0,0,5445,0,0,0,0,0,15225,0,0,0,0,0,0,0,0,0,0,0,0,0,0,0,0,0,0,0,21140,0,0,0,0
Pointed_Gourd,vegetable,2082,5,2,bhadra,26230,50.0,100.0,76.04,kg,kg,False,1994529.2,True,26230,0,0.4064048799085017,9,False,0,0,0,0,4905,0,0,0,0,0,10660,0,0,0,0,0,0,0,0,0,0,0,0,0,0,0,0,0,0,0,10665,0,0,0,0
Pointed_Gourd,vegetable,2082,6,3,ashwin,16035,120.0,200.0,145.31,kg,kg,False,2330045.85,True,16035,0,0.4855004677268475,9,False,0,0,0,0,8250,0,0,0,0,0,7785,0,0,0,0,0,0,0,0,0,0,0,0,0,0,0,0,0,0,0,0,0,0,0,0
Pointed_Gourd,vegetable,2082,7,4,kartik,34645,100.0,150.0,135.53,kg,kg,False,4695436.85,True,34645,0,0.7803434839082118,9,False,0,0,0,0,7610,0,0,0,0,0,27035,0,0,0,0,0,0,0,0,0,0,0,0,0,0,0,0,0,0,0,0,0,0,0,0
Pointed_Gourd,vegetable,2082,8,5,mangsir,38180,100.0,140.0,112.11,kg,kg,False,4280359.8,True,38180,0,0.8279203771608172,9,False,0,0,0,0,6570,0,0,0,0,0,31610,0,0,0,0,0,0,0,0,0,0,0,0,0,0,0,0,0,0,0,0,0,0,0,0
Pointed_Gourd,vegetable,2082,9,6,poush,21805,120.0,140.0,130.0,kg,kg,False,2834650.0,True,21805,0,0.8991057096996102,9,False,0,0,0,0,2200,0,0,0,0,0,19605,0,0,0,0,0,0,0,0,0,0,0,0,0,0,0,0,0,0,0,0,0,0,0,0
Pointed_Gourd,vegetable,2082,11,8,falgun,2310,,,215.0,kg,kg,False,496650.0,True,2310,0,1.0,9,False,0,0,0,0,0,0,0,0,0,0,2310,0,0,0,0,0,0,0,0,0,0,0,0,0,0,0,0,0,0,0,0,0,0,0,0
Pointed_Gourd,vegetable,2082,12,9,chaitra,58770,100.0,200.0,151.67,kg,kg,False,8913645.9,True,58770,0,0.7118427769270036,9,False,0,0,0,0,16935,0,0,0,0,0,41835,0,0,0,0,0,0,0,0,0,0,0,0,0,0,0,0,0,0,0,0,0,0,0,0
Pointed_Gourd,vegetable,2083,1,10,baishakh,59958,100.0,150.0,119.55,kg,kg,False,7167978.9,True,59958,0,0.622402348310484,9,False,0,0,0,0,21500,0,0,0,0,0,37318,0,0,0,0,0,0,0,0,0,0,0,0,0,0,0,0,0,0,0,1140,0,0,0,0
Pomegranate,fruit,2082,4,1,shrawan,192885,250.0,350.0,300.0,kg,kg,False,57865500.0,True,192885,0,1.0,10,True,0,0,0,0,0,540,0,0,0,0,192345,0,0,0,0,0,0,0,0,0,0,0,0,0,0,0,0,0,0,0,0,0,0,0,0
Pomegranate,fruit,2082,5,2,bhadra,157665,,,285.49,kg,kg,False,45011780.85,True,157665,0,1.0,10,True,0,0,0,0,0,0,0,0,0,0,157665,0,0,0,0,0,0,0,0,0,0,0,0,0,0,0,0,0,0,0,0,0,0,0,0
Pomegranate,fruit,2082,6,3,ashwin,145970,250.0,350.0,300.0,kg,kg,False,43791000.0,True,145970,0,1.0,10,True,0,0,0,0,0,0,0,0,0,0,145970,0,0,0,0,0,0,0,0,0,0,0,0,0,0,0,0,0,0,0,0,0,0,0,0
Pomegranate,fruit,2082,7,4,kartik,130400,250.0,350.0,300.0,kg,kg,False,39120000.0,True,130400,0,1.0,10,True,0,0,0,0,0,0,0,0,0,0,130400,0,0,0,0,0,0,0,0,0,0,0,0,0,0,0,0,0,0,0,0,0,0,0,0
Pomegranate,fruit,2082,8,5,mangsir,169530,250.0,350.0,300.0,kg,kg,False,50859000.0,True,169530,0,1.0,10,True,0,0,0,0,0,0,0,0,0,0,169530,0,0,0,0,0,0,0,0,0,0,0,0,0,0,0,0,0,0,0,0,0,0,0,0
Pomegranate,fruit,2082,9,6,poush,121565,250.0,350.0,309.09,kg,kg,False,37574525.85,True,121565,0,1.0,10,True,0,0,0,0,0,0,0,0,0,0,121565,0,0,0,0,0,0,0,0,0,0,0,0,0,0,0,0,0,0,0,0,0,0,0,0
Pomegranate,fruit,2082,10,7,magh,112495,300.0,350.0,325.0,kg,kg,False,36560875.0,True,112495,0,1.0,10,True,0,0,0,0,0,0,0,0,0,0,112495,0,0,0,0,0,0,0,0,0,0,0,0,0,0,0,0,0,0,0,0,0,0,0,0
Pomegranate,fruit,2082,11,8,falgun,96250,300.0,350.0,325.0,kg,kg,False,31281250.0,True,96250,0,1.0,10,True,0,0,0,0,0,0,0,0,0,0,96250,0,0,0,0,0,0,0,0,0,0,0,0,0,0,0,0,0,0,0,0,0,0,0,0
Pomegranate,fruit,2082,12,9,chaitra,124900,300.0,350.0,325.0,kg,kg,False,40592500.0,True,124900,0,1.0,10,True,0,0,0,0,0,0,0,0,0,0,124900,0,0,0,0,0,0,0,0,0,0,0,0,0,0,0,0,0,0,0,0,0,0,0,0
Pomegranate,fruit,2083,1,10,baishakh,126440,300.0,350.0,325.0,kg,kg,False,41093000.0,True,126440,0,1.0,10,True,0,0,0,0,0,0,0,0,0,0,126440,0,0,0,0,0,0,0,0,0,0,0,0,0,0,0,0,0,0,0,0,0,0,0,0
Potato,vegetable,2082,9,6,poush,295330,,,32.84,kg,kg,False,9698637.2,True,295330,0,0.8037449632614364,1,False,0,0,0,0,0,0,0,0,0,0,237370,0,2250,0,0,0,15285,0,0,0,0,36340,0,4085,0,0,0,0,0,0,0,0,0,0,0
Potato_Blue,vegetable,2082,4,1,shrawan,0,40.0,50.0,45.0,kg,kg,False,0.0,True,0,0,,6,False,0,0,0,0,0,0,0,0,0,0,0,0,0,0,0,0,0,0,0,0,0,0,0,0,0,0,0,0,0,0,0,0,0,0,0
Potato_Blue,vegetable,2082,6,3,ashwin,0,40.0,50.0,45.0,kg,kg,False,0.0,True,0,0,,6,False,0,0,0,0,0,0,0,0,0,0,0,0,0,0,0,0,0,0,0,0,0,0,0,0,0,0,0,0,0,0,0,0,0,0,0
Potato_Blue,vegetable,2082,7,4,kartik,0,40.0,50.0,45.0,kg,kg,False,0.0,True,0,0,,6,False,0,0,0,0,0,0,0,0,0,0,0,0,0,0,0,0,0,0,0,0,0,0,0,0,0,0,0,0,0,0,0,0,0,0,0
Potato_Blue,vegetable,2082,10,7,magh,0,40.0,50.0,45.0,kg,kg,False,0.0,True,0,0,,6,False,0,0,0,0,0,0,0,0,0,0,0,0,0,0,0,0,0,0,0,0,0,0,0,0,0,0,0,0,0,0,0,0,0,0,0
Potato_Blue,vegetable,2082,11,8,falgun,0,40.0,50.0,45.0,kg,kg,False,0.0,True,0,0,,6,False,0,0,0,0,0,0,0,0,0,0,0,0,0,0,0,0,0,0,0,0,0,0,0,0,0,0,0,0,0,0,0,0,0,0,0
Potato_Blue,vegetable,2082,12,9,chaitra,0,40.0,50.0,43.47,kg,kg,False,0.0,True,0,0,,6,False,0,0,0,0,0,0,0,0,0,0,0,0,0,0,0,0,0,0,0,0,0,0,0,0,0,0,0,0,0,0,0,0,0,0,0
Potato_R,vegetable,2082,4,1,shrawan,914370,32.0,45.0,37.72,kg,kg,False,34490036.4,True,914370,0,0.4342443430996205,9,False,1140,0,0,93480,0,0,0,0,0,0,303580,0,85360,0,0,0,0,0,0,54815,0,11160,0,57830,0,0,305130,1875,0,0,0,0,0,0,0
Potato_R,vegetable,2082,5,2,bhadra,824685,32.0,45.0,37.95,kg,kg,False,31296795.75,True,824685,0,0.7010494916240746,9,False,0,0,0,66320,0,0,0,0,0,0,511825,0,17970,0,0,0,0,0,0,25740,0,4580,0,169300,0,0,28950,0,0,0,0,0,0,0,0
Potato_R,vegetable,2082,6,3,ashwin,362905,35.0,40.0,37.5,kg,kg,False,13608937.5,True,362905,0,0.729943098055965,9,False,0,0,0,44500,0,0,0,0,0,0,220400,0,0,0,0,0,0,0,0,53695,0,0,0,44310,0,0,0,0,0,0,0,0,0,0,0
Potato_R,vegetable,2082,7,4,kartik,547465,35.0,50.0,44.21,kg,kg,False,24203427.65,True,547465,0,0.7263660690637758,9,False,0,0,0,0,0,0,0,0,0,0,397660,0,63260,0,0,0,0,13325,0,0,0,0,0,73220,0,0,0,0,0,0,0,0,0,0,0
Potato_R,vegetable,2082,8,5,mangsir,346925,35.0,50.0,41.84,kg,kg,False,14515342.0,True,346925,0,0.7045326799740578,9,False,0,0,0,0,1875,0,0,0,0,0,244420,0,5210,0,0,0,0,0,0,20400,0,0,0,75020,0,0,0,0,0,0,0,0,0,0,0
Potato_R,vegetable,2082,10,7,magh,293665,30.0,40.0,35.0,kg,kg,False,10278275.0,True,293665,0,0.4714555701224184,9,False,0,0,0,0,0,0,0,0,0,0,138450,0,0,0,0,0,37555,0,0,0,0,87220,0,30440,0,0,0,0,0,0,0,0,0,0,0
Potato_R,vegetable,2082,11,8,falgun,237025,30.0,40.0,35.0,kg,kg,False,8295875.0,True,237025,0,0.47978061385929754,9,False,0,0,0,0,0,0,0,0,0,0,113720,0,0,0,0,0,62635,0,0,0,0,36100,0,24570,0,0,0,0,0,0,0,0,0,0,0
Potato_R,vegetable,2082,12,9,chaitra,390720,30.0,40.0,33.3,kg,kg,False,13010976.0,True,390720,0,0.6504402129402129,9,False,0,0,0,0,0,0,0,0,0,0,254140,0,0,0,0,0,68750,0,0,0,0,0,0,67830,0,0,0,0,0,0,0,0,0,0,0
Potato_R,vegetable,2083,1,10,baishakh,314617,30.0,35.0,32.5,kg,kg,False,10225052.5,True,314617,0,0.4598829688160525,9,False,0,0,0,0,0,0,5080,0,0,0,144687,0,7190,15400,0,0,43540,0,0,0,0,0,0,80890,0,0,17830,0,0,0,0,0,0,0,0
Potato_W,vegetable,2082,4,1,shrawan,0,30.0,45.0,36.08,kg,kg,False,0.0,True,0,0,,7,False,0,0,0,0,0,0,0,0,0,0,0,0,0,0,0,0,0,0,0,0,0,0,0,0,0,0,0,0,0,0,0,0,0,0,0
Potato_W,vegetable,2082,6,3,ashwin,0,35.0,40.0,37.5,kg,kg,False,0.0,True,0,0,,7,False,0,0,0,0,0,0,0,0,0,0,0,0,0,0,0,0,0,0,0,0,0,0,0,0,0,0,0,0,0,0,0,0,0,0,0
Potato_W,vegetable,2082,7,4,kartik,0,35.0,50.0,44.21,kg,kg,False,0.0,True,0,0,,7,False,0,0,0,0,0,0,0,0,0,0,0,0,0,0,0,0,0,0,0,0,0,0,0,0,0,0,0,0,0,0,0,0,0,0,0
Potato_W,vegetable,2082,8,5,mangsir,0,30.0,50.0,40.79,kg,kg,False,0.0,True,0,0,,7,False,0,0,0,0,0,0,0,0,0,0,0,0,0,0,0,0,0,0,0,0,0,0,0,0,0,0,0,0,0,0,0,0,0,0,0
Potato_W,vegetable,2082,10,7,magh,0,30.0,35.0,32.5,kg,kg,False,0.0,True,0,0,,7,False,0,0,0,0,0,0,0,0,0,0,0,0,0,0,0,0,0,0,0,0,0,0,0,0,0,0,0,0,0,0,0,0,0,0,0
Potato_W,vegetable,2082,11,8,falgun,0,30.0,35.0,32.5,kg,kg,False,0.0,True,0,0,,7,False,0,0,0,0,0,0,0,0,0,0,0,0,0,0,0,0,0,0,0,0,0,0,0,0,0,0,0,0,0,0,0,0,0,0,0
Potato_W,vegetable,2082,12,9,chaitra,0,25.0,35.0,30.8,kg,kg,False,0.0,True,0,0,,7,False,0,0,0,0,0,0,0,0,0,0,0,0,0,0,0,0,0,0,0,0,0,0,0,0,0,0,0,0,0,0,0,0,0,0,0
Pumpkin,vegetable,2082,4,1,shrawan,58417,50.0,60.0,55.0,kg,kg,False,3212935.0,True,58417,0,0.5769724566478935,10,True,1540,0,0,0,0,0,0,1875,3400,0,33705,0,0,0,0,0,7460,0,0,0,0,5670,0,0,0,0,0,0,0,0,0,0,0,0,4767
Pumpkin,vegetable,2082,5,2,bhadra,35465,40.0,60.0,49.52,kg,kg,False,1756226.8,True,35465,0,0.7831665021852531,10,True,0,0,0,0,0,0,0,0,2210,0,27775,0,0,0,0,0,3270,0,0,0,0,0,0,0,0,0,0,0,0,0,0,0,0,2210,0
Pumpkin,vegetable,2082,6,3,ashwin,46130,50.0,80.0,63.75,kg,kg,False,2940787.5,True,46130,0,0.7153696076306092,10,True,0,0,0,0,0,0,0,1875,0,2875,33000,0,0,0,0,0,6140,0,0,0,0,0,0,0,0,0,0,0,0,0,0,0,0,0,2240
Pumpkin,vegetable,2082,7,4,kartik,67450,50.0,60.0,55.0,kg,kg,False,3709750.0,True,67450,0,0.6180133432171979,10,True,3690,0,0,0,0,0,0,2240,1120,0,41685,0,0,0,0,0,4400,0,0,0,0,3120,0,0,0,7655,0,0,0,0,0,0,0,0,3540
Pumpkin,vegetable,2082,8,5,mangsir,86355,50.0,60.0,55.0,kg,kg,False,4749525.0,True,86355,0,0.5984598459845984,10,True,8340,0,0,0,0,0,0,9440,5650,2450,51680,0,0,0,0,0,5155,0,0,0,0,0,0,0,0,0,0,0,0,0,0,0,0,0,3640
Pumpkin,vegetable,2082,9,6,poush,124127,50.0,60.0,55.0,kg,kg,False,6826985.0,False,123007,1120,0.3851406830505581,10,True,25200,0,0,0,0,0,0,8350,20865,0,47375,0,0,0,0,1150,5962,0,0,0,0,14105,0,0,0,0,0,0,0,0,0,0,0,0,0
Pumpkin,vegetable,2082,10,7,magh,58085,50.0,60.0,55.0,kg,kg,False,3194675.0,True,58085,0,0.5341310148919687,10,True,18170,0,0,0,0,0,0,1140,4000,0,31025,0,0,0,0,0,3750,0,0,0,0,0,0,0,0,0,0,0,0,0,0,0,0,0,0
Pumpkin,vegetable,2082,11,8,falgun,54065,50.0,60.0,55.0,kg,kg,False,2973575.0,True,54065,0,0.6594839544992139,10,True,16170,0,0,0,0,0,0,2240,0,0,35655,0,0,0,0,0,0,0,0,0,0,0,0,0,0,0,0,0,0,0,0,0,0,0,0
Pumpkin,vegetable,2082,12,9,chaitra,93265,50.0,60.0,55.0,kg,kg,False,5129575.0,True,93265,0,0.627084115155739,10,True,24645,0,0,0,0,0,0,2240,0,0,58485,0,0,0,0,0,0,0,0,0,0,3985,0,0,0,0,0,0,0,0,0,0,0,0,3910
Pumpkin,vegetable,2083,1,10,baishakh,69155,30.0,60.0,54.13,kg,kg,False,3743360.15,True,69155,0,0.7233027257609718,10,True,10150,0,0,0,0,0,0,0,2270,0,50020,0,0,0,0,1150,0,0,0,0,0,3875,0,0,0,0,0,0,0,0,0,0,0,0,1690
Pumpkin_Green,vegetable,2082,4,1,shrawan,194504,60.0,70.0,65.0,kg,kg,False,12642760.0,True,194504,0,0.02801998930613252,10,True,3790,0,0,0,0,0,0,51493,5560,0,5450,0,0,0,0,0,72545,0,0,0,0,48421,0,0,0,0,0,0,0,0,0,0,0,0,7245
Pumpkin_Green,vegetable,2082,5,2,bhadra,151853,60.0,70.0,65.0,kg,kg,False,9870445.0,True,151853,0,0.055711773886587684,10,True,0,0,0,0,0,0,0,28630,8440,6320,8460,0,0,0,0,1680,52752,0,0,0,0,34591,0,0,1580,0,0,0,0,0,0,0,0,540,8860
Pumpkin_Green,vegetable,2082,6,3,ashwin,104065,50.0,80.0,66.25,kg,kg,False,6894306.25,False,107145,-3080,0.0,10,True,0,0,0,0,0,0,0,23085,2250,18675,0,0,0,0,0,6160,36880,0,0,0,0,16200,0,0,1875,0,0,0,0,0,0,0,0,0,2020
Pumpkin_Green,vegetable,2082,7,4,kartik,128770,50.0,100.0,69.74,kg,kg,False,8980419.8,True,128770,0,0.022326628873184748,10,True,2240,0,0,0,0,0,0,31280,0,8960,2875,0,0,0,0,1150,34875,0,0,0,0,47390,0,0,0,0,0,0,0,0,0,0,0,0,0
Pumpkin_Green,vegetable,2082,8,5,mangsir,147119,70.0,120.0,86.84,kg,kg,False,12775813.96,True,147119,0,0.0,10,True,8020,0,0,0,0,0,0,26334,1140,1540,0,0,0,0,0,540,41085,0,0,0,0,68460,0,0,0,0,0,0,0,0,0,0,0,0,0
Pumpkin_Green,vegetable,2082,9,6,poush,83165,70.0,90.0,80.0,kg,kg,False,6653200.0,True,83165,0,0.0,10,True,0,0,0,0,0,0,0,2580,0,0,0,0,0,0,0,0,22670,0,0,0,0,57915,0,0,0,0,0,0,0,0,0,0,0,0,0
Pumpkin_Green,vegetable,2082,10,7,magh,62275,30.0,90.0,57.29,kg,kg,False,3567734.75,True,62275,0,0.0,10,True,1150,0,0,0,0,0,0,0,0,0,0,0,0,0,0,0,16790,0,0,0,0,44335,0,0,0,0,0,0,0,0,0,0,0,0,0
Pumpkin_Green,vegetable,2082,11,8,falgun,70795,30.0,60.0,45.56,kg,kg,False,3225420.2,True,70795,0,0.0,10,True,0,0,0,0,0,0,0,0,0,0,0,0,0,0,0,0,25180,0,0,0,0,45615,0,0,0,0,0,0,0,0,0,0,0,0,0
Pumpkin_Green,vegetable,2082,12,9,chaitra,137205,30.0,70.0,60.45,kg,kg,False,8294042.25,True,137205,0,0.021682883276848513,10,True,0,0,0,0,0,0,0,6920,0,2540,2975,0,0,0,0,0,56040,0,0,0,0,68730,0,0,0,0,0,0,0,0,0,0,0,0,0
Pumpkin_Green,vegetable,2083,1,10,baishakh,149795,40.0,70.0,52.39,kg,kg,False,7847760.05,True,149795,0,0.049801395240161556,10,True,4115,0,0,0,0,0,0,29410,2090,0,7460,0,3580,0,0,0,58605,0,0,0,0,43415,0,0,0,0,0,0,0,0,0,0,0,0,1120
Pumpkin_Leaf,vegetable,2082,4,1,shrawan,6190,30.0,50.0,39.4,mutha,mutha,False,243886.0,True,6190,0,0.0,7,False,0,0,0,0,0,0,0,0,0,0,0,0,0,0,0,0,6190,0,0,0,0,0,0,0,0,0,0,0,0,0,0,0,0,0,0
Pumpkin_Leaf,vegetable,2082,5,2,bhadra,2470,30.0,70.0,48.69,mutha,mutha,False,120264.3,True,2470,0,0.0,7,False,0,0,0,0,0,0,0,0,0,0,0,0,0,0,0,0,2470,0,0,0,0,0,0,0,0,0,0,0,0,0,0,0,0,0,0
Pumpkin_Leaf,vegetable,2082,6,3,ashwin,530,60.0,100.0,86.88,mutha,mutha,False,46046.4,True,530,0,0.0,7,False,0,0,0,0,0,0,0,0,0,0,0,0,0,0,0,0,530,0,0,0,0,0,0,0,0,0,0,0,0,0,0,0,0,0,0
Pumpkin_Leaf,vegetable,2082,7,4,kartik,0,60.0,100.0,71.43,mutha,mutha,False,0.0,True,0,0,,7,False,0,0,0,0,0,0,0,0,0,0,0,0,0,0,0,0,0,0,0,0,0,0,0,0,0,0,0,0,0,0,0,0,0,0,0
Pumpkin_Leaf,vegetable,2082,11,8,falgun,25,,,95.0,mutha,mutha,False,2375.0,True,25,0,0.0,7,False,0,0,0,0,0,0,0,0,0,0,0,0,0,0,0,0,25,0,0,0,0,0,0,0,0,0,0,0,0,0,0,0,0,0,0
Pumpkin_Leaf,vegetable,2082,12,9,chaitra,806,,,75.0,mutha,mutha,False,60450.0,True,806,0,0.018610421836228287,7,False,0,0,0,0,0,0,0,0,0,0,15,0,0,0,0,0,791,0,0,0,0,0,0,0,0,0,0,0,0,0,0,0,0,0,0
Pumpkin_Leaf,vegetable,2083,1,10,baishakh,2568,60.0,80.0,70.0,mutha,mutha,False,179760.0,True,2568,0,0.09345794392523364,7,False,0,0,0,0,0,0,0,0,0,0,240,0,0,0,0,0,1983,0,0,0,0,345,0,0,0,0,0,0,0,0,0,0,0,0,0
Radish_Red,vegetable,2082,4,1,shrawan,3905,100.0,150.0,117.0,kg,kg,False,456885.0,True,3905,0,0.0,10,True,0,0,0,0,0,0,0,0,0,1060,0,0,240,0,0,0,2605,0,0,0,0,0,0,0,0,0,0,0,0,0,0,0,0,0,0
Radish_Red,vegetable,2082,5,2,bhadra,1105,100.0,150.0,112.78,kg,kg,False,124621.9,True,1105,0,0.0,10,True,0,0,0,0,0,0,0,0,0,750,0,0,150,0,0,0,205,0,0,0,0,0,0,0,0,0,0,0,0,0,0,0,0,0,0
Radish_Red,vegetable,2082,6,3,ashwin,0,80.0,150.0,124.06,kg,kg,False,0.0,True,0,0,,10,True,0,0,0,0,0,0,0,0,0,0,0,0,0,0,0,0,0,0,0,0,0,0,0,0,0,0,0,0,0,0,0,0,0,0,0
Radish_Red,vegetable,2082,7,4,kartik,3290,100.0,150.0,114.21,kg,kg,False,375750.9,True,3290,0,0.0,10,True,0,0,0,0,0,0,0,0,0,210,0,0,480,0,0,0,2060,0,0,0,0,540,0,0,0,0,0,0,0,0,0,0,0,0,0
Radish_Red,vegetable,2082,8,5,mangsir,7640,100.0,120.0,110.0,kg,kg,False,840400.0,True,7640,0,0.0,10,True,0,0,0,0,0,0,0,0,0,0,0,0,1290,0,0,0,2500,0,0,0,0,3850,0,0,0,0,0,0,0,0,0,0,0,0,0
Radish_Red,vegetable,2082,9,6,poush,10250,80.0,100.0,90.0,kg,kg,False,922500.0,True,10250,0,0.0,10,True,0,0,0,0,0,0,0,0,0,0,0,0,0,0,0,0,6260,0,0,0,0,3990,0,0,0,0,0,0,0,0,0,0,0,0,0
Radish_Red,vegetable,2082,10,7,magh,5250,60.0,120.0,91.14,kg,kg,False,478485.0,True,5250,0,0.0,10,True,0,0,0,0,0,0,0,0,0,0,0,0,210,0,0,0,2890,0,0,0,0,2150,0,0,0,0,0,0,0,0,0,0,0,0,0
Radish_Red,vegetable,2082,11,8,falgun,10830,60.0,120.0,92.22,kg,kg,False,998742.6,True,10830,0,0.0,10,True,0,0,0,0,0,0,0,0,0,0,0,0,120,0,0,0,8400,0,0,0,0,2310,0,0,0,0,0,0,0,0,0,0,0,0,0
Radish_Red,vegetable,2082,12,9,chaitra,2518,80.0,100.0,90.0,kg,kg,False,226620.0,True,2518,0,0.0,10,True,0,0,0,0,0,0,0,0,0,0,0,0,0,0,0,0,2168,0,0,0,0,350,0,0,0,0,0,0,0,0,0,0,0,0,0
Radish_Red,vegetable,2083,1,10,baishakh,2260,80.0,100.0,90.0,kg,kg,False,203400.0,True,2260,0,0.0,10,True,0,0,0,0,0,0,0,0,0,0,0,0,0,0,0,0,2260,0,0,0,0,0,0,0,0,0,0,0,0,0,0,0,0,0,0
Radish_White,vegetable,2082,4,1,shrawan,187558,50.0,70.0,55.4,kg,kg,False,10390713.2,True,187558,0,0.0,10,True,0,0,0,0,0,0,0,0,0,177120,0,0,8750,0,0,0,1688,0,0,0,0,0,0,0,0,0,0,0,0,0,0,0,0,0,0
Radish_White,vegetable,2082,5,2,bhadra,114650,30.0,70.0,50.83,kg,kg,False,5827659.5,True,114650,0,0.0,10,True,0,0,0,0,0,0,0,0,0,114650,0,0,0,0,0,0,0,0,0,0,0,0,0,0,0,0,0,0,0,0,0,0,0,0,0
Radish_White,vegetable,2082,6,3,ashwin,96026,60.0,120.0,91.56,kg,kg,False,8792140.56,True,96026,0,0.0,10,True,0,0,0,0,0,0,0,0,0,90182,0,0,800,0,0,0,1394,0,0,0,0,0,0,3650,0,0,0,0,0,0,0,0,0,0,0
Radish_White,vegetable,2082,7,4,kartik,164370,60.0,120.0,84.74,kg,kg,False,13928713.8,True,164370,0,0.0,10,True,0,0,0,0,0,0,0,14410,0,115645,0,0,0,0,0,0,20300,0,0,0,0,10765,0,3250,0,0,0,0,0,0,0,0,0,0,0
Radish_White,vegetable,2082,8,5,mangsir,230586,40.0,90.0,66.84,kg,kg,False,15412368.24,True,230586,0,0.05980415116268984,10,True,0,0,0,0,11335,0,0,38480,0,31675,13790,0,4520,0,0,0,40390,0,0,0,0,77891,0,12185,0,0,0,0,0,0,0,0,0,0,320
Radish_White,vegetable,2082,9,6,poush,329939,25.0,35.0,30.0,kg,kg,False,9898170.0,True,329939,0,0.006486047420886891,10,True,0,0,0,0,16635,0,0,13555,0,0,2140,0,0,0,0,0,80745,0,0,0,0,213624,0,3240,0,0,0,0,0,0,0,0,0,0,0
Radish_White,vegetable,2082,10,7,magh,228884,20.0,35.0,26.36,kg,kg,False,6033382.24,True,228884,0,0.0,10,True,0,0,0,0,17460,0,0,0,0,0,0,0,0,0,0,0,74749,0,0,0,0,136675,0,0,0,0,0,0,0,0,0,0,0,0,0
Radish_White,vegetable,2082,11,8,falgun,223585,,,26.81,kg,kg,False,5994313.85,True,223585,0,0.0,10,True,0,0,0,0,14970,0,0,0,0,0,0,0,18730,0,0,0,74755,0,0,0,0,115130,0,0,0,0,0,0,0,0,0,0,0,0,0
Radish_White,vegetable,2082,12,9,chaitra,340255,30.0,70.0,46.48,kg,kg,False,15815052.4,True,340255,0,0.036119968846894245,10,True,0,0,0,0,2240,0,0,0,0,29165,12290,0,149600,0,0,0,87885,0,0,0,0,59075,0,0,0,0,0,0,0,0,0,0,0,0,0
Radish_White,vegetable,2083,1,10,baishakh,177618,30.0,50.0,42.28,kg,kg,False,7509689.04,True,177618,0,0.0,10,True,0,0,0,0,0,0,0,0,5540,90120,0,0,23620,0,0,0,49218,0,0,0,0,9120,0,0,0,0,0,0,0,0,0,0,0,0,0
Rajma,vegetable,2082,5,2,bhadra,540,,,150.0,kg,kg,False,81000.0,True,540,0,0.0,9,False,0,0,0,0,0,0,0,540,0,0,0,0,0,0,0,0,0,0,0,0,0,0,0,0,0,0,0,0,0,0,0,0,0,0,0
Rajma,vegetable,2082,6,3,ashwin,4620,280.0,300.0,290.0,kg,kg,False,1339800.0,True,4620,0,0.0,9,False,0,0,0,0,0,0,0,2830,120,0,0,0,0,0,0,0,0,0,0,0,0,1670,0,0,0,0,0,0,0,0,0,0,0,0,0
Rajma,vegetable,2082,7,4,kartik,32065,200.0,300.0,270.26,kg,kg,False,8665886.9,True,32065,0,0.0,9,False,0,0,0,0,0,0,0,21105,210,0,0,0,0,0,0,0,0,0,0,0,0,10750,0,0,0,0,0,0,0,0,0,0,0,0,0
Rajma,vegetable,2082,8,5,mangsir,42760,200.0,280.0,218.42,kg,kg,False,9339639.2,True,42760,0,0.0,9,False,0,0,0,0,0,0,0,25550,320,0,0,0,0,0,0,0,0,0,0,0,0,16890,0,0,0,0,0,0,0,0,0,0,0,0,0
Rajma,vegetable,2082,9,6,poush,28064,180.0,250.0,191.59,kg,kg,False,5376781.76,False,177754,-149690,0.0,9,False,0,0,0,0,0,0,0,11429,0,0,0,0,0,0,0,0,0,0,0,0,0,166325,0,0,0,0,0,0,0,0,0,0,0,0,0
Rajma,vegetable,2082,10,7,magh,29855,100.0,200.0,172.57,kg,kg,False,5152077.35,True,29855,0,0.09311673086585162,9,False,0,0,0,0,0,0,0,6540,0,0,2780,0,0,0,0,0,6450,0,0,0,0,14085,0,0,0,0,0,0,0,0,0,0,0,0,0
Rajma,vegetable,2082,11,8,falgun,26010,100.0,180.0,147.22,kg,kg,False,3829192.2,True,26010,0,0.279123414071511,9,False,0,0,0,0,0,0,0,2980,0,0,7260,0,0,0,0,0,0,0,0,0,0,15770,0,0,0,0,0,0,0,0,0,0,0,0,0
Rajma,vegetable,2082,12,9,chaitra,54655,100.0,150.0,135.83,kg,kg,False,7423788.65,True,54655,0,0.3029914920867258,9,False,0,0,0,0,0,0,0,14630,0,0,16560,0,0,0,0,0,0,0,0,0,0,23465,0,0,0,0,0,0,0,0,0,0,0,0,0
Rajma,vegetable,2083,1,10,baishakh,12025,,,124.6,kg,kg,False,1498315.0,True,12025,0,0.0,9,False,0,0,0,0,0,0,0,5530,0,0,0,0,420,0,0,0,0,0,0,0,0,6075,0,0,0,0,0,0,0,0,0,0,0,0,0
Red_Grapes,fruit,2082,4,1,shrawan,3770,260.0,500.0,334.8,kg,kg,False,1262196.0,True,3770,0,1.0,8,False,0,0,0,0,0,3770,0,0,0,0,0,0,0,0,0,0,0,0,0,0,0,0,0,0,0,0,0,0,0,0,0,0,0,0,0
Red_Grapes,fruit,2082,5,2,bhadra,3200,260.0,500.0,295.0,kg,kg,False,944000.0,True,3200,0,1.0,8,False,0,0,0,0,0,3200,0,0,0,0,0,0,0,0,0,0,0,0,0,0,0,0,0,0,0,0,0,0,0,0,0,0,0,0,0
Red_Grapes,fruit,2082,6,3,ashwin,1870,400.0,500.0,450.0,kg,kg,False,841500.0,True,1870,0,1.0,8,False,0,0,0,0,0,1870,0,0,0,0,0,0,0,0,0,0,0,0,0,0,0,0,0,0,0,0,0,0,0,0,0,0,0,0,0
Red_Grapes,fruit,2082,8,5,mangsir,0,400.0,500.0,450.0,kg,kg,False,0.0,True,0,0,,8,False,0,0,0,0,0,0,0,0,0,0,0,0,0,0,0,0,0,0,0,0,0,0,0,0,0,0,0,0,0,0,0,0,0,0,0
Red_Grapes,fruit,2082,10,7,magh,0,300.0,500.0,446.11,kg,kg,False,0.0,True,0,0,,8,False,0,0,0,0,0,0,0,0,0,0,0,0,0,0,0,0,0,0,0,0,0,0,0,0,0,0,0,0,0,0,0,0,0,0,0
Red_Grapes,fruit,2082,11,8,falgun,0,300.0,500.0,442.63,kg,kg,False,0.0,True,0,0,,8,False,0,0,0,0,0,0,0,0,0,0,0,0,0,0,0,0,0,0,0,0,0,0,0,0,0,0,0,0,0,0,0,0,0,0,0
Red_Grapes,fruit,2082,12,9,chaitra,0,400.0,500.0,450.0,kg,kg,False,0.0,True,0,0,,8,False,0,0,0,0,0,0,0,0,0,0,0,0,0,0,0,0,0,0,0,0,0,0,0,0,0,0,0,0,0,0,0,0,0,0,0
Red_Grapes,fruit,2083,1,10,baishakh,0,400.0,500.0,450.0,kg,kg,False,0.0,True,0,0,,8,False,0,0,0,0,0,0,0,0,0,0,0,0,0,0,0,0,0,0,0,0,0,0,0,0,0,0,0,0,0,0,0,0,0,0,0
Sajiwan,vegetable,2082,4,1,shrawan,1055,250.0,280.0,265.0,kg,kg,False,279575.0,True,1055,0,0.35545023696682465,9,False,0,0,0,0,630,0,0,0,0,0,375,0,0,0,0,0,0,0,0,0,0,0,0,0,0,0,0,0,0,0,50,0,0,0,0
Sajiwan,vegetable,2082,5,2,bhadra,440,200.0,280.0,232.5,kg,kg,False,102300.0,True,440,0,0.75,9,False,0,0,0,0,0,0,0,0,0,0,330,0,0,0,0,0,0,0,0,0,0,0,0,0,0,0,0,0,0,0,110,0,0,0,0
Sajiwan,vegetable,2082,6,3,ashwin,0,250.0,280.0,265.0,kg,kg,False,0.0,True,0,0,,9,False,0,0,0,0,0,0,0,0,0,0,0,0,0,0,0,0,0,0,0,0,0,0,0,0,0,0,0,0,0,0,0,0,0,0,0
Sajiwan,vegetable,2082,7,4,kartik,0,250.0,280.0,265.0,kg,kg,False,0.0,True,0,0,,9,False,0,0,0,0,0,0,0,0,0,0,0,0,0,0,0,0,0,0,0,0,0,0,0,0,0,0,0,0,0,0,0,0,0,0,0
Sajiwan,vegetable,2082,8,5,mangsir,84,250.0,300.0,274.42,kg,kg,False,23051.28,True,84,0,0.0,9,False,0,0,0,0,0,0,0,0,0,0,0,0,0,0,0,0,0,0,0,0,0,0,0,0,0,0,0,0,0,0,84,0,0,0,0
Sajiwan,vegetable,2082,10,7,magh,295,250.0,300.0,282.5,kg,kg,False,83337.5,True,295,0,1.0,9,False,0,0,0,0,0,0,0,0,0,0,295,0,0,0,0,0,0,0,0,0,0,0,0,0,0,0,0,0,0,0,0,0,0,0,0
Sajiwan,vegetable,2082,11,8,falgun,1250,250.0,300.0,282.5,kg,kg,False,353125.0,True,1250,0,1.0,9,False,0,0,0,0,0,0,0,0,0,0,1250,0,0,0,0,0,0,0,0,0,0,0,0,0,0,0,0,0,0,0,0,0,0,0,0
Sajiwan,vegetable,2082,12,9,chaitra,10520,200.0,300.0,256.15,kg,kg,False,2694698.0,True,10520,0,0.5152091254752852,9,False,0,0,0,0,3210,0,0,0,0,0,5420,0,0,0,0,0,0,0,0,0,0,0,0,0,0,0,0,0,0,0,1890,0,0,0,0
Sajiwan,vegetable,2083,1,10,baishakh,2928,200.0,300.0,250.0,kg,kg,False,732000.0,True,2928,0,0.26639344262295084,9,False,0,0,0,0,1200,0,0,0,0,0,780,0,0,0,0,0,0,0,0,0,0,0,0,0,0,0,0,0,0,0,948,0,0,0,0
Sarifa,fruit,2082,4,1,shrawan,0,250.0,250.0,250.0,kg,kg,False,0.0,True,0,0,,4,False,0,0,0,0,0,0,0,0,0,0,0,0,0,0,0,0,0,0,0,0,0,0,0,0,0,0,0,0,0,0,0,0,0,0,0
Sarifa,fruit,2082,7,4,kartik,1390,,,315.0,kg,kg,False,437850.0,True,1390,0,1.0,4,False,0,0,0,0,0,0,0,0,0,0,1390,0,0,0,0,0,0,0,0,0,0,0,0,0,0,0,0,0,0,0,0,0,0,0,0
Sarifa,fruit,2082,8,5,mangsir,1170,,,250.0,kg,kg,False,292500.0,True,1170,0,1.0,4,False,0,0,0,0,0,0,0,0,0,0,1170,0,0,0,0,0,0,0,0,0,0,0,0,0,0,0,0,0,0,0,0,0,0,0,0
Sarifa,fruit,2082,9,6,poush,350,,,325.0,kg,kg,False,113750.0,False,0,350,,4,False,0,0,0,0,0,0,0,0,0,0,0,0,0,0,0,0,0,0,0,0,0,0,0,0,0,0,0,0,0,0,0,0,0,0,0
Smooth_Gourd,vegetable,2082,4,1,shrawan,243003,20.0,80.0,45.8,kg,kg,False,11129537.4,True,243003,0,0.0,10,True,0,0,0,0,0,0,0,84563,3010,2920,0,0,0,0,0,0,80035,0,0,0,0,63455,0,0,0,0,0,0,0,0,0,0,0,1160,7860
Smooth_Gourd,vegetable,2082,5,2,bhadra,143847,20.0,120.0,54.66,kg,kg,False,7862677.02,True,143847,0,0.0,10,True,0,0,0,0,0,0,0,42873,3040,4530,0,0,0,0,0,0,45809,0,0,0,0,38770,0,0,0,0,0,0,0,0,0,0,0,2670,6155
Smooth_Gourd,vegetable,2082,6,3,ashwin,97065,100.0,180.0,125.94,kg,kg,False,12224366.1,True,97065,0,0.014938443311183228,10,True,0,0,0,0,0,0,0,39855,3200,0,1450,0,0,0,0,0,31155,0,0,0,0,18615,0,0,0,0,0,0,0,0,0,0,0,340,2450
Smooth_Gourd,vegetable,2082,7,4,kartik,92590,100.0,160.0,127.11,kg,kg,False,11769114.9,True,92590,0,0.0,10,True,0,0,0,0,0,0,0,45855,660,0,0,0,0,0,0,0,17775,0,0,0,0,27740,0,0,0,0,0,0,0,0,0,0,0,0,560
Smooth_Gourd,vegetable,2082,8,5,mangsir,87923,130.0,160.0,145.53,kg,kg,False,12795434.19,True,87923,0,0.0,10,True,0,0,0,0,0,0,0,48060,210,0,0,0,0,0,0,0,7948,0,0,0,0,31705,0,0,0,0,0,0,0,0,0,0,0,0,0
Smooth_Gourd,vegetable,2082,9,6,poush,70505,130.0,160.0,145.68,kg,kg,False,10271168.4,True,70505,0,0.0,10,True,0,0,0,0,0,0,0,24215,0,0,0,0,0,0,0,0,1990,0,0,0,0,44300,0,0,0,0,0,0,0,0,0,0,0,0,0
Smooth_Gourd,vegetable,2082,10,7,magh,28110,100.0,180.0,146.57,kg,kg,False,4120082.7,True,28110,0,0.0,10,True,0,0,0,0,0,0,0,1380,0,0,0,0,0,0,0,0,0,0,0,0,0,26730,0,0,0,0,0,0,0,0,0,0,0,0,0
Smooth_Gourd,vegetable,2082,11,8,falgun,34630,100.0,180.0,141.39,kg,kg,False,4896335.7,True,34630,0,0.0,10,True,0,0,0,0,0,0,0,0,0,0,0,0,0,0,0,0,0,0,0,0,0,34630,0,0,0,0,0,0,0,0,0,0,0,0,0
Smooth_Gourd,vegetable,2082,12,9,chaitra,132895,80.0,180.0,128.86,kg,kg,False,17124849.7,True,132895,0,0.07329094397832876,10,True,0,0,0,0,14200,0,0,26910,0,0,9740,0,0,0,0,0,340,0,0,0,0,81705,0,0,0,0,0,0,0,0,0,0,0,0,0
Smooth_Gourd,vegetable,2083,1,10,baishakh,145570,40.0,140.0,78.26,kg,kg,False,11392308.2,True,145570,0,0.007831283918389779,10,True,0,0,0,0,11425,0,0,60050,3020,0,1140,0,0,0,0,0,13600,0,0,0,0,56335,0,0,0,0,0,0,0,0,0,0,0,0,0
Snake_Gourd,vegetable,2082,4,1,shrawan,97831,40.0,60.0,48.6,kg,kg,False,4754586.6,True,97831,0,0.0,9,False,0,0,0,0,0,0,0,42952,3856,180,0,0,0,0,0,0,8663,0,0,0,0,37580,0,0,0,0,0,0,0,0,0,0,0,0,4600
Snake_Gourd,vegetable,2082,5,2,bhadra,58915,40.0,80.0,57.15,kg,kg,False,3366992.25,True,58915,0,0.033862344054994484,9,False,0,0,0,0,0,0,0,26320,1810,1170,1995,0,0,0,0,0,5275,0,0,0,0,18975,0,0,0,0,0,0,0,0,0,0,0,0,3370
Snake_Gourd,vegetable,2082,6,3,ashwin,35694,50.0,100.0,62.19,kg,kg,False,2219809.86,True,35694,0,0.0,9,False,0,0,0,0,0,0,0,18830,240,0,0,0,0,0,0,0,2594,0,0,0,0,13610,0,0,0,0,0,0,0,0,0,0,0,0,420
Snake_Gourd,vegetable,2082,7,4,kartik,39741,50.0,100.0,64.21,kg,kg,False,2551769.61,True,39741,0,0.014594499383508215,9,False,0,0,0,0,0,0,0,22701,280,0,580,0,0,0,0,0,3325,0,0,0,0,12855,0,0,0,0,0,0,0,0,0,0,0,0,0
Snake_Gourd,vegetable,2082,8,5,mangsir,6510,60.0,100.0,80.0,kg,kg,False,520800.0,True,6510,0,0.0,9,False,0,0,0,0,0,0,0,4070,0,0,0,0,0,0,0,0,440,0,0,0,0,2000,0,0,0,0,0,0,0,0,0,0,0,0,0
Snake_Gourd,vegetable,2082,9,6,poush,11990,,,120.0,kg,kg,False,1438800.0,False,68719,-56729,0.0,9,False,0,0,0,0,0,0,0,60129,0,0,0,0,0,0,0,0,0,0,0,0,0,8590,0,0,0,0,0,0,0,0,0,0,0,0,0
Snake_Gourd,vegetable,2082,10,7,magh,860,,,130.0,kg,kg,False,111800.0,True,860,0,0.0,9,False,0,0,0,0,0,0,0,0,0,0,0,0,0,0,0,0,0,0,0,0,0,860,0,0,0,0,0,0,0,0,0,0,0,0,0
Snake_Gourd,vegetable,2082,12,9,chaitra,6795,,,95.0,kg,kg,False,645525.0,True,6795,0,0.0,9,False,0,0,0,0,0,0,0,0,0,0,0,0,0,0,0,0,0,0,0,0,0,6795,0,0,0,0,0,0,0,0,0,0,0,0,0
Snake_Gourd,vegetable,2083,1,10,baishakh,50610,,,90.0,kg,kg,False,4554900.0,True,50610,0,0.0,9,False,0,0,0,0,0,0,0,15590,1230,0,0,0,0,0,0,0,990,0,0,0,0,32800,0,0,0,0,0,0,0,0,0,0,0,0,0
Soya_Bean_Green,vegetable,2082,4,1,shrawan,6340,180.0,250.0,207.8,kg,kg,False,1317452.0,True,6340,0,0.0,4,False,0,0,0,0,0,0,0,120,0,120,0,0,4970,0,0,0,990,0,0,0,0,140,0,0,0,0,0,0,0,0,0,0,0,0,0
Soya_Bean_Green,vegetable,2082,5,2,bhadra,5747,180.0,250.0,212.61,kg,kg,False,1221869.67,True,5747,0,0.0,4,False,0,0,0,0,0,0,0,870,0,1610,0,0,1924,0,0,0,1133,0,0,0,0,210,0,0,0,0,0,0,0,0,0,0,0,0,0
Soya_Bean_Green,vegetable,2082,6,3,ashwin,7285,100.0,200.0,143.75,kg,kg,False,1047218.75,True,7285,0,0.0,4,False,0,0,0,0,0,0,0,3970,0,440,0,0,830,0,0,0,2045,0,0,0,0,0,0,0,0,0,0,0,0,0,0,0,0,0,0
Soya_Bean_Green,vegetable,2082,7,4,kartik,1300,100.0,150.0,125.0,kg,kg,False,162500.0,True,1300,0,0.0,4,False,0,0,0,0,0,0,0,240,240,0,0,0,240,0,0,0,580,0,0,0,0,0,0,0,0,0,0,0,0,0,0,0,0,0,0
Spinach_Leaf,vegetable,2082,4,1,shrawan,9239,60.0,140.0,90.2,mutha,mutha,False,833357.8,True,9239,0,0.0,10,True,0,0,0,0,0,0,0,0,0,0,0,0,1820,0,0,0,7419,0,0,0,0,0,0,0,0,0,0,0,0,0,0,0,0,0,0
Spinach_Leaf,vegetable,2082,5,2,bhadra,5540,60.0,140.0,74.65,mutha,mutha,False,413561.0,True,5540,0,0.0,10,True,0,0,0,0,0,0,0,0,0,0,0,0,2240,0,0,0,3300,0,0,0,0,0,0,0,0,0,0,0,0,0,0,0,0,0,0
Spinach_Leaf,vegetable,2082,6,3,ashwin,6395,120.0,200.0,173.75,mutha,mutha,False,1111131.25,True,6395,0,0.0,10,True,0,0,0,0,0,0,0,0,0,0,0,0,1925,0,0,0,4470,0,0,0,0,0,0,0,0,0,0,0,0,0,0,0,0,0,0
Spinach_Leaf,vegetable,2082,7,4,kartik,9550,100.0,200.0,113.68,mutha,mutha,False,1085644.0,True,9550,0,0.0,10,True,0,0,0,0,1110,0,0,0,0,0,0,0,2230,0,0,0,6210,0,0,0,0,0,0,0,0,0,0,0,0,0,0,0,0,0,0
Spinach_Leaf,vegetable,2082,8,5,mangsir,14170,80.0,120.0,107.89,mutha,mutha,False,1528801.3,True,14170,0,0.0,10,True,0,0,0,0,2960,0,0,0,0,0,0,0,2610,0,0,0,8600,0,0,0,0,0,0,0,0,0,0,0,0,0,0,0,0,0,0
Spinach_Leaf,vegetable,2082,9,6,poush,22312,60.0,100.0,77.5,mutha,mutha,False,1729180.0,True,22312,0,0.0,10,True,0,0,0,0,6900,0,0,0,0,0,0,0,4120,0,0,0,11292,0,0,0,0,0,0,0,0,0,0,0,0,0,0,0,0,0,0
Spinach_Leaf,vegetable,2082,10,7,magh,13880,20.0,70.0,49.57,mutha,mutha,False,688031.6,True,13880,0,0.0,10,True,0,0,0,0,4330,0,0,0,0,0,0,0,2890,0,0,0,6660,0,0,0,0,0,0,0,0,0,0,0,0,0,0,0,0,0,0
Spinach_Leaf,vegetable,2082,11,8,falgun,11237,20.0,60.0,40.56,mutha,mutha,False,455772.72,True,11237,0,0.0,10,True,0,0,0,0,1870,0,0,0,0,0,0,0,1650,0,0,0,7717,0,0,0,0,0,0,0,0,0,0,0,0,0,0,0,0,0,0
Spinach_Leaf,vegetable,2082,12,9,chaitra,11790,20.0,60.0,47.5,mutha,mutha,False,560025.0,True,11790,0,0.0,10,True,0,0,0,0,0,0,0,0,0,0,0,0,3090,0,0,0,8700,0,0,0,0,0,0,0,0,0,0,0,0,0,0,0,0,0,0
Spinach_Leaf,vegetable,2083,1,10,baishakh,8310,50.0,80.0,60.87,mutha,mutha,False,505829.7,True,8310,0,0.0,10,True,0,0,0,0,0,0,0,0,0,0,0,0,2610,0,0,0,5700,0,0,0,0,0,0,0,0,0,0,0,0,0,0,0,0,0,0
Sponge_Gourd,vegetable,2082,4,1,shrawan,5105,80.0,100.0,86.25,kg,kg,False,440306.25,True,5105,0,0.0,5,False,0,0,0,0,0,0,0,0,0,0,0,0,0,0,0,0,0,0,0,0,0,0,0,0,0,0,0,0,0,0,5105,0,0,0,0
Sponge_Gourd,vegetable,2082,5,2,bhadra,4310,80.0,100.0,86.12,kg,kg,False,371177.2,True,4310,0,0.0,5,False,0,0,0,0,0,0,0,0,0,0,0,0,0,0,0,0,0,0,0,0,0,0,0,0,0,0,0,0,0,0,4310,0,0,0,0
Sponge_Gourd,vegetable,2082,6,3,ashwin,0,80.0,90.0,85.0,kg,kg,False,0.0,True,0,0,,5,False,0,0,0,0,0,0,0,0,0,0,0,0,0,0,0,0,0,0,0,0,0,0,0,0,0,0,0,0,0,0,0,0,0,0,0
Sponge_Gourd,vegetable,2082,7,4,kartik,0,60.0,100.0,85.53,kg,kg,False,0.0,True,0,0,,5,False,0,0,0,0,0,0,0,0,0,0,0,0,0,0,0,0,0,0,0,0,0,0,0,0,0,0,0,0,0,0,0,0,0,0,0
Sponge_Gourd,vegetable,2082,12,9,chaitra,150,,,128.86,kg,kg,False,19329.0,True,150,0,0.0,5,False,0,0,0,0,0,0,0,0,0,0,0,0,150,0,0,0,0,0,0,0,0,0,0,0,0,0,0,0,0,0,0,0,0,0,0
Squash,vegetable,2082,4,1,shrawan,26255,40.0,60.0,52.2,kg,kg,False,1370511.0,True,26255,0,0.0,10,True,0,0,0,0,0,0,0,0,0,0,0,0,0,0,0,0,24685,0,0,1570,0,0,0,0,0,0,0,0,0,0,0,0,0,0,0
Squash,vegetable,2082,5,2,bhadra,10840,25.0,60.0,36.32,kg,kg,False,393708.8,True,10840,0,0.0,10,True,0,0,0,0,0,0,0,0,0,0,0,0,0,0,0,0,10840,0,0,0,0,0,0,0,0,0,0,0,0,0,0,0,0,0,0
Squash,vegetable,2082,6,3,ashwin,2840,60.0,200.0,133.75,kg,kg,False,379850.0,True,2840,0,0.0,10,True,0,0,0,0,0,0,0,0,0,1120,0,0,120,0,0,0,1600,0,0,0,0,0,0,0,0,0,0,0,0,0,0,0,0,0,0
Squash,vegetable,2082,7,4,kartik,43205,150.0,200.0,175.0,kg,kg,False,7560875.0,True,43205,0,0.0,10,True,0,0,0,0,0,0,0,0,0,0,0,0,0,0,0,0,4095,0,0,0,0,39110,0,0,0,0,0,0,0,0,0,0,0,0,0
Squash,vegetable,2082,8,5,mangsir,82730,70.0,120.0,86.0,kg,kg,False,7114780.0,True,82730,0,0.030702284540070107,10,True,0,0,0,0,0,0,0,0,0,1540,2540,0,0,0,0,0,24650,0,0,0,0,54000,0,0,0,0,0,0,0,0,0,0,0,0,0
Squash,vegetable,2082,9,6,poush,101770,70.0,90.0,80.0,kg,kg,False,8141600.0,True,101770,0,0.0,10,True,0,0,0,0,0,0,0,0,0,0,0,0,0,0,0,0,31690,0,0,0,0,70080,0,0,0,0,0,0,0,0,0,0,0,0,0
Squash,vegetable,2082,10,7,magh,63940,20.0,90.0,53.5,kg,kg,False,3420790.0,True,63940,0,0.0,10,True,0,0,0,0,0,0,0,0,0,0,0,0,150,0,0,0,20010,0,0,0,0,43780,0,0,0,0,0,0,0,0,0,0,0,0,0
Squash,vegetable,2082,11,8,falgun,82770,20.0,60.0,38.19,kg,kg,False,3160986.3,True,82770,0,0.0,10,True,0,0,0,0,0,0,0,0,0,0,0,0,0,0,0,0,42030,0,0,0,0,40740,0,0,0,0,0,0,0,0,0,0,0,0,0
Squash,vegetable,2082,12,9,chaitra,134775,20.0,80.0,60.91,kg,kg,False,8209145.25,True,134775,0,0.0,10,True,0,0,0,0,0,0,0,2240,0,1650,0,0,0,0,0,0,57245,0,0,0,0,73640,0,0,0,0,0,0,0,0,0,0,0,0,0
Squash,vegetable,2083,1,10,baishakh,98748,25.0,70.0,37.93,kg,kg,False,3745511.64,True,98748,0,0.0,10,True,0,0,0,0,0,0,0,2540,0,0,0,0,0,0,0,0,45410,0,0,0,0,50798,0,0,0,0,0,0,0,0,0,0,0,0,0
Strawberry,fruit,2082,4,1,shrawan,0,480.0,500.0,490.0,kg,kg,False,0.0,True,0,0,,6,False,0,0,0,0,0,0,0,0,0,0,0,0,0,0,0,0,0,0,0,0,0,0,0,0,0,0,0,0,0,0,0,0,0,0,0
Strawberry,fruit,2082,9,6,poush,1560,700.0,700.0,700.0,kg,kg,False,1092000.0,True,1560,0,1.0,6,False,0,0,0,0,0,0,0,0,0,0,1560,0,0,0,0,0,0,0,0,0,0,0,0,0,0,0,0,0,0,0,0,0,0,0,0
Strawberry,fruit,2082,10,7,magh,1140,500.0,700.0,589.71,kg,kg,False,672269.4,True,1140,0,1.0,6,False,0,0,0,0,0,0,0,0,0,0,1140,0,0,0,0,0,0,0,0,0,0,0,0,0,0,0,0,0,0,0,0,0,0,0,0
Strawberry,fruit,2082,11,8,falgun,1770,500.0,600.0,550.0,kg,kg,False,973500.0,True,1770,0,1.0,6,False,0,0,0,0,0,0,0,0,0,0,1770,0,0,0,0,0,0,0,0,0,0,0,0,0,0,0,0,0,0,0,0,0,0,0,0
Strawberry,fruit,2082,12,9,chaitra,1810,500.0,600.0,550.0,kg,kg,False,995500.0,True,1810,0,1.0,6,False,0,0,0,0,0,0,0,0,0,0,1810,0,0,0,0,0,0,0,0,0,0,0,0,0,0,0,0,0,0,0,0,0,0,0,0
Strawberry,fruit,2083,1,10,baishakh,1110,500.0,600.0,550.0,kg,kg,False,610500.0,True,1110,0,1.0,6,False,0,0,0,0,0,0,0,0,0,0,1110,0,0,0,0,0,0,0,0,0,0,0,0,0,0,0,0,0,0,0,0,0,0,0,0
Sugarcane,fruit,2082,4,1,shrawan,6750,160.0,220.0,190.0,nos,nos,False,4129650.0,True,6750,0,0.7659259259259259,10,True,0,0,0,0,0,0,0,0,540,0,5170,0,0,0,0,0,0,0,0,0,0,0,0,0,0,0,0,0,0,0,0,0,0,0,1040
Sugarcane,fruit,2082,5,2,bhadra,3160,160.0,220.0,190.0,nos,nos,False,1106221.2,True,3160,0,1.0,10,True,0,0,0,0,0,0,0,0,0,0,3160,0,0,0,0,0,0,0,0,0,0,0,0,0,0,0,0,0,0,0,0,0,0,0,0
Sugarcane,fruit,2082,6,3,ashwin,6990,160.0,170.0,165.0,nos,nos,False,11498550.0,True,6990,0,0.0,10,True,0,0,0,0,0,0,0,0,2730,0,0,0,0,0,0,0,0,0,0,0,0,0,0,0,0,0,0,0,0,0,0,0,0,0,4260
Sugarcane,fruit,2082,7,4,kartik,4350,160.0,170.0,165.0,nos,nos,False,7155750.0,True,4350,0,0.12413793103448276,10,True,0,0,0,0,0,0,0,0,1120,0,540,0,0,0,0,0,0,0,0,0,0,0,0,0,0,0,0,0,0,0,0,0,0,0,2690
Sugarcane,fruit,2082,8,5,mangsir,3870,160.0,170.0,165.0,nos,nos,False,6366150.0,True,3870,0,0.43410852713178294,10,True,0,0,0,0,0,0,0,0,0,0,1680,0,0,0,0,0,0,0,0,0,0,0,0,0,0,0,0,0,0,0,0,0,0,0,2190
Sugarcane,fruit,2082,9,6,poush,9950,160.0,170.0,165.0,nos,nos,False,16367750.0,True,9950,0,0.0,10,True,0,0,0,0,0,0,0,0,2690,0,0,0,0,0,0,0,0,0,0,0,0,0,0,0,0,0,0,0,0,0,0,0,0,0,7260
Sugarcane,fruit,2082,10,7,magh,101810,160.0,170.0,165.0,nos,nos,False,167477450.0,True,101810,0,0.03133287496316668,10,True,0,0,0,0,0,0,0,0,96350,0,3190,0,0,0,0,0,0,0,0,0,0,0,0,0,0,0,0,0,0,0,0,0,0,0,2270
Sugarcane,fruit,2082,11,8,falgun,97060,160.0,170.0,165.0,nos,nos,False,159663700.0,True,97060,0,0.026169379765093755,10,True,2060,0,0,0,0,0,0,0,90180,0,2540,0,0,0,0,0,0,0,0,0,0,0,0,0,0,0,0,0,0,0,0,0,2280,0,0
Sugarcane,fruit,2082,12,9,chaitra,26650,160.0,170.0,165.0,nos,nos,False,43839250.0,True,26650,0,0.043151969981238276,10,True,0,0,0,0,0,0,0,0,0,0,1150,0,0,0,0,0,0,0,0,0,0,0,0,0,0,0,0,0,0,0,0,0,25500,0,0
Sugarcane,fruit,2083,1,10,baishakh,8540,160.0,170.0,165.0,nos,nos,False,14048300.0,True,8540,0,0.0,10,True,0,0,0,0,0,0,0,0,0,0,0,0,0,0,0,0,0,0,0,0,0,0,0,0,0,0,0,0,0,0,0,0,8540,0,0
Sweet_Pepper,vegetable,2082,4,1,shrawan,139734,130.0,150.0,140.0,kg,kg,False,19562760.0,True,139734,0,0.04937953540297995,10,True,0,0,0,0,0,0,0,0,0,69444,6900,0,26060,0,0,0,265,0,0,0,0,37065,0,0,0,0,0,0,0,0,0,0,0,0,0
Sweet_Pepper,vegetable,2082,5,2,bhadra,74632,80.0,200.0,139.17,kg,kg,False,10386535.44,True,74632,0,0.0,10,True,0,0,0,0,0,0,0,0,0,51120,0,0,8085,0,0,0,157,0,0,0,0,15270,0,0,0,0,0,0,0,0,0,0,0,0,0
Sweet_Pepper,vegetable,2082,6,3,ashwin,57015,130.0,250.0,157.5,kg,kg,False,8979862.5,True,57015,0,0.22871174252389723,10,True,0,0,0,0,0,0,0,0,0,36040,13040,0,0,0,0,0,30,0,0,0,0,7905,0,0,0,0,0,0,0,0,0,0,0,0,0
Sweet_Pepper,vegetable,2082,7,4,kartik,69161,130.0,230.0,174.47,kg,kg,False,12066519.67,True,69161,0,0.7596911554199621,10,True,0,0,0,0,0,0,0,0,0,5300,52541,0,3450,0,0,0,270,0,0,0,0,7600,0,0,0,0,0,0,0,0,0,0,0,0,0
Sweet_Pepper,vegetable,2082,8,5,mangsir,93490,130.0,180.0,147.89,kg,kg,False,13826236.1,True,93490,0,0.6891646165365279,10,True,0,0,0,0,0,0,0,0,0,2680,64430,0,0,0,0,0,280,0,0,0,0,26100,0,0,0,0,0,0,0,0,0,0,0,0,0
Sweet_Pepper,vegetable,2082,9,6,poush,133005,100.0,150.0,132.05,kg,kg,False,17563310.25,True,133005,0,0.7595955039284238,10,True,0,0,0,0,0,0,0,0,0,0,101030,0,0,0,0,0,140,0,0,0,0,31835,0,0,0,0,0,0,0,0,0,0,0,0,0
Sweet_Pepper,vegetable,2082,10,7,magh,87505,100.0,130.0,115.0,kg,kg,False,10063075.0,True,87505,0,0.7557853836923605,10,True,0,0,0,0,0,0,0,0,0,0,66135,0,0,0,0,0,740,0,0,0,0,20630,0,0,0,0,0,0,0,0,0,0,0,0,0
Sweet_Pepper,vegetable,2082,11,8,falgun,81650,100.0,130.0,115.0,kg,kg,False,9389750.0,True,81650,0,0.6301898346601347,10,True,0,0,0,0,0,0,0,0,0,0,51455,0,0,0,0,0,580,0,0,0,0,29615,0,0,0,0,0,0,0,0,0,0,0,0,0
Sweet_Pepper,vegetable,2082,12,9,chaitra,153575,100.0,150.0,120.68,kg,kg,False,18533431.0,True,153575,0,0.7106299853491779,10,True,0,0,0,0,0,0,0,0,0,0,109135,0,0,0,0,0,1080,0,0,0,0,43360,0,0,0,0,0,0,0,0,0,0,0,0,0
Sweet_Pepper,vegetable,2083,1,10,baishakh,148870,100.0,150.0,124.78,kg,kg,False,18575998.6,True,148870,0,0.5651239336333714,10,True,0,0,0,0,0,0,0,0,0,0,84130,0,18970,0,0,0,2650,0,0,0,0,43120,0,0,0,0,0,0,0,0,0,0,0,0,0
Sweet_Potato,vegetable,2082,6,3,ashwin,9725,120.0,140.0,130.0,kg,kg,False,1264250.0,True,9725,0,0.6452442159383034,8,False,0,0,0,0,0,0,0,0,0,3450,6275,0,0,0,0,0,0,0,0,0,0,0,0,0,0,0,0,0,0,0,0,0,0,0,0
Sweet_Potato,vegetable,2082,7,4,kartik,53740,100.0,140.0,117.37,kg,kg,False,6307463.8,True,53740,0,0.9687383699292892,8,False,0,0,0,0,0,0,0,0,1680,0,52060,0,0,0,0,0,0,0,0,0,0,0,0,0,0,0,0,0,0,0,0,0,0,0,0
Sweet_Potato,vegetable,2082,8,5,mangsir,35810,100.0,120.0,110.0,kg,kg,False,3939100.0,True,35810,0,1.0,8,False,0,0,0,0,0,0,0,0,0,0,35810,0,0,0,0,0,0,0,0,0,0,0,0,0,0,0,0,0,0,0,0,0,0,0,0
Sweet_Potato,vegetable,2082,9,6,poush,192300,100.0,120.0,110.0,kg,kg,False,21153000.0,False,1549913,-1357613,0.4502188187336967,8,False,0,0,0,0,0,0,0,0,23555,0,697800,0,0,0,0,0,179414,0,0,0,0,649144,0,0,0,0,0,0,0,0,0,0,0,0,0
Sweet_Potato,vegetable,2082,10,7,magh,130405,100.0,120.0,103.71,kg,kg,False,13524302.55,True,130405,0,0.9981595797707143,8,False,0,0,0,0,0,0,0,0,240,0,130165,0,0,0,0,0,0,0,0,0,0,0,0,0,0,0,0,0,0,0,0,0,0,0,0
Sweet_Potato,vegetable,2082,11,8,falgun,1540,100.0,120.0,110.0,kg,kg,False,169400.0,True,1540,0,1.0,8,False,0,0,0,0,0,0,0,0,0,0,1540,0,0,0,0,0,0,0,0,0,0,0,0,0,0,0,0,0,0,0,0,0,0,0,0
Sweet_Potato,vegetable,2082,12,9,chaitra,0,100.0,120.0,110.0,kg,kg,False,0.0,True,0,0,,8,False,0,0,0,0,0,0,0,0,0,0,0,0,0,0,0,0,0,0,0,0,0,0,0,0,0,0,0,0,0,0,0,0,0,0,0
Sweet_Potato,vegetable,2083,1,10,baishakh,38880,25.0,35.0,30.0,kg,kg,False,1166400.0,True,38880,0,0.8613683127572016,8,False,0,0,0,0,0,0,0,0,0,0,33490,0,3250,0,0,0,0,0,0,0,0,2140,0,0,0,0,0,0,0,0,0,0,0,0,0
Sword_Bean,vegetable,2082,6,3,ashwin,206,100.0,180.0,125.94,kg,kg,False,25943.64,True,206,0,0.0,7,False,0,0,0,0,0,0,0,0,0,0,0,0,0,0,0,0,206,0,0,0,0,0,0,0,0,0,0,0,0,0,0,0,0,0,0
Sword_Bean,vegetable,2082,8,5,mangsir,99545,130.0,160.0,145.0,kg,kg,False,14434025.0,True,99545,0,0.2316540258174695,7,False,0,0,0,0,0,0,0,10755,0,460,23060,0,0,0,0,0,11520,0,0,0,0,9645,0,0,0,0,0,0,0,0,44105,0,0,0,0
Sword_Bean,vegetable,2082,9,6,poush,127675,100.0,160.0,132.73,kg,kg,False,16946302.75,True,127675,0,0.2556099471313883,7,False,0,0,0,0,3250,0,0,7445,570,0,32635,0,0,0,0,0,18510,0,0,0,0,11090,0,0,0,0,0,0,0,0,54175,0,0,0,0
Sword_Bean,vegetable,2082,10,7,magh,74630,100.0,150.0,134.29,kg,kg,False,10022062.7,True,74630,0,0.29927643038992363,7,False,0,0,0,0,0,0,0,3850,340,0,22335,0,0,0,0,0,8800,0,0,0,0,7630,0,0,0,0,0,0,0,0,31675,0,0,0,0
Sword_Bean,vegetable,2082,11,8,falgun,57515,130.0,150.0,140.0,kg,kg,False,8052100.0,True,57515,0,0.3339998261323133,7,False,0,0,0,0,0,0,0,540,0,0,19210,0,0,0,0,0,6115,0,0,0,0,4920,0,0,0,0,0,0,0,0,26730,0,0,0,0
Sword_Bean,vegetable,2082,12,9,chaitra,82110,60.0,150.0,107.27,kg,kg,False,8807939.7,True,82110,0,0.165022530751431,7,False,0,0,0,0,2875,0,0,2740,0,0,13550,0,0,0,0,0,11585,0,0,0,0,2180,0,0,0,0,0,0,0,0,49180,0,0,0,0
Sword_Bean,vegetable,2083,1,10,baishakh,17829,140.0,160.0,150.0,kg,kg,False,2674350.0,True,17829,0,0.0,7,False,0,0,0,0,0,0,0,520,0,0,0,0,0,0,0,0,1850,0,0,0,0,0,0,0,0,0,0,0,0,0,15459,0,0,0,0
Tomato,vegetable,2082,6,3,ashwin,547530,,,84.86,kg,kg,False,46463395.8,True,547530,0,0.15911456906470878,1,False,0,0,0,0,0,0,0,61920,520,10455,87120,0,260526,0,0,0,75904,0,0,0,0,33720,0,12045,4780,0,0,0,0,0,0,0,0,540,0
Tomato_Big,vegetable,2082,4,1,shrawan,0,50.0,70.0,59.0,kg,kg,False,0.0,True,0,0,,7,False,0,0,0,0,0,0,0,0,0,0,0,0,0,0,0,0,0,0,0,0,0,0,0,0,0,0,0,0,0,0,0,0,0,0,0
Tomato_Big,vegetable,2082,6,3,ashwin,0,65.0,110.0,84.06,kg,kg,False,0.0,True,0,0,,7,False,0,0,0,0,0,0,0,0,0,0,0,0,0,0,0,0,0,0,0,0,0,0,0,0,0,0,0,0,0,0,0,0,0,0,0
Tomato_Big,vegetable,2082,7,4,kartik,0,50.0,80.0,67.63,kg,kg,False,0.0,True,0,0,,7,False,0,0,0,0,0,0,0,0,0,0,0,0,0,0,0,0,0,0,0,0,0,0,0,0,0,0,0,0,0,0,0,0,0,0,0
Tomato_Big,vegetable,2082,10,7,magh,0,50.0,110.0,68.43,kg,kg,False,0.0,True,0,0,,7,False,0,0,0,0,0,0,0,0,0,0,0,0,0,0,0,0,0,0,0,0,0,0,0,0,0,0,0,0,0,0,0,0,0,0,0
Tomato_Big,vegetable,2082,11,8,falgun,0,60.0,70.0,65.0,kg,kg,False,0.0,True,0,0,,7,False,0,0,0,0,0,0,0,0,0,0,0,0,0,0,0,0,0,0,0,0,0,0,0,0,0,0,0,0,0,0,0,0,0,0,0
Tomato_Big,vegetable,2082,12,9,chaitra,0,60.0,100.0,75.68,kg,kg,False,0.0,True,0,0,,7,False,0,0,0,0,0,0,0,0,0,0,0,0,0,0,0,0,0,0,0,0,0,0,0,0,0,0,0,0,0,0,0,0,0,0,0
Tomato_Big,vegetable,2083,1,10,baishakh,0,60.0,80.0,68.7,kg,kg,False,0.0,True,0,0,,7,False,0,0,0,0,0,0,0,0,0,0,0,0,0,0,0,0,0,0,0,0,0,0,0,0,0,0,0,0,0,0,0,0,0,0,0
Tomato_Small,vegetable,2082,4,1,shrawan,1027751,35.0,65.0,50.82,kg,kg,False,52230305.82,True,1027751,0,0.05748960594540896,10,True,0,0,0,0,0,0,0,68450,0,0,59085,0,822011,0,0,0,21480,0,0,0,0,23240,0,33485,0,0,0,0,0,0,0,0,0,0,0
Tomato_Small,vegetable,2082,5,2,bhadra,677920,34.0,104.0,69.65,kg,kg,False,47217128.0,True,677920,0,0.028218668869483123,10,True,0,0,0,0,0,0,0,22199,540,3380,19130,0,477986,0,0,0,80573,0,0,0,0,22092,0,41570,7230,0,0,0,0,0,0,0,0,3220,0
Tomato_Small,vegetable,2082,6,3,ashwin,0,57.0,113.0,83.18,kg,kg,False,0.0,True,0,0,,10,True,0,0,0,0,0,0,0,0,0,0,0,0,0,0,0,0,0,0,0,0,0,0,0,0,0,0,0,0,0,0,0,0,0,0,0
Tomato_Small,vegetable,2082,7,4,kartik,600823,35.0,96.0,61.97,kg,kg,False,37233001.31,True,600823,0,0.18091850678153135,10,True,0,0,0,0,0,0,0,232862,2230,0,108700,0,28456,0,0,0,97315,0,0,0,0,113740,0,8770,0,0,0,0,0,0,0,0,0,0,8750
Tomato_Small,vegetable,2082,8,5,mangsir,701200,57.0,122.0,91.55,kg,kg,False,64194860.0,True,701200,0,0.287093553907587,10,True,0,0,0,0,0,0,0,217120,3785,2480,201310,0,0,0,0,0,71715,0,0,0,0,177730,21100,0,0,0,0,0,0,0,0,0,0,5960,0
Tomato_Small,vegetable,2082,9,6,poush,972510,70.0,130.0,98.36,kg,kg,False,95656083.6,False,972525,-15,0.49172000719775844,10,True,0,0,0,0,0,0,40265,106665,4790,0,478210,0,15,0,0,0,82860,0,0,0,0,247390,0,3390,0,0,0,0,0,0,0,0,0,8940,0
Tomato_Small,vegetable,2082,10,7,magh,731003,35.0,104.0,54.01,kg,kg,False,39481472.03,True,731003,0,0.356859000578657,10,True,0,0,0,0,0,0,26650,36780,1590,0,260865,0,0,0,0,0,43415,0,0,0,0,361703,0,0,0,0,0,0,0,0,0,0,0,0,0
Tomato_Small,vegetable,2082,11,8,falgun,470206,35.0,78.0,51.14,kg,kg,False,24046334.84,True,470206,0,0.20751542940753628,10,True,0,0,0,0,0,0,16280,8640,520,1140,97575,0,0,0,0,0,63606,0,0,0,0,282445,0,0,0,0,0,0,0,0,0,0,0,0,0
Tomato_Small,vegetable,2082,12,9,chaitra,738431,26.0,130.0,68.5,kg,kg,False,50582523.5,True,738431,0,0.47629365506052695,10,True,0,0,0,0,0,0,15110,22800,0,0,351710,0,0,0,0,0,36245,0,0,0,0,278001,0,0,0,0,0,0,0,0,34565,0,0,0,0
Tomato_Small,vegetable,2083,1,10,baishakh,679300,26.0,117.0,69.39,kg,kg,False,47136627.0,True,679300,0,0.23419696746650964,10,True,0,0,0,0,0,0,35760,44615,2370,0,159090,0,47136,0,0,0,24685,0,0,0,0,268807,72015,0,0,0,0,0,24822,0,0,0,0,0,0
Turnip,vegetable,2082,4,1,shrawan,0,100.0,120.0,110.0,kg,kg,False,0.0,True,0,0,,9,False,0,0,0,0,0,0,0,0,0,0,0,0,0,0,0,0,0,0,0,0,0,0,0,0,0,0,0,0,0,0,0,0,0,0,0
Turnip,vegetable,2082,6,3,ashwin,120,100.0,120.0,110.0,kg,kg,False,13200.0,True,120,0,0.0,9,False,0,0,0,0,0,0,0,0,0,0,0,0,120,0,0,0,0,0,0,0,0,0,0,0,0,0,0,0,0,0,0,0,0,0,0
Turnip,vegetable,2082,7,4,kartik,710,100.0,120.0,110.0,kg,kg,False,78100.0,True,710,0,0.0,9,False,0,0,0,0,0,0,240,0,0,0,0,0,340,0,0,0,130,0,0,0,0,0,0,0,0,0,0,0,0,0,0,0,0,0,0
Turnip,vegetable,2082,8,5,mangsir,130,100.0,120.0,110.0,kg,kg,False,14300.0,True,130,0,0.0,9,False,0,0,0,0,0,0,0,0,0,0,0,0,130,0,0,0,0,0,0,0,0,0,0,0,0,0,0,0,0,0,0,0,0,0,0
Turnip,vegetable,2082,9,6,poush,980,100.0,120.0,110.0,kg,kg,False,107800.0,True,980,0,0.0,9,False,0,0,0,0,0,0,0,0,0,0,0,0,580,0,0,0,190,0,0,0,0,210,0,0,0,0,0,0,0,0,0,0,0,0,0
Turnip,vegetable,2082,10,7,magh,536,100.0,120.0,110.0,kg,kg,False,58960.0,True,536,0,0.0,9,False,0,0,0,0,0,0,0,0,0,0,0,0,185,0,0,0,351,0,0,0,0,0,0,0,0,0,0,0,0,0,0,0,0,0,0
Turnip,vegetable,2082,11,8,falgun,345,100.0,120.0,110.0,kg,kg,False,37950.0,True,345,0,0.0,9,False,0,0,0,0,0,0,0,0,0,0,0,0,295,0,0,0,50,0,0,0,0,0,0,0,0,0,0,0,0,0,0,0,0,0,0
Turnip,vegetable,2082,12,9,chaitra,25,100.0,120.0,110.0,kg,kg,False,2750.0,True,25,0,0.0,9,False,0,0,0,0,0,0,0,0,0,0,0,0,25,0,0,0,0,0,0,0,0,0,0,0,0,0,0,0,0,0,0,0,0,0,0
Turnip,vegetable,2083,1,10,baishakh,0,100.0,120.0,110.0,kg,kg,False,0.0,True,0,0,,9,False,0,0,0,0,0,0,0,0,0,0,0,0,0,0,0,0,0,0,0,0,0,0,0,0,0,0,0,0,0,0,0,0,0,0,0
Walnut,fruit,2082,6,3,ashwin,1660,,,450.0,kg,kg,False,747000.0,True,1660,0,1.0,1,False,0,0,0,0,0,1660,0,0,0,0,0,0,0,0,0,0,0,0,0,0,0,0,0,0,0,0,0,0,0,0,0,0,0,0,0
Watermelon,fruit,2082,4,1,shrawan,394825,60.0,80.0,73.0,kg,kg,False,28822225.0,True,394825,0,1.0,10,True,0,0,0,0,0,0,0,0,0,0,394825,0,0,0,0,0,0,0,0,0,0,0,0,0,0,0,0,0,0,0,0,0,0,0,0
Watermelon,fruit,2082,5,2,bhadra,85305,30.0,80.0,58.47,kg,kg,False,4987783.35,True,85305,0,1.0,10,True,0,0,0,0,0,0,0,0,0,0,85305,0,0,0,0,0,0,0,0,0,0,0,0,0,0,0,0,0,0,0,0,0,0,0,0
Watermelon,fruit,2082,6,3,ashwin,65720,70.0,80.0,75.0,kg,kg,False,4929000.0,True,65720,0,1.0,10,True,0,0,0,0,0,0,0,0,0,0,65720,0,0,0,0,0,0,0,0,0,0,0,0,0,0,0,0,0,0,0,0,0,0,0,0
Watermelon,fruit,2082,7,4,kartik,61420,60.0,80.0,72.37,kg,kg,False,4444965.4,True,61420,0,1.0,10,True,0,0,0,0,0,0,0,0,0,0,61420,0,0,0,0,0,0,0,0,0,0,0,0,0,0,0,0,0,0,0,0,0,0,0,0
Watermelon,fruit,2082,8,5,mangsir,116630,60.0,80.0,67.11,kg,kg,False,7827039.3,True,116630,0,1.0,10,True,0,0,0,0,0,0,0,0,0,0,116630,0,0,0,0,0,0,0,0,0,0,0,0,0,0,0,0,0,0,0,0,0,0,0,0
Watermelon,fruit,2082,9,6,poush,138690,70.0,80.0,75.0,kg,kg,False,10401750.0,True,138690,0,1.0,10,True,0,0,0,0,0,0,0,0,0,0,138690,0,0,0,0,0,0,0,0,0,0,0,0,0,0,0,0,0,0,0,0,0,0,0,0
Watermelon,fruit,2082,10,7,magh,106775,70.0,80.0,75.0,kg,kg,False,8008125.0,True,106775,0,1.0,10,True,0,0,0,0,0,0,0,0,0,0,106775,0,0,0,0,0,0,0,0,0,0,0,0,0,0,0,0,0,0,0,0,0,0,0,0
Watermelon,fruit,2082,11,8,falgun,185185,70.0,80.0,75.0,kg,kg,False,13888875.0,True,185185,0,1.0,10,True,0,0,0,0,0,0,0,0,0,0,185185,0,0,0,0,0,0,0,0,0,0,0,0,0,0,0,0,0,0,0,0,0,0,0,0
Watermelon,fruit,2082,12,9,chaitra,570310,40.0,80.0,53.18,kg,kg,False,30329085.8,True,570310,0,1.0,10,True,0,0,0,0,0,0,0,0,0,0,570310,0,0,0,0,0,0,0,0,0,0,0,0,0,0,0,0,0,0,0,0,0,0,0,0
Watermelon,fruit,2083,1,10,baishakh,1757370,35.0,50.0,41.63,kg,kg,False,73159313.1,True,1757370,0,0.7257435827401173,10,True,0,0,0,0,0,0,0,0,0,0,1275400,0,0,0,0,0,1005,0,0,0,0,320,44315,0,0,0,0,0,0,0,0,0,436330,0,0
Yam,vegetable,2082,6,3,ashwin,5760,,,121.5,kg,kg,False,699840.0,True,5760,0,0.0,8,False,0,0,0,0,0,0,0,610,0,0,0,0,0,0,0,0,4190,0,0,0,0,960,0,0,0,0,0,0,0,0,0,0,0,0,0
Yam,vegetable,2082,7,4,kartik,26007,,,120.5,kg,kg,False,3133843.5,True,26007,0,0.0,8,False,0,0,0,0,0,0,0,1280,1350,0,0,0,0,0,0,0,18685,0,0,0,0,4582,0,0,0,0,0,0,0,0,0,0,0,0,110
Yam,vegetable,2082,8,5,mangsir,61695,,,135.0,kg,kg,False,8328825.0,True,61695,0,0.0,8,False,0,0,0,0,0,0,0,3720,2680,470,0,0,0,0,0,0,31320,0,0,0,0,15135,7160,0,0,0,0,0,0,0,640,0,0,0,570
Yam,vegetable,2082,9,6,poush,271255,,,115.66,kg,kg,False,31373353.3,True,271255,0,0.0626347901421172,8,False,0,0,0,0,0,0,2260,19390,30925,12665,16990,0,0,0,0,0,48595,0,0,0,0,50280,26390,0,0,0,0,0,0,0,50190,0,3540,0,10030
Yam,vegetable,2082,10,7,magh,36650,,,115.0,kg,kg,False,4214750.0,True,36650,0,0.09140518417462483,8,False,0,0,0,0,0,0,0,0,2560,0,3350,0,0,0,0,0,27910,0,0,0,0,2510,0,0,0,0,0,0,0,0,0,0,0,0,320
Yam,vegetable,2082,11,8,falgun,18820,,,145.0,kg,kg,False,2728900.0,True,18820,0,0.0,8,False,0,0,0,0,0,0,0,0,2250,0,0,0,0,0,0,0,14230,0,0,0,0,2340,0,0,0,0,0,0,0,0,0,0,0,0,0
Yam,vegetable,2082,12,9,chaitra,28310,100.0,120.0,110.0,kg,kg,False,3114100.0,True,28310,0,0.0,8,False,0,0,0,0,0,0,0,0,880,0,0,0,0,0,0,0,20620,0,0,0,0,3940,0,0,0,0,0,0,0,0,0,0,0,0,2870
Yam,vegetable,2083,1,10,baishakh,1625,100.0,120.0,110.0,kg,kg,False,178750.0,True,1625,0,0.0,8,False,0,0,0,0,0,0,0,0,0,0,0,0,0,0,0,0,1625,0,0,0,0,0,0,0,0,0,0,0,0,0,0,0,0,0,0
